mpid	formula	natom	sg	category	lda	gap	adopt	di	flag	mp_pbe	ehull	icsd	old1	old2	host	version	dbnote	others
mp-1056418	Sr	1	P6/mmm (191)	INVALID_STRUCTURE	0.4365	1.6717	R	I	vs2025	0.3719	1.3997	True	0.0400	0.6500		989a18637 (fp32, t_tetrakbt +300)		
mp-23231	AgBr	2	Fm-3m (225)	GOOD	0.5288	2.4392	N	I		0.7304	0.0000	True	2.3600	2.8400	kr7	b695fa65c (tf32, t_tetrakbt -300)		M=2.4390
mp-22922	AgCl	2	Fm-3m (225)	GOOD	0.7519	2.9231	N	I		0.9522	0.0000	True	2.8000	3.3500	kr7	b695fa65c (tf32, t_tetrakbt -300)		M=2.9160
mp-22919	AgI	2	Fm-3m (225)	GOOD	0.5478	2.1029	N	I	differs	0.7684	0.0950	True	2.0800	2.4500	kr7	b695fa65c (tf32, t_tetrakbt -300)		M=1.9570
mp-22925	AgI	2	F-43m (216)	GOOD	1.1284	3.0061	N	D		1.3674	0.0024	True	2.9200	3.4100	kr7	b695fa65c (tf32, t_tetrakbt -300)		M=3.0130
mp-2172	AlAs	2	F-43m (216)	GOOD	1.3568	2.2125	N	I		1.5007	0.0000	True	2.2900	2.4400	kr7	b695fa65c (tf32, t_tetrakbt -300)		M=2.2160
mp-1330	AlN	2	Fm-3m (225)	GOOD	4.3075	6.3701	N	I		4.4245	0.1720	True	6.6200	6.9000	kr7	b695fa65c (tf32, t_tetrakbt -300)		M=6.3870
mp-1550	AlP	2	F-43m (216)	GOOD	1.4611	2.4800	N	I		1.6293	0.0000	True	2.5800	2.7300	kr7	b695fa65c (tf32, t_tetrakbt -300)		M=2.4900
mp-2624	AlSb	2	F-43m (216)	GOOD	1.1934	1.8926	N	I		1.2262	0.0000	True	1.9400	2.0500	kr7	b695fa65c (tf32, t_tetrakbt -300)		M=1.8880
mp-10044	BAs	2	F-43m (216)	GOOD	1.1727	1.8638	N	I		1.2015	0.0804	True	1.9200	1.9900	kr7	b695fa65c (tf32, t_tetrakbt -300)		M=1.8670
mp-1639	BN	2	F-43m (216)	GOOD	4.3880	6.3444	N	I	differs	4.4513	0.0774	True	6.5200	6.7800	kr7	b695fa65c (tf32, t_tetrakbt -300)		M=6.2500
mp-685145	BN	2	Fmm2 (42)	GOOD	3.5934	5.9555	N	I	differs	3.7682	0.0013	True	6.0800	6.4700	kr7	b695fa65c (tf32, t_tetrakbt -300)		M=5.8710
mp-1479	BP	2	F-43m (216)	GOOD	1.2230	2.0540	N	I		1.2436	0.0000	True	2.1000	2.1800	kr7	b695fa65c (tf32, t_tetrakbt -300)		M=2.0630
mp-1342	BaO	2	Fm-3m (225)	FAILED_MAY	1.9922	4.1883	R	D		2.0906	0.0000	True	4.1700	4.6100		989a18637 (fp32, t_tetrakbt +300)		
mp-1500	BaS	2	Fm-3m (225)	FAILED_MAY	2.0523	3.9202	R	I		2.1513	0.0000	True	3.9400	4.3200		989a18637 (fp32, t_tetrakbt +300)		
mp-10680	BaSe	2	Pm-3m (221)	GOOD	1.1841	2.6888	N	I	differs	1.2126	0.2013	True	2.7100	3.0400	kr7	b695fa65c (tf32, t_tetrakbt -300)		M=2.7510
mp-1253	BaSe	2	Fm-3m (225)	FAILED_MAY	1.8721	3.5734	R	I		1.9488	0.0000	True	3.5800	3.9600		989a18637 (fp32, t_tetrakbt +300)		
mp-1000	BaTe	2	Fm-3m (225)	GOOD	1.5464	2.9637	N	I		1.5921	0.0000	True	2.9700	3.2800	kr7	b695fa65c (tf32, t_tetrakbt -300)		M=2.9330
mp-2600	BaTe	2	Pm-3m (221)	FAILED_MAY	0.7665	1.9476	R	I		0.7769	0.1651	True	1.9600	2.2200		989a18637 (fp32, t_tetrakbt +300)		
mp-1794	BeO	2	Fm-3m (225)	GOOD	8.1897	11.0979	N	I	CHECK	8.1681	0.4815	True	11.2400	11.6900	kr7	b695fa65c (tf32, t_tetrakbt -300)		M=11.3690
mp-422	BeS	2	F-43m (216)	GOOD	2.9347	4.6359	N	I	differs	3.1433	0.0000	True	4.8100	5.0500	kr7	b695fa65c (tf32, t_tetrakbt -300)		M=4.5800
mp-1541	BeSe	2	F-43m (216)	GOOD	2.5123	3.9343	N	I		2.6701	0.0000	True	4.0900	4.2900	kr7	b695fa65c (tf32, t_tetrakbt -300)		M=3.9350
mp-252	BeTe	2	F-43m (216)	GOOD	1.9259	2.8585	N	I		2.0172	0.0000	True	2.9600	3.0900	kr7	b695fa65c (tf32, t_tetrakbt -300)		M=2.8810
mp-169	C2	2	R-3m (166)	NOTCONV_MAY	1.6639	2.5190	R		path-metal LDA≠PBE vs2025	0.1981	0.0008	True	0.3500	0.3500		989a18637 (fp32, t_tetrakbt +300)	graphite-like: the bands cross E_F at K, which the 8x8x8 mesh misses; a semimetal, the gap on the mesh is not physical	
mp-66	C2	2	Fd-3m (227)	GOOD	4.1726	5.7984	N	I		4.1144	0.1123	True	5.8700	6.0200	kr7	b695fa65c (tf32, t_tetrakbt -300)		M=5.8080
mp-2605	CaO	2	Fm-3m (225)	NOTCONV_MAY	3.5181	6.6015	N	I		3.6363	0.0000	True	6.6900	7.3300	kt1	989a18637 (tf32, t_tetrakbt -300)		R=6.6014
mp-1672	CaS	2	Fm-3m (225)	GOOD	2.1768	4.3403	N	I		2.3766	0.0000	True	4.4100	4.8300	kr7	b695fa65c (tf32, t_tetrakbt -300)		M=4.3850
mp-1415	CaSe	2	Fm-3m (225)	FAILED_MAY	1.9161	3.8481	R	I		2.0764	0.0000	True	3.9400	4.2900		989a18637 (fp32, t_tetrakbt +300)		
mp-1519	CaTe	2	Fm-3m (225)	FAILED_MAY	1.4520	2.9634	R	I		1.5527	0.0000	True	3.0600	3.3100		989a18637 (fp32, t_tetrakbt +300)		
mp-2469	CdS	2	F-43m (216)	GOOD	0.8229	2.3347	N	D		1.0453	0.0027	True	2.2200	2.6800	kr7	b695fa65c (tf32, t_tetrakbt -300)		M=2.3360
mp-370	CdS	2	Fm-3m (225)	GOOD	0.4826	1.3048	N	I		0.2793	0.1334	True	0.9900	1.6200	kr7	b695fa65c (tf32, t_tetrakbt -300)		M=1.3290
mp-2691	CdSe	2	F-43m (216)	GOOD	0.2879	1.7253	N	D		0.5095	0.0006	True	1.5300	2.0600	kr7	b695fa65c (tf32, t_tetrakbt -300)		M=1.7360
mp-406	CdTe	2	F-43m (216)	GOOD	0.4051	1.6737	N	D		0.5867	0.0000	True	1.6000	1.9800	kr7	b695fa65c (tf32, t_tetrakbt -300)		M=1.6640
mp-2667	CsAu	2	Pm-3m (221)	FAILED_MAY	0.9280	2.3664	R	I		1.0233	0.0000	True	2.4900	2.7200		989a18637 (fp32, t_tetrakbt +300)		
mp-22906	CsBr	2	Pm-3m (221)	FAILED_MAY	4.2650	6.9711	R	D		4.2433	0.0000	True	7.1300	7.6400		989a18637 (fp32, t_tetrakbt +300)		
mp-571222	CsBr	2	Fm-3m (225)	FAILED_MAY	4.1044	7.0498	R	D		4.2575	0.0051	True	7.2500	7.8300		989a18637 (fp32, t_tetrakbt +300)		
mp-22865	CsCl	2	Pm-3m (221)	FAILED_MAY	5.0411	7.9775	R	D		4.9884	0.0000	True	8.1400	8.7100		989a18637 (fp32, t_tetrakbt +300)		
mp-573697	CsCl	2	Fm-3m (225)	FAILED_MAY	4.6308	7.8126	R	I		4.8482	0.0071	True	8.0000	8.6000		989a18637 (fp32, t_tetrakbt +300)		
mp-1784	CsF	2	Fm-3m (225)	FAILED_MAY	5.2453	8.8718	R	I		5.2626	0.0000	True	8.9300	9.7300		989a18637 (fp32, t_tetrakbt +300)		
mp-8455	CsF	2	Pm-3m (221)	FAILED_MAY	6.0063	9.6365	R	D		5.9380	0.1088	True	9.7200	10.5400		989a18637 (fp32, t_tetrakbt +300)		
mp-1057286	CsH	2	Fm-3m (225)	GOOD	1.9565	4.6667	N	D	differs	2.3476	0.0000	True	4.5500	5.2300	kr7	b695fa65c (tf32, t_tetrakbt -300)		M=4.5960
mp-632319	CsH	2	Pm-3m (221)	FAILED_MAY	2.3024	4.7018	R	I		2.5693	0.0161	True	4.6600	5.2600		989a18637 (fp32, t_tetrakbt +300)		
mp-1056920	CsI	2	Pm-3m (221)	GOOD	3.4042	5.8361	N	I	differs	3.6770	0.0325	True	5.9900	6.4500	kr7	b695fa65c (tf32, t_tetrakbt -300)		M=5.7480
mp-614603	CsI	2	Fm-3m (225)	FAILED_MAY	3.5953	6.3070	R	D		3.8556	0.0000	True	6.4900	6.9900		989a18637 (fp32, t_tetrakbt +300)		
mp-22913	CuBr	2	F-43m (216)	DRIFT_GOOD	0.4387	2.4335	N	D		0.4871	0.0000	True	2.0800	2.8300	kt1	989a18637 (tf32, t_tetrakbt -300)		M=2.4100
mp-570354	CuBr	2	Fm-3m (225)	GOOD	0.1550	1.9334	N	I		0.2019	0.1805	True	1.6800	2.2200	kr7	b695fa65c (tf32, t_tetrakbt -300)		M=1.9250
mp-22914	CuCl	2	F-43m (216)	GOOD	0.5751	2.7041	N	D		0.5646	0.0023	True	2.3900	3.1100	kr7	b695fa65c (tf32, t_tetrakbt -300)		M=2.7270
mp-571386	CuCl	2	Fm-3m (225)	GOOD	0.3566	2.3046	N	I		0.3261	0.1781	True	1.9000	2.5800	kr7	b695fa65c (tf32, t_tetrakbt -300)		M=2.3240
mp-22895	CuI	2	F-43m (216)	GOOD	1.1090	2.8047	N	D	differs	1.1763	0.0071	True	2.7000	3.1100	kr7	b695fa65c (tf32, t_tetrakbt -300)		M=2.8570
mp-2534	GaAs	2	F-43m (216)	GOOD	0.0000	1.0525	N	D		0.1839	0.0000	True	1.0300	1.3300	kr7	b695fa65c (tf32, t_tetrakbt -300)		M=1.0440
mp-2853	GaN	2	Fm-3m (225)	GOOD	0.2195	1.5313	N	I		0.4207	0.4790	True	1.6000	1.8000	kr7	b695fa65c (tf32, t_tetrakbt -300)		M=1.5070
mp-2490	GaP	2	F-43m (216)	GOOD	1.4960	2.2860	N	I		1.5917	0.0000	True	2.3300	2.4700	kr7	b695fa65c (tf32, t_tetrakbt -300)		M=2.2910
mp-10759	GeSe	2	Fm-3m (225)	GOOD	0.1316	0.1953	N	I		0.0153	0.0612	True	0.0900	0.1000	kr7	b695fa65c (tf32, t_tetrakbt -300)		M=0.1950
mp-2612	GeTe	2	Fm-3m (225)	GOOD	0.4105	0.4368	N	D		0.3492	0.0203	True	0.4500	0.4400	kr7	b695fa65c (tf32, t_tetrakbt -300)		M=0.4410
mp-938	GeTe	2	R3m (160)	GOOD	0.5443	0.6732	N	I		0.5649	0.0000	True	0.9200	0.9100	kr7	b695fa65c (tf32, t_tetrakbt -300)		M=0.6620
mp-632291	H2	2	I4/mmm (139)	GOOD	8.3106	14.6757	N	I	vs2025	8.8499	0.0030	True	8.2900	8.2900	kr7	b695fa65c (tf32, t_tetrakbt -300)	2025 values equal to LDA (the 2025 QSGW of H2 had not run)	M=14.6320
mp-20351	InP	2	F-43m (216)	GOOD	0.3653	1.2286	N	D		0.4664	0.0000	True	1.2300	1.4400	kr7	b695fa65c (tf32, t_tetrakbt -300)		M=1.2300
mp-23251	KBr	2	Fm-3m (225)	FAILED_MAY	4.2674	7.2775	R	D		4.3207	0.0000	True	7.4200	8.0300		989a18637 (fp32, t_tetrakbt +300)		
mp-570891	KBr	2	Pm-3m (221)	FAILED_MAY	3.7427	6.5172	R	I		3.8779	0.0731	True	6.6200	7.2100		989a18637 (fp32, t_tetrakbt +300)		
mp-23193	KCl	2	Fm-3m (225)	GOOD	4.9598	8.3072	N	D	differs	5.0448	0.0000	True	8.4700	9.1400	kr7	b695fa65c (tf32, t_tetrakbt -300)		M=8.1910
mp-23289	KCl	2	Pm-3m (221)	GOOD	4.6603	7.7847	N	I		4.8003	0.0776	True	7.9100	8.5800	kr7	b695fa65c (tf32, t_tetrakbt -300)		M=7.7630
mp-463	KF	2	Fm-3m (225)	GOOD	6.1115	10.4949	N	D		5.9494	0.0000	True	10.5300	11.5700	kr7	b695fa65c (tf32, t_tetrakbt -300)		M=10.5160
mp-8454	KF	2	Pm-3m (221)	GOOD	6.3129	10.5786	N	I		6.2747	0.1030	True	10.4800	11.5600	kr7	b695fa65c (tf32, t_tetrakbt -300)		M=10.5440
mp-24084	KH	2	Fm-3m (225)	GOOD	3.0675	6.3826	N	D	differs	3.4349	0.0000	True	6.3000	7.1300	kr7	b695fa65c (tf32, t_tetrakbt -300)		M=6.3250
mp-22898	KI	2	Fm-3m (225)	FAILED_MAY	3.6734	6.3362	R	D		3.8513	0.0000	True	6.4700	7.0200		989a18637 (fp32, t_tetrakbt +300)		
mp-22901	KI	2	Pm-3m (221)	FAILED_MAY	3.0812	5.4337	R	I		3.2404	0.0603	True	5.5200	6.0200		989a18637 (fp32, t_tetrakbt +300)		
mp-23259	LiBr	2	Fm-3m (225)	GOOD	5.0697	7.6616	N	D	differs	4.9234	0.0099	True	7.8400	8.3100	kr7	b695fa65c (tf32, t_tetrakbt -300)		M=7.5950
mp-22905	LiCl	2	Fm-3m (225)	DRIFT_GOOD	6.4146	9.4256	N	D		6.2500	0.0243	True	9.5900	10.1300	kt1	989a18637 (tf32, t_tetrakbt -300)		M=9.3840
mp-1138	LiF	2	Fm-3m (225)	GOOD	8.7915	13.6764	N	D	differs	8.7161	0.0000	True	13.9900	14.8500	kr7	b695fa65c (tf32, t_tetrakbt -300)		M=13.4830
mp-23703	LiH	2	Fm-3m (225)	GOOD	2.6257	5.5512	N	D	vs2025	2.9810	0.0000	True	2.6300	2.6300	kr7	b695fa65c (tf32, t_tetrakbt -300)	2025 values equal to LDA (the 2025 QSGW of LiH had not run)	M=5.5460
mp-22899	LiI	2	Fm-3m (225)	GOOD	4.2942	6.2417	N	I		4.2306	0.0287	True	6.4000	6.7100	kr7	b695fa65c (tf32, t_tetrakbt -300)		M=6.2180
mp-1009129	MgO	2	P-6m2 (187)	GOOD	3.0397	5.8869	N	I	CHECK	3.0483	0.3375	True	5.8500	6.4300	kr7	b695fa65c (tf32, t_tetrakbt -300)		M=6.1220
mp-1265	MgO	2	Fm-3m (225)	GOOD	4.8916	8.1828	N	D	differs	4.4292	0.0000	True	8.2900	8.8900	kr7	b695fa65c (tf32, t_tetrakbt -300)	May 8.33 vs 8.18 eV: traced to the old all-TF32 --mp of the May production (README, reliability of M)	M=8.3260
mp-1315	MgS	2	Fm-3m (225)	GOOD	2.5675	4.5243	N	I		2.7574	0.0000	True	4.6700	4.9800	kr7	b695fa65c (tf32, t_tetrakbt -300)		M=4.5160
mp-10760	MgSe	2	Fm-3m (225)	GOOD	1.6527	3.2345	N	I		1.7609	0.0101	True	3.3600	3.6200	kr7	b695fa65c (tf32, t_tetrakbt -300)		M=3.2550
mp-22916	NaBr	2	Fm-3m (225)	GOOD	4.1093	7.0408	N	D		4.0895	0.0000	True	7.2000	7.7500	kr7	b695fa65c (tf32, t_tetrakbt -300)		M=7.0770
mp-22851	NaCl	2	Pm-3m (221)	GOOD	3.8849	6.9487	N	I	differs	3.9793	0.1544	True	7.0800	7.6900	kr7	b695fa65c (tf32, t_tetrakbt -300)		M=6.7900
mp-22862	NaCl	2	Fm-3m (225)	GOOD	5.0218	8.4156	N	D	differs	5.0037	0.0000	True	8.5700	9.2400	kr7	b695fa65c (tf32, t_tetrakbt -300)		M=8.3460
mp-682	NaF	2	Fm-3m (225)	NOTCONV_MAY	6.4281	11.4842	R	D		6.0951	0.0000	True	11.7200	12.7000		989a18637 (fp32, t_tetrakbt +300)		
mp-23870	NaH	2	Fm-3m (225)	DRIFT_GOOD	3.4695	6.7177	N	I		3.7652	0.0000	True	6.4200	7.3000	kt1	989a18637 (tf32, t_tetrakbt -300)		M=6.7320
mp-23268	NaI	2	Fm-3m (225)	GOOD	3.5083	5.9464	N	D		3.5687	0.0000	True	6.0700	6.5300	kr7	b695fa65c (tf32, t_tetrakbt -300)		M=5.9080
mp-21276	PbS	2	Fm-3m (225)	GOOD	0.3335	0.7473	N	D		0.4671	0.0000	True	0.7300	0.7600	kr7	b695fa65c (tf32, t_tetrakbt -300)		M=0.7520
mp-2201	PbSe	2	Fm-3m (225)	GOOD	0.3026	0.7100	N	D		0.4266	0.0000	True	0.7100	0.8000	kr7	b695fa65c (tf32, t_tetrakbt -300)		M=0.7220
mp-30373	RbAu	2	Pm-3m (221)	FAILED_MAY	0.1676	1.4788	R	I		0.3699	0.0000	True	1.5600	1.7900		989a18637 (fp32, t_tetrakbt +300)		
mp-22867	RbBr	2	Fm-3m (225)	FAILED_MAY	4.0836	7.1034	R	D		4.1920	0.0000	True	7.2800	7.8500		989a18637 (fp32, t_tetrakbt +300)		
mp-23303	RbBr	2	Pm-3m (221)	FAILED_MAY	3.9408	6.7125	R	I		3.9211	0.0316	True	6.9000	7.4100		989a18637 (fp32, t_tetrakbt +300)		
mp-23295	RbCl	2	Fm-3m (225)	FAILED_MAY	4.6792	7.9827	R	D		4.8388	0.0000	True	8.1600	8.7900		989a18637 (fp32, t_tetrakbt +300)		
mp-23299	RbCl	2	Pm-3m (221)	FAILED_MAY	4.8003	7.8855	R	I		4.7794	0.0298	True	8.0800	8.6600		989a18637 (fp32, t_tetrakbt +300)		
mp-2064	RbF	2	Pm-3m (221)	GOOD	6.4986	10.4809	N	D	CHECK	5.9050	0.0516	True	10.4900	11.3900	kr7	b695fa65c (tf32, t_tetrakbt -300)		M=10.2760
mp-24721	RbH	2	Fm-3m (225)	GOOD	2.5273	5.5077	N	D	differs	2.9164	0.0000	True	5.4000	6.1200	kr7	b695fa65c (tf32, t_tetrakbt -300)		M=5.4310
mp-22903	RbI	2	Fm-3m (225)	FAILED_MAY	3.5636	6.2770	R	D		3.7765	0.0000	True	6.4600	6.9900		989a18637 (fp32, t_tetrakbt +300)		
mp-23302	RbI	2	Pm-3m (221)	FAILED_MAY	3.1368	5.5630	R	I		3.3463	0.0297	True	5.7000	6.1600		989a18637 (fp32, t_tetrakbt +300)		
mp-149	Si2	2	Fd-3m (227)	GOOD	0.5310	1.2008	N	I		0.6103	0.0000	True	1.2500	1.3200	kr7	b695fa65c (tf32, t_tetrakbt -300)		M=1.1990
mp-8062	SiC	2	F-43m (216)	GOOD	1.3216	2.3531	N	I		1.3710	0.0002	True	2.4600	2.5700	kr7	b695fa65c (tf32, t_tetrakbt -300)		M=2.3420
mp-10013	SnS	2	F-43m (216)	GOOD	0.0589	0.5446	N	I		0.1654	0.2784	True	0.4300	0.6400	kr7	b695fa65c (tf32, t_tetrakbt -300)		M=0.5490
mp-1876	SnS	2	Fm-3m (225)	GOOD	0.6263	0.7798	N	D	path<mesh(mesh) vs2025	0.0492	0.0916	True	0.0600	0.0800	kr7	b695fa65c (tf32, t_tetrakbt -300)		M=0.7890
mp-2693	SnSe	2	Fm-3m (225)	GOOD	0.5802	0.7942	N	D	path<mesh(mesh) vs2025	0.1655	0.0412	True	0.1100	0.0800	kr7	b695fa65c (tf32, t_tetrakbt -300)		M=0.7890
mp-16364	SnTe	2	F-43m (216)	GOOD	0.0122	0.3054	N	I		0.0774	0.2525	True	0.4000	0.4000	kr7	b695fa65c (tf32, t_tetrakbt -300)		M=0.3040
mp-1883	SnTe	2	Fm-3m (225)	GOOD	0.0040	0.0533	N	D	CHECK	0.0419	0.0000	True	0.0700	0.0600	kr7	b695fa65c (tf32, t_tetrakbt -300)		M=0.3660
mp-2472	SrO	2	Fm-3m (225)	GOOD	3.1821	5.5444	N	I	differs	3.2760	0.0000	True	5.5700	6.0200	kr7	b695fa65c (tf32, t_tetrakbt -300)		M=5.4280
mp-10627	SrS	2	Pm-3m (221)	GOOD	1.6204	3.2803	N	I		1.7896	0.2996	True	3.3400	3.6600	kr7	b695fa65c (tf32, t_tetrakbt -300)		M=3.3260
mp-1087	SrS	2	Fm-3m (225)	FAILED_MAY	2.3036	4.1724	N	I		2.4968	0.0000	True	4.2300	4.6000	kt1	989a18637 (tf32, t_tetrakbt -300)	bands drawn again (job_band had failed without atmpnu)	R=4.1725
mp-2758	SrSe	2	Fm-3m (225)	FAILED_MAY	2.0770	3.7673	N	I		2.2313	0.0000	True	3.8400	4.1600	kt1	989a18637 (tf32, t_tetrakbt -300)		R=3.7675
mp-10653	SrTe	2	Pm-3m (221)	GOOD	0.3454	1.3600	N	D		0.4699	0.2415	True	1.4100	1.6000	kr7	b695fa65c (tf32, t_tetrakbt -300)		M=1.3630
mp-1958	SrTe	2	Fm-3m (225)	FAILED_MAY	1.6545	2.9899	R	I		1.7616	0.0000	True	3.0400	3.3100		989a18637 (fp32, t_tetrakbt +300)		
mp-19717	TePb	2	Fm-3m (225)	GOOD	0.7402	1.0938	N	D		0.8063	0.0000	True	1.1500	1.2000	kr7	b695fa65c (tf32, t_tetrakbt -300)		M=1.1010
mp-22875	TlBr	2	Pm-3m (221)	GOOD	1.8512	3.1688	N	D	differs	1.9861	0.0046	True	3.2100	3.4800	kr7	b695fa65c (tf32, t_tetrakbt -300)		M=3.0660
mp-568560	TlBr	2	Fm-3m (225)	GOOD	2.0603	3.5626	N	D	differs	2.2962	0.0047	True	3.5900	3.8900	kr7	b695fa65c (tf32, t_tetrakbt -300)		M=3.7260
mp-23167	TlCl	2	Pm-3m (221)	GOOD	2.0075	3.4662	N	D		2.1811	0.0013	True	3.5000	3.7900	kr7	b695fa65c (tf32, t_tetrakbt -300)		M=3.4810
mp-569639	TlCl	2	Fm-3m (225)	NOTCONV_MAY	2.2610	3.9418	N	D		2.5369	0.0062	True	3.9800	4.3000	kt1	989a18637 (tf32, t_tetrakbt -300)		R=3.9426
mp-23197	TlI	2	Pm-3m (221)	FAILED_MAY	1.6079	2.7213	R	I		1.8108	0.0208	True	2.7100	2.9200		989a18637 (fp32, t_tetrakbt +300)		
mp-571102	TlI	2	Fm-3m (225)	GOOD	1.9726	3.2629	N	D		2.2076	0.0000	True	3.3100	3.5500	kr7	b695fa65c (tf32, t_tetrakbt -300)		M=3.2520
mp-2114	YN	2	Fm-3m (225)	GOOD	0.1151	0.9884	N	I		0.1421	0.0000	True	0.9200	1.1800	kr7	b695fa65c (tf32, t_tetrakbt -300)		M=0.9970
mp-1986	ZnO	2	F-43m (216)	NOTCONV_MAY	0.6488	3.0374	N	D		0.6311	0.0081	True	2.7000	3.4700	kt1	989a18637 (tf32, t_tetrakbt -300)		R=3.0379
mp-2229	ZnO	2	Fm-3m (225)	GOOD	0.7348	2.7825	N	I		0.7195	0.1473	True	2.6800	3.1200	kr7	b695fa65c (tf32, t_tetrakbt -300)		M=2.7440
mp-10695	ZnS	2	F-43m (216)	GOOD	1.9181	3.6949	N	D		2.0186	0.0001	True	3.7000	4.0700	kr7	b695fa65c (tf32, t_tetrakbt -300)		M=3.6770
mp-1190	ZnSe	2	F-43m (216)	GOOD	1.0598	2.7483	N	D		1.1687	0.0000	True	2.7400	3.1400	kr7	b695fa65c (tf32, t_tetrakbt -300)		M=2.7290
mp-2176	ZnTe	2	F-43m (216)	GOOD	1.0106	2.4489	N	D		1.0782	0.0000	True	2.4900	2.7900	kr7	b695fa65c (tf32, t_tetrakbt -300)		M=2.4340
mp-9519	AgCN	3	R3m (160)	GOOD	3.5923	6.8156	N	I		3.6601	0.3442	True	6.9200	7.4100	kr7	b695fa65c (tf32, t_tetrakbt -300)		M=6.7750
mp-7188	Al2Os	3	I4/mmm (139)	GOOD	0.4057	0.9839	N	I	path<mesh(mesh)	0.2899	0.0000	True	0.8500	0.9300	kr7	b695fa65c (tf32, t_tetrakbt -300)		M=1.0060
mp-29196	AuCN	3	P6mm (183)	GOOD	1.7722	3.8180	N	I	differs	1.8610	0.2506	True	3.8000	4.1900	kr7	b695fa65c (tf32, t_tetrakbt -300)		M=3.8770
mp-1018141	BaC2	3	R-3m (166)	DRIFT_GOOD	1.3251	3.2898	N	I		1.3861	0.2412	True	3.3100	3.7300	kt1	989a18637 (tf32, t_tetrakbt -300)		M=3.2540
mp-1735	BaC2	3	I4/mmm (139)	GOOD	1.5192	3.8636	N	I		1.6220	0.1598	True	3.9700	4.4000	kr7	b695fa65c (tf32, t_tetrakbt -300)		M=3.8720
mp-568662	BaCl2	3	Fm-3m (225)	FAILED_MAY	5.2032	8.0029	N	I		5.4291	0.0000	True	8.0500	8.6600	kr7	b695fa65c (tf32, t_tetrakbt -300)		R=8.0030
mp-1029	BaF2	3	Fm-3m (225)	GOOD	6.5258	10.3650	N	I	CHECK	6.6029	0.0000	True	10.2300	11.1800	kr7	b695fa65c (tf32, t_tetrakbt -300)		M=10.6210
mp-10616	BaLiAs	3	P-6m2 (187)	GOOD	0.4918	1.3890	N	D		0.5928	0.0000	True	1.3400	1.6100	kr7	b695fa65c (tf32, t_tetrakbt -300)		M=1.4020
mp-10615	BaLiP	3	P-6m2 (187)	GOOD	0.5821	1.5104	N	D		0.6982	0.0333	True	1.4400	1.7100	kr7	b695fa65c (tf32, t_tetrakbt -300)		M=1.4900
mp-1006878	BaO2	3	Cmmm (65)	GOOD	2.3127	5.1682	N	I	differs	2.3171	0.1200	True	5.0800	5.7300	kr7	b695fa65c (tf32, t_tetrakbt -300)		M=5.0130
mp-1105	BaO2	3	I4/mmm (139)	NOTCONV_MAY	2.1298	4.9266	N	D		2.2352	0.0000	True	4.9500	5.5300	kr7	b695fa65c (tf32, t_tetrakbt -300)		R=4.9268
mp-1569	Be2C	3	Fm-3m (225)	GOOD	1.1997	2.0939	N	I		1.1643	0.0000	True	2.1900	2.2800	kr7	b695fa65c (tf32, t_tetrakbt -300)		M=2.0950
mp-22965	BiTeI	3	P3m1 (156)	GOOD	1.1872	1.8771	N	I		1.2751	0.1160	True	1.9100	1.9800	kr7	b695fa65c (tf32, t_tetrakbt -300)		M=1.8800
mp-30068	CIN	3	R3m (160)	GOOD	4.3224	7.6069	N	D	differs	4.4204	0.5058	True	7.8900	8.3300	kr7	b695fa65c (tf32, t_tetrakbt -300)		M=7.7100
mp-28240	CSO	3	R3m (160)	GOOD	4.7498	8.5609	N	I	differs	4.9077	0.1054	True	9.0300	9.4000	kr7	b695fa65c (tf32, t_tetrakbt -300)		M=8.4420
mp-2482	CaC2	3	I4/mmm (139)	GOOD	1.2163	3.5155	N	I		1.3408	0.0029	True	3.5300	4.0300	kr7	b695fa65c (tf32, t_tetrakbt -300)		M=3.4680
mp-2741	CaF2	3	Fm-3m (225)	GOOD	6.9294	11.1175	N	I	differs	7.1157	0.0000	True	11.1100	12.1200	kr7	b695fa65c (tf32, t_tetrakbt -300)		M=11.0410
mp-30031	CaI2	3	P-3m1 (164)	FAILED_MAY	3.4708	6.0842	N	I		3.8983	0.0000	True	6.2300	6.6700	kr7	b695fa65c (tf32, t_tetrakbt -300)		R=6.0846
mp-634859	CaO2	3	I4/mmm (139)	GOOD	2.7169	6.3893	N	I	differs	2.7813	0.0000	True	6.3000	7.1100	kr7	b695fa65c (tf32, t_tetrakbt -300)		M=6.2550
mp-568690	CdBr2	3	R-3m (166)	NOTCONV_MAY	2.6015	4.8637	N	I		2.8798	0.0001	True	4.9300	5.4100	kr7	b695fa65c (tf32, t_tetrakbt -300)		R=4.8636
mp-22881	CdCl2	3	R-3m (166)	NOTCONV_MAY	3.2987	5.9938	N	I		3.5244	0.0000	True	6.0200	6.5700	kr7	b695fa65c (tf32, t_tetrakbt -300)		R=5.9944
mp-241	CdF2	3	Fm-3m (225)	GOOD	2.8994	6.4821	N	I	differs	2.8987	0.0000	True	6.2600	7.1700	kr7	b695fa65c (tf32, t_tetrakbt -300)		M=6.4180
mp-567259	CdI2	3	P-3m1 (164)	GOOD	2.1845	3.9698	N	I		2.4003	0.0005	True	4.0400	4.3600	kr7	b695fa65c (tf32, t_tetrakbt -300)		M=3.9860
mp-7988	Cs2O	3	R-3m (166)	FAILED_MAY	0.8318	2.2791	N	I		0.5832	0.0000	True	2.0300	2.4700	kr7	b695fa65c (tf32, t_tetrakbt -300)		R=2.2794
mp-567677	GeI2	3	P-6m2 (187)	GOOD	2.0153	3.0924	N	I	path<mesh(mesh)	1.9650	0.1196	True	3.0700	3.1300	kr7	b695fa65c (tf32, t_tetrakbt -300)		M=3.1150
mp-644272	HCN	3	Imm2 (44)	GOOD	6.4551	11.0539	N	I	differs	6.5771	0.4638	True	11.7400	12.1900	kr7	b695fa65c (tf32, t_tetrakbt -300)		M=11.1080
mp-644385	HCN	3	I4mm (107)	GOOD	6.6795	11.3762	N	I	differs	6.7846	0.4607	True	12.1000	12.5100	kr7	b695fa65c (tf32, t_tetrakbt -300)		M=11.3040
mp-550893	HfO2	3	Fm-3m (225)	GOOD	3.5630	5.7483	N	D	differs	3.8020	0.0836	True	5.8600	6.2600	kr7	b695fa65c (tf32, t_tetrakbt -300)		M=5.6790
mp-985829	HfS2	3	P-3m1 (164)	GOOD	0.9828	2.4548	N	I		1.2325	0.0000	True	2.4100	2.7400	kr7	b695fa65c (tf32, t_tetrakbt -300)		M=2.4710
mp-985831	HfSe2	3	P-3m1 (164)	GOOD	0.3895	1.6182	N	I		0.5549	0.0000	True	1.6000	1.8800	kr7	b695fa65c (tf32, t_tetrakbt -300)		M=1.6040
mp-11869	HfSnPd	3	F-43m (216)	GOOD	0.3966	0.4461	N	I		0.0338	0.0000	True	0.4300	0.4600	kr7	b695fa65c (tf32, t_tetrakbt -300)		M=0.4400
mp-569360	Hg3	3	C2/m (12)	UNKNOWN_MAY		0.0000	N	metal		0.0610	0.0063	True			kt1	989a18637 (tf32, t_tetrakbt -300)		R=0.0000
mp-8177	HgF2	3	Fm-3m (225)	DRIFT_GOOD	0.7936	3.5957	N	I	differs	0.9687	0.0000	True	3.3300	4.0000	kt1	989a18637 (tf32, t_tetrakbt -300)		M=3.6760
mp-2278	HgO2	3	C2/m (12)	NOTCONV_MAY	0.0223	1.7668	N	I		0.1687	0.3817	True	1.4600	2.0300	kr7	b695fa65c (tf32, t_tetrakbt -300)		R=1.7657
mp-971	K2O	3	Fm-3m (225)	GOOD	1.7372	3.9839	N	I	differs	1.7052	0.0000	True	3.6800	4.4600	kr7	b695fa65c (tf32, t_tetrakbt -300)		M=3.8360
mp-1062676	K2Pt	3	Fm-3m (225)	GOOD	1.3210	3.0504	N	I		1.3119	0.0000	True	2.8500	3.3500	kr7	b695fa65c (tf32, t_tetrakbt -300)		M=3.0460
mp-1022	K2S	3	Fm-3m (225)	GOOD	2.1373	4.3460	N	I		2.3215	0.0000	True	4.2800	4.9000	kr7	b695fa65c (tf32, t_tetrakbt -300)		M=4.3440
mp-8426	K2Se	3	Fm-3m (225)	FAILED_MAY	1.9525	4.1130	N	I		2.0925	0.0000	True	4.0600	4.6200	kr7	b695fa65c (tf32, t_tetrakbt -300)		R=4.1128
mp-1747	K2Te	3	Fm-3m (225)	FAILED_MAY	1.9535	3.9302	N	I		2.1372	0.0000	True	3.9000	4.3400	kr7	b695fa65c (tf32, t_tetrakbt -300)		R=3.9303
mp-20134	KCN	3	Cm (8)	GOOD	4.8108	8.7468	N	I	differs	5.0425	0.1691	True	9.0400	9.7100	kr7	b695fa65c (tf32, t_tetrakbt -300)		M=8.6860
mp-15687	KZnAs	3	P-6m2 (187)	FAILED_MAY	0.1399	1.3033	N	I		0.1991	0.0091	True	1.1600	1.5000	kr7	b695fa65c (tf32, t_tetrakbt -300)		R=1.3036
mp-10161	KZnSb	3	P-6m2 (187)	GOOD	0.2810	1.3948	N	I		0.3446	0.0122	True	1.3200	1.5700	kr7	b695fa65c (tf32, t_tetrakbt -300)		M=1.3960
mp-1960	Li2O	3	Fm-3m (225)	GOOD	4.8026	7.9657	N	I	differs	4.8986	0.0000	True	7.9700	8.6300	kr7	b695fa65c (tf32, t_tetrakbt -300)		M=8.0760
mp-1153	Li2S	3	Fm-3m (225)	GOOD	3.1778	5.2859	N	I		3.3862	0.0000	True	5.4100	5.8000	kr7	b695fa65c (tf32, t_tetrakbt -300)		M=5.2540
mp-2286	Li2Se	3	Fm-3m (225)	GOOD	2.8086	4.6723	N	I	differs	2.9746	0.0000	True	4.7700	5.1300	kr7	b695fa65c (tf32, t_tetrakbt -300)		M=4.5750
mp-2530	Li2Te	3	Fm-3m (225)	GOOD	2.3871	3.8250	N	I		2.4914	0.0000	True	3.9100	4.1700	kr7	b695fa65c (tf32, t_tetrakbt -300)		M=3.8150
mp-5920	LiAlGe	3	F-43m (216)	GOOD	0.2800	0.4711	N	I		0.0527	0.0000	True			kr7	b695fa65c (tf32, t_tetrakbt -300)		M=0.4750
mp-3161	LiAlSi	3	F-43m (216)	GOOD	0.0256	0.4849	N	I		0.1121	0.0000	True	0.4500	0.6100	kr7	b695fa65c (tf32, t_tetrakbt -300)		M=0.4810
mp-11390	LiGaSi	3	F-43m (216)	GOOD	0.1117	0.5410	N	I		0.1885	0.0746	True	0.5900	0.6500	kr7	b695fa65c (tf32, t_tetrakbt -300)		M=0.5310
mp-12558	LiMgAs	3	F-43m (216)	GOOD	1.2930	2.2853	N	I		1.3738	0.0000	True	2.3400	2.5300	kr7	b695fa65c (tf32, t_tetrakbt -300)		M=2.2860
mp-570213	LiMgBi	3	F-43m (216)	GOOD	0.4291	1.3882	N	D		0.3587	0.0000	True	1.4000	1.5900	kr7	b695fa65c (tf32, t_tetrakbt -300)		M=1.3620
mp-9124	LiZnAs	3	F-43m (216)	GOOD	0.5087	1.6952	N	D		0.5518	0.0000	True	1.6600	1.8600	kr7	b695fa65c (tf32, t_tetrakbt -300)		M=1.6850
mp-7575	LiZnN	3	F-43m (216)	GOOD	0.7493	2.0243	N	D		0.5187	0.0000	True	1.9200	2.2500	kr7	b695fa65c (tf32, t_tetrakbt -300)		M=2.0080
mp-10182	LiZnP	3	F-43m (216)	GOOD	1.1836	1.9329	N	I		1.3386	0.0000	True	1.9600	2.1100	kr7	b695fa65c (tf32, t_tetrakbt -300)		M=1.9310
mp-408	Mg2Ge	3	Fm-3m (225)	GOOD	0.1407	0.6504	N	I		0.1689	0.0000	True	0.7000	0.7800	kr7	b695fa65c (tf32, t_tetrakbt -300)		M=0.6480
mp-1367	Mg2Si	3	Fm-3m (225)	GOOD	0.1625	0.6350	N	I		0.2180	0.0000	True	0.6400	0.7100	kr7	b695fa65c (tf32, t_tetrakbt -300)		M=0.6350
mp-30034	MgBr2	3	P-3m1 (164)	GOOD	4.1229	6.8845	N	D	differs	4.4707	0.0000	True	7.0600	7.5600	kr7	b695fa65c (tf32, t_tetrakbt -300)		M=6.9550
mp-570259	MgCl2	3	P-3m1 (164)	DRIFT_GOOD	5.2563	8.4842	N	D	differs	5.5713	0.0006	True	8.6700	9.2600	kt1	989a18637 (tf32, t_tetrakbt -300)		M=8.3810
mp-23205	MgI2	3	P-3m1 (164)	GOOD	3.4443	5.5550	N	I		3.6124	0.0000	True	5.7100	6.0400	kr7	b695fa65c (tf32, t_tetrakbt -300)		M=5.5310
mp-1434	MoS2	3	R3m (160)	GOOD	1.1754	1.7648	N	I	differs path<mesh(mesh)	1.3839	0.0000	True	1.7200	1.6900	kr7	b695fa65c (tf32, t_tetrakbt -300)		M=1.7120
mp-2352	Na2O	3	Fm-3m (225)	GOOD	2.0716	4.8239	N	D	differs	1.8730	0.0000	True	4.6400	5.4500	kr7	b695fa65c (tf32, t_tetrakbt -300)		M=4.9880
mp-648	Na2S	3	Fm-3m (225)	GOOD	2.3645	4.6800	N	D		2.4395	0.0000	True	4.6500	5.2100	kr7	b695fa65c (tf32, t_tetrakbt -300)		M=4.6880
mp-1266	Na2Se	3	Fm-3m (225)	GOOD	1.9563	4.1338	N	D		2.0153	0.0000	True	4.1200	4.6600	kr7	b695fa65c (tf32, t_tetrakbt -300)		M=4.1700
mp-2784	Na2Te	3	Fm-3m (225)	GOOD	1.9210	3.8085	N	D		2.0287	0.0000	True	3.7900	4.2600	kr7	b695fa65c (tf32, t_tetrakbt -300)		M=3.8090
mp-9437	NbFeSb	3	F-43m (216)	GOOD	0.5106	0.8032	N	I		0.5272	0.0000	True	0.8800	0.8400	kr7	b695fa65c (tf32, t_tetrakbt -300)		M=0.8030
mp-505297	NbSbRu	3	F-43m (216)	FAILED_MAY	0.3110	0.6757	N	I		0.3773	0.0000	True	0.7800	0.7500	kr7	b695fa65c (tf32, t_tetrakbt -300)		R=0.6755
mp-25210	NiO2	3	R-3m (166)	NOTCONV_MAY	0.9168	2.5194	N	I		1.4954	0.1298	True	2.4800	2.8200	kr7	b695fa65c (tf32, t_tetrakbt -300)		R=2.5201
mp-35925	NiO2	3	R-3m (166)	NOTCONV_MAY	1.1844	3.8166	N	I		1.6338	0.1266	True	3.9300	4.0900	kr7	b695fa65c (tf32, t_tetrakbt -300)		R=3.8186
mp-510753	NiO2	3	P-3m1 (164)	GOOD	0.8523	2.3506	N	I	differs	1.3733	0.1334	True	2.1800	2.3300	kr7	b695fa65c (tf32, t_tetrakbt -300)		M=2.4160
mp-315	PbF2	3	Fm-3m (225)	GOOD	4.3828	6.9083	N	I		4.3937	0.0000	True	6.9400	7.4300	kr7	b695fa65c (tf32, t_tetrakbt -300)		M=6.8690
mp-22883	PbI2	3	R-3m (166)	NOTCONV_MAY	2.2344	3.5452	N	D		2.4216	0.0010	True	3.6500	3.8900	kr7	b695fa65c (tf32, t_tetrakbt -300)		R=3.5455
mp-22893	PbI2	3	P-3m1 (164)	GOOD	2.1919	3.4762	N	D		2.3703	0.0016	True	3.5300	3.7600	kr7	b695fa65c (tf32, t_tetrakbt -300)		M=3.4920
mp-617	PtO2	3	P-3m1 (164)	GOOD	1.2861	2.9951	N	I		1.4957	0.0558	True	3.1600	3.4500	kr7	b695fa65c (tf32, t_tetrakbt -300)		M=2.9860
mp-762	PtS2	3	P-3m1 (164)	GOOD	1.0127	1.7847	N	I		1.4395	0.0000	True	1.9600	2.0700	kr7	b695fa65c (tf32, t_tetrakbt -300)		M=1.7860
mp-1115	PtSe2	3	P-3m1 (164)	GOOD	0.3556	0.8671	N	I		0.6107	0.0000	True	1.0300	1.1000	kr7	b695fa65c (tf32, t_tetrakbt -300)		M=0.8660
mp-1394	Rb2O	3	Fm-3m (225)	FAILED_MAY	1.3018	3.3288	N	I		1.3181	0.0032	True	3.0900	3.6600	kr7	b695fa65c (tf32, t_tetrakbt -300)		R=3.3289
mp-8041	Rb2S	3	Fm-3m (225)	FAILED_MAY	1.7510	3.9228	N	I		1.9632	0.0000	True	3.8600	4.4400	kr7	b695fa65c (tf32, t_tetrakbt -300)		R=3.9227
mp-11327	Rb2Se	3	Fm-3m (225)	FAILED_MAY	1.5922	3.6991	N	I		1.7961	0.0000	True	3.6800	4.1400	kr7	b695fa65c (tf32, t_tetrakbt -300)		R=3.6990
mp-441	Rb2Te	3	Fm-3m (225)	FAILED_MAY	1.6600	3.7043	N	I		1.8837	0.0000	True	3.6300	4.0300	kr7	b695fa65c (tf32, t_tetrakbt -300)		R=3.7042
mp-30459	ScNiBi	3	F-43m (216)	GOOD	0.1845	0.3496	N	I		0.1869	0.0000	True	0.3500	0.4000	kr7	b695fa65c (tf32, t_tetrakbt -300)		M=0.3530
mp-3432	ScNiSb	3	F-43m (216)	GOOD	0.2698	0.4995	N	I		0.2679	0.0000	True	0.5200	0.5600	kr7	b695fa65c (tf32, t_tetrakbt -300)		M=0.4960
mp-569779	ScSbPd	3	F-43m (216)	GOOD	0.2770	0.3974	N	I		0.0155	0.0000	True	0.3700	0.4300	kr7	b695fa65c (tf32, t_tetrakbt -300)		M=0.3940
mp-7173	ScSbPt	3	F-43m (216)	GOOD	0.6219	0.8114	N	I		0.6432	0.0000	True	0.7500	0.8300	kr7	b695fa65c (tf32, t_tetrakbt -300)		M=0.8090
mp-2894	ScSnAu	3	F-43m (216)	SUSPECT_GOOD	0.1507	0.1394	N	I		0.1225	0.0000	True	0.1100	0.1500	kt1	989a18637 (tf32, t_tetrakbt -300)		M=0.1460;R=0.1395
mp-14	Se3	3	P3_121 (152)	GOOD	1.1104	2.1405	N	I	path<mesh(mesh)	1.0119	0.0011	True	1.9500	2.2400	kr7	b695fa65c (tf32, t_tetrakbt -300)		M=2.1540
mp-1170	SnS2	3	P-3m1 (164)	GOOD	1.4004	2.6890	N	I		1.5565	0.0000	True	2.7200	2.8800	kr7	b695fa65c (tf32, t_tetrakbt -300)		M=2.7010
mp-665	SnSe2	3	P-3m1 (164)	GOOD	0.5739	1.4987	N	I		0.6878	0.0000	True	1.5500	1.7200	kr7	b695fa65c (tf32, t_tetrakbt -300)		M=1.4840
mp-2630	SrC2	3	I4/mmm (139)	DRIFT_GOOD	1.5537	3.8252	N	I		1.6917	0.0033	True	3.9100	4.3300	kt1	989a18637 (tf32, t_tetrakbt -300)		M=3.8330
mp-23209	SrCl2	3	Fm-3m (225)	FAILED_MAY	5.0038	7.8167	N	I		5.2267	0.0000	True	7.9100	8.4800	kr7	b695fa65c (tf32, t_tetrakbt -300)		R=7.8167
mp-981	SrF2	3	Fm-3m (225)	GOOD	6.7270	10.8173	N	I	differs	6.7537	0.0000	True	10.8600	11.7300	kr7	b695fa65c (tf32, t_tetrakbt -300)		M=10.6380
mp-10614	SrLiP	3	P-6m2 (187)	GOOD	0.7172	1.5989	N	I		0.8099	0.0796	True	1.5800	1.7900	kr7	b695fa65c (tf32, t_tetrakbt -300)		M=1.5830
mp-2697	SrO2	3	I4/mmm (139)	FAILED_MAY	2.7587	5.7595	N	D		2.8949	0.0000	True	5.7300	6.2900	kr7	b695fa65c (tf32, t_tetrakbt -300)		R=5.7588
mp-31454	TaSbRu	3	F-43m (216)	GOOD	0.6014	1.0438	N	I		0.6650	0.0000	True	1.1400	1.1400	kr7	b695fa65c (tf32, t_tetrakbt -300)		M=1.0390
mp-19	Te3	3	P3_121 (152)	GOOD	0.5614	0.9043	N	I	path<mesh(mesh)	0.1845	0.0000	True	0.6900	0.7400	kr7	b695fa65c (tf32, t_tetrakbt -300)		M=0.9060
mp-5967	TiCoSb	3	F-43m (216)	GOOD	1.0725	1.3020	N	I		1.0432	0.0000	True	1.3100	1.3700	kr7	b695fa65c (tf32, t_tetrakbt -300)		M=1.3100
mp-1008680	TiGePt	3	F-43m (216)	GOOD	0.8525	1.2302	N	I		0.8809	0.0000	True	1.2400	1.2800	kr7	b695fa65c (tf32, t_tetrakbt -300)		M=1.2280
mp-924130	TiNiSn	3	F-43m (216)	GOOD	0.4576	0.5893	N	I		0.4504	0.0000	True	0.5900	0.6100	kr7	b695fa65c (tf32, t_tetrakbt -300)		M=0.5890
mp-1062030	TiS2	3	C2/m (12)	INVALID_STRUCTURE	0.0100	2.3210	M	I	vs2025	0.0423	0.0035	True	1.2300	1.9800		2026-04/05 (~/bin2, all-TF32 --mp)		
mp-30847	TiSnPt	3	F-43m (216)	GOOD	0.7652	1.0601	N	I		0.7910	0.0000	True	1.0300	1.0900	kr7	b695fa65c (tf32, t_tetrakbt -300)		M=1.0590
mp-567636	VFeSb	3	F-43m (216)	GOOD	0.2793	0.5744	N	I		0.3508	0.0000	True	0.6800	0.5600	kr7	b695fa65c (tf32, t_tetrakbt -300)		M=0.5680
mp-31455	VSbRu	3	F-43m (216)	GOOD	0.1366	0.4247	N	I		0.2160	0.0246	True	0.4800	0.4200	kr7	b695fa65c (tf32, t_tetrakbt -300)		M=0.4210
mp-9813	WS2	3	R3m (160)	NOTCONV_MAY	1.3141	1.9999	N	I	path<mesh(mesh)	1.5593	0.0009	True	1.9200	1.9100	kr7	b695fa65c (tf32, t_tetrakbt -300)		R=1.9999
mp-28797	YHSe	3	P-6m2 (187)	GOOD	1.3925	2.5143	N	I		1.5072	0.0000	True	2.5600	2.7900	kr7	b695fa65c (tf32, t_tetrakbt -300)		M=2.5100
mp-30460	YNiBi	3	F-43m (216)	GOOD	0.1995	0.4557	N	I		0.2016	0.0000	True	0.4600	0.5400	kr7	b695fa65c (tf32, t_tetrakbt -300)		M=0.4490
mp-11520	YNiSb	3	F-43m (216)	GOOD	0.2884	0.6022	N	I		0.2945	0.0000	True	0.6400	0.6900	kr7	b695fa65c (tf32, t_tetrakbt -300)		M=0.6020
mp-4964	YSbPt	3	F-43m (216)	GOOD	0.0623	0.6144	N	D		0.1098	0.0000	True	0.6300	0.7600	kr7	b695fa65c (tf32, t_tetrakbt -300)		M=0.6170
mp-569960	ZnBr2	3	R-3m (166)	NOTCONV_MAY	3.0485	5.5449	N	I		3.2673	0.0853	True	5.7900	6.2700	kr7	b695fa65c (tf32, t_tetrakbt -300)		R=5.5455
mp-1008601	ZrAg2	3	I4/mmm (139)	GOOD	0.0057	0.0442	N	metal		0.0000	0.0403	True			kr7	b695fa65c (tf32, t_tetrakbt -300)		M=0.0450
mp-23162	ZrCl2	3	R3m (160)	DRIFT_GOOD	0.9714	1.8995	N	I	path<mesh(mesh)	0.8480	0.0000	True	1.8600	1.9100	kt1	989a18637 (tf32, t_tetrakbt -300)		M=1.8820
mp-31451	ZrCoBi	3	F-43m (216)	GOOD	0.9996	1.1546	N	I		0.9774	0.0000	True	1.1900	1.1900	kr7	b695fa65c (tf32, t_tetrakbt -300)		M=1.1530
mp-1565	ZrO2	3	Fm-3m (225)	GOOD	3.2020	5.2976	N	I		3.1240	0.0557	True	5.3100	5.7100	kr7	b695fa65c (tf32, t_tetrakbt -300)		M=5.2990
mp-1186	ZrS2	3	P-3m1 (164)	GOOD	0.9230	2.1781	N	I		1.0418	0.0000	True	2.1400	2.3900	kr7	b695fa65c (tf32, t_tetrakbt -300)		M=2.1710
mp-2076	ZrSe2	3	P-3m1 (164)	GOOD	0.3742	1.3833	N	I		0.3296	0.0000	True	1.3600	1.5700	kr7	b695fa65c (tf32, t_tetrakbt -300)		M=1.3850
mp-22689	ZrSnPd	3	F-43m (216)	GOOD	0.0672	0.2603	N	I		0.1491	0.5318	True	0.2400	0.2700	kr7	b695fa65c (tf32, t_tetrakbt -300)		M=0.2560
mp-570301	Ag2Br2	4	P2_1/m (11)	GOOD	0.5008	2.4188	N	I		0.6990	0.0720	True	2.3200	2.8200	kr7	b695fa65c (tf32, t_tetrakbt -300)		M=2.4390
mp-570687	Ag2Cl2	4	P2_1/m (11)	GOOD	0.6705	2.8165	N	I		0.8720	0.0113	True	2.6800	3.2500	kr7	b695fa65c (tf32, t_tetrakbt -300)		M=2.7700
mp-570858	Ag2Cl2	4	Cmcm (63)	DRIFT_GOOD	0.2964	2.2355	N	I		0.4439	0.0285	True	2.1500	2.6600	kt1	989a18637 (tf32, t_tetrakbt -300)		M=2.2790
mp-22894	Ag2I2	4	P6_3mc (186)	DRIFT_GOOD	1.1597	3.0269	N	D	differs	1.3955	0.0026	True	2.9600	3.4500	kt1	989a18637 (tf32, t_tetrakbt -300)		M=3.0870
mp-567809	Ag2I2	4	P4/nmm (129)	GOOD	1.2892	2.9267	N	D		1.5986	0.0064	True	3.0000	3.3300	kr7	b695fa65c (tf32, t_tetrakbt -300)		M=2.9300
mp-568927	Ag2I2	4	P2_1/m (11)	GOOD	0.6440	2.1570	M	I		0.8611	0.1056	True	2.1600	2.5000		2026-04/05 (~/bin2, all-TF32 --mp)		
mp-29678	AgBiS2	4	R-3m (166)	GOOD	0.4174	0.9559	N	I		0.4913	0.0189	True	0.8900	1.0000	kr7	b695fa65c (tf32, t_tetrakbt -300)		M=0.9720
mp-5770	AgNO2	4	Imm2 (44)	NOTCONV_MAY	1.7016	4.9695	R	I		1.7889	0.0764	True	4.7500	5.4700		989a18637 (fp32, t_tetrakbt +300)		
mp-1018033	AgRhO2	4	R-3m (166)	DRIFT_GOOD	0.5713	1.7706	N	I	CHECK path<mesh(mesh)	0.4945	0.0403	True	1.2600	1.7100	kt1	989a18637 (tf32, t_tetrakbt -300)		M=1.5570
mp-661	Al2N2	4	P6_3mc (186)	GOOD	4.0870	6.0670	M	D		4.0536	0.0000	True	6.0600	6.4300		2026-04/05 (~/bin2, all-TF32 --mp)		
mp-7885	AlAgS2	4	P3m1 (156)	GOOD	1.5207	2.8702	N	I		1.7038	0.0704	True	2.9200	3.1800	kr7	b695fa65c (tf32, t_tetrakbt -300)		M=2.8660
mp-3748	AlCuO2	4	R-3m (166)	GOOD	2.0300	3.3360	M	I		1.8148	0.0004	True	3.6800	3.9300		2026-04/05 (~/bin2, all-TF32 --mp)		
mp-8039	AlF3	4	Pm-3m (221)	NOTCONV_MAY	7.5331	12.8374	R	I		7.4201	0.0094	True	13.2300	14.1500		989a18637 (fp32, t_tetrakbt +300)		
mp-2793	Au2Se2	4	C2/m (12)	GOOD	0.1354	0.6367	N	I	path<mesh(mesh)	0.2628	0.0000	True	0.5800	0.6600	kr7	b695fa65c (tf32, t_tetrakbt -300)		M=0.6270
mp-2653	B2N2	4	P6_3mc (186)	GOOD	5.3845	7.5039	N	I	path<mesh(mesh)	5.1966	0.0947	True	7.3200	7.5700	kr7	b695fa65c (tf32, t_tetrakbt -300)		M=7.4900
mp-7991	B2N2	4	P6_3/mmc (194)	GOOD	3.8030	6.5430	M	I	path<mesh(mesh) vs2025	4.2704	0.0077	True	6.0000	6.3900		2026-04/05 (~/bin2, all-TF32 --mp)		
mp-984	B2N2	4	P6_3/mmc (194)	GOOD	4.3280	6.5430	M	I	path<mesh(mesh) vs2025	4.4828	0.0057	True	6.0800	6.4900		2026-04/05 (~/bin2, all-TF32 --mp)		
mp-1008559	B2P2	4	P6_3mc (186)	GOOD	1.1330	1.9562	N	I	path<mesh(mesh)	1.0759	0.0141	True	1.8200	1.8900	kr7	b695fa65c (tf32, t_tetrakbt -300)		M=1.9640
mp-1018098	Ba2BrN	4	R-3m (166)	NOTCONV_MAY	1.0136	2.3170	R	D		1.1389	0.0461	True	2.3100	2.5700		989a18637 (fp32, t_tetrakbt +300)		
mp-1018099	Ba2NCl	4	R-3m (166)	GOOD	0.9630	2.3585	N	D	differs	1.1080	0.0157	True	2.3700	2.6300	kr7	b695fa65c (tf32, t_tetrakbt -300)		M=2.2210
mp-1018096	Ba2NF	4	R-3m (166)	GOOD	0.9065	2.3588	N	D	CHECK	1.0847	0.1006	True	2.3500	2.6000	kr7	b695fa65c (tf32, t_tetrakbt -300)		M=2.1120
mp-1008500	Ba2O2	4	P6_3/mmc (194)	GOOD	2.4012	4.3356	N	I	differs	2.3620	0.0189	True	4.2700	4.7400	kr7	b695fa65c (tf32, t_tetrakbt -300)		M=4.2820
mp-7487	Ba2O2	4	P4/nmm (129)	GOOD	2.6285	4.2702	N	I		2.7678	0.1317	True	4.2100	4.6500	kr7	b695fa65c (tf32, t_tetrakbt -300)		M=4.2460
mp-27869	Ba2PCl	4	R-3m (166)	GOOD	1.0640	2.4240	M	D	N:FAIL(1)	1.2602	0.0000	True	2.3600	2.6400		2026-04/05 (~/bin2, all-TF32 --mp)		
mp-1008505	Ba2Pd2	4	Cmcm (63)	GOOD	0.1235	0.2977	N		path-metal	0.0000	0.0056	True			kr7	b695fa65c (tf32, t_tetrakbt -300)	the bands cross E_F on the path while the mesh gives 0.29 eV	M=0.2930
mp-1207108	BaAlGeH	4	P3m1 (156)	FAILED_MAY	0.7732	1.3647	N	I		0.7493	0.0000	True	1.3500	1.4900	kr7	b695fa65c (tf32, t_tetrakbt -300)		R=1.3647
mp-571093	BaAlSiH	4	P3m1 (156)	GOOD	0.6856	1.3327	N	I		0.7093	0.0000	True	1.2800	1.4100	kr7	b695fa65c (tf32, t_tetrakbt -300)		M=1.3390
mp-1018095	BaGaGeH	4	P3m1 (156)	GOOD	0.0680	0.6870	M	D		0.0299	0.0000	True	0.6700	0.8600		2026-04/05 (~/bin2, all-TF32 --mp)		
mp-1018094	BaGaSnH	4	P3m1 (156)	GOOD	0.0000	0.6599	N	D	differs	0.0522	0.0000	True	0.6600	0.8300	kr7	b695fa65c (tf32, t_tetrakbt -300)		M=0.5680
mp-3915	BaHgO2	4	R-3m (166)	NOTCONV_MAY	2.2440	4.6233	R	I		2.2891	0.0000	True	4.6600	5.0800		989a18637 (fp32, t_tetrakbt +300)		
mp-2542	Be2O2	4	P6_3mc (186)	GOOD	7.6610	10.9630	M	D		7.4631	0.0000	True	11.0000	11.5600		2026-04/05 (~/bin2, all-TF32 --mp)		
mp-23301	BiF3	4	Fm-3m (225)	GOOD	3.9913	6.4112	N	I	path<mesh(mesh)	3.9465	0.2708	True	6.2200	6.5900	kt1	989a18637 (tf32, t_tetrakbt -300)		M=6.4000
mp-1066781	Br2Cl2	4	Cmc2_1 (36)	GOOD	1.6660	4.3730	M	I		1.8178	0.0000	True	4.6100	5.0600		2026-04/05 (~/bin2, all-TF32 --mp)		
mp-23154	Br4	4	Cmce (64)	GOOD	1.2117	3.5114	N	I	CHECK	1.3514	0.0000	True	3.0900	3.8300	kt1	989a18637 (tf32, t_tetrakbt -300)		M=3.7180
mp-2516584	C4	4	R-3m (166)	GOOD	1.4480	2.4000	M		path-metal vs2025	1.4276	0.0023	True	0.1200	0.1100		2026-04/05 (~/bin2, all-TF32 --mp)	graphite-like: the bands cross E_F on the path, which the 8x8x8 mesh misses; a semimetal, the gap on the mesh is not physical	
mp-47	C4	4	P6_3/mmc (194)	GOOD	3.5774	5.2349	N	I	path<mesh(mesh) vs2025	3.3395	0.1395	True	4.9100	5.0800	kr7	b695fa65c (tf32, t_tetrakbt -300)		M=5.2400
mp-569304	C4	4	R-3m (166)	INVALID_STRUCTURE	1.8483	3.6772	R		path-metal LDA≠PBE vs2025	0.0149	0.0091	True	0.0200	0.0200		989a18637 (fp32, t_tetrakbt +300)	graphite-like fragment (invalid structure); the bands cross E_F on the path	
mp-28554	Ca2AsI	4	R-3m (166)	GOOD	1.4530	2.8430	M	I		1.5566	0.0000	True	2.8100	3.1100		2026-04/05 (~/bin2, all-TF32 --mp)		
mp-23009	Ca2BrN	4	R-3m (166)	GOOD	2.3050	3.8670	M	I		2.4254	0.0000	True	4.0200	4.4000		2026-04/05 (~/bin2, all-TF32 --mp)		
mp-22936	Ca2NCl	4	R-3m (166)	NOTCONV_MAY	2.2222	4.1526	R	I		2.3710	0.0000	True	4.1300	4.5200		989a18637 (fp32, t_tetrakbt +300)		
mp-23040	Ca2PI	4	R-3m (166)	NOTCONV_MAY	1.5473	2.9375	R	I		1.6997	0.0000	True	2.9700	3.2700		989a18637 (fp32, t_tetrakbt +300)		
mp-568177	CaAlSiH	4	P3m1 (156)	GOOD	0.2606	1.0308	N	I		0.3694	0.0000	True	1.0600	1.2000	kr7	b695fa65c (tf32, t_tetrakbt -300)		M=1.0310
mp-4124	CaCN2	4	R-3m (166)	NOTCONV_MAY	3.2555	5.4758	N	I		3.5774	0.0000	True	5.4800	5.9400	kr7	b695fa65c (tf32, t_tetrakbt -300)		R=5.4756
mp-7041	CaHgO2	4	R-3m (166)	NOTCONV_MAY	2.1342	4.4353	N	I		2.1435	0.0000	True	4.4400	4.8800	kr7	b695fa65c (tf32, t_tetrakbt -300)		R=4.4357
mp-672	Cd2S2	4	P6_3mc (186)	GOOD	0.8945	2.4062	N	D		1.1162	0.0000	True	2.3300	2.7500	kr7	b695fa65c (tf32, t_tetrakbt -300)		M=2.4240
mp-1070	Cd2Se2	4	P6_3mc (186)	GOOD	0.3380	1.7760	M	D		0.5589	0.0000	True	1.6300	2.1200		2026-04/05 (~/bin2, all-TF32 --mp)		
mp-12779	Cd2Te2	4	P6_3mc (186)	GOOD	0.4410	1.7230	M	D		0.6186	0.0026	True	1.6600	2.0400		2026-04/05 (~/bin2, all-TF32 --mp)		
mp-10969	CdCN2	4	R-3m (166)	FAILED_MAY	2.0838	3.8166	N	I		2.3076	0.0000	True	3.5500	3.8300	kr7	b695fa65c (tf32, t_tetrakbt -300)		R=3.8165
mp-9146	CdHgO2	4	C2/m (12)	GOOD	0.3150	2.0230	M	I		0.3593	0.0030	True	1.8900	2.4300		2026-04/05 (~/bin2, all-TF32 --mp)		
mp-22848	Cl4	4	Cmce (64)	GOOD	2.0914	5.8556	N	D	differs	2.2818	0.0000	True	5.6500	6.6200	kr7	b695fa65c (tf32, t_tetrakbt -300)		M=5.7940
mp-7896	Cs2O2	4	Immm (71)	GOOD	1.5280	4.0093	N	I	differs	1.6572	0.0000	True	3.9300	4.5000	kr7	b695fa65c (tf32, t_tetrakbt -300)		M=3.9470
mp-29266	Cs2S2	4	Immm (71)	GOOD	1.4960	3.9000	M	I		1.7260	0.0000	True				2026-04/05 (~/bin2, all-TF32 --mp)		
mp-635413	Cs3Bi	4	Fm-3m (225)	GOOD	0.1100	1.0670	M	I		0.1790	0.0000	True	1.0200	1.3400		2026-04/05 (~/bin2, all-TF32 --mp)		
mp-10378	Cs3Sb	4	Fm-3m (225)	GOOD	0.4800	1.6560	M	I		0.6126	0.0000	True	1.5700	1.8800		2026-04/05 (~/bin2, all-TF32 --mp)		
mp-1065405	CsAuC2	4	P4/mmm (123)	GOOD	1.9850	4.0370	M	I		2.0625	0.3290	True	3.9800	4.3600		2026-04/05 (~/bin2, all-TF32 --mp)		
mp-28650	CsBr2F	4	P4/mmm (123)	GOOD	1.6334	4.6684	N	I		1.7763	0.2144	True	4.7900	5.2600	kr7	b695fa65c (tf32, t_tetrakbt -300)		M=4.7170
mp-22990	CsICl2	4	R-3m (166)	GOOD	2.0940	4.9790	M	I		2.2301	0.0000	True	5.0300	5.3700		2026-04/05 (~/bin2, all-TF32 --mp)		
mp-581024	CsK2Sb	4	Fm-3m (225)	GOOD	0.8210	2.0230	M	D		0.8614	0.0000	True	1.9500	2.3400		2026-04/05 (~/bin2, all-TF32 --mp)		
mp-22917	Cu2Br2	4	P4/nmm (129)	GOOD	0.9277	2.8392	N	D	differs	0.9962	0.0018	True	2.7700	3.2400	kr7	b695fa65c (tf32, t_tetrakbt -300)		M=2.7830
mp-23227	Cu2Br2	4	P6_3/mmc (194)	DRIFT_GOOD	0.3868	2.3124	N	D		0.4321	0.0415	True	2.0200	2.6900	kt1	989a18637 (tf32, t_tetrakbt -300)		M=2.3360
mp-24093	Cu2H2	4	P6_3mc (186)	GOOD	0.4483	1.3580	N	I		0.5729	0.1152	True	1.3300	1.5200	kr7	b695fa65c (tf32, t_tetrakbt -300)		M=1.3660
mp-1007922	Cu2I2	4	Cmcm (63)	GOOD	0.9340	2.5405	N	D		0.9594	0.0581	True	2.5400	2.8600	kr7	b695fa65c (tf32, t_tetrakbt -300)		M=2.5060
mp-22863	Cu2I2	4	P4/nmm (129)	GOOD	1.4996	3.0983	N	D	differs	1.5716	0.0134	True	3.1200	3.4100	kr7	b695fa65c (tf32, t_tetrakbt -300)		M=3.0330
mp-569346	Cu2I2	4	P6_3mc (186)	GOOD	1.1469	2.8261	N	D		1.2120	0.0089	True	2.7800	3.1900	kr7	b695fa65c (tf32, t_tetrakbt -300)		M=2.8280
mp-1933	Cu3N	4	Pm-3m (221)	GOOD	0.2879	0.8611	N	I		0.1947	0.1921	True	0.8200	0.9600	kr7	b695fa65c (tf32, t_tetrakbt -300)		M=0.8570
mp-29643	CuAsSe2	4	R3m (160)	GOOD	0.6620	0.9470	M	I	path<mesh(mesh)	0.3220	0.1090	True	0.5000	0.5300		2026-04/05 (~/bin2, all-TF32 --mp)		
mp-672285	CuCSN	4	R3m (160)	GOOD	2.0690	3.5956	N	I	CHECK	2.2697	0.1630	True	3.5200	3.8900	kr7	b695fa65c (tf32, t_tetrakbt -300)		M=3.2910
mp-14116	CuRhO2	4	R-3m (166)	DRIFT_GOOD	0.8066	2.0344	N	I	differs	0.7063	0.0000	True	1.8400	2.1000	kt1	989a18637 (tf32, t_tetrakbt -300)		M=1.9360
mp-561203	F4	4	C2/c (15)	NOTCONV_MAY	2.4284	9.9285	R	D		2.8984	0.0031	True	10.0700	11.5800		989a18637 (fp32, t_tetrakbt +300)		
mp-804	Ga2N2	4	P6_3mc (186)	GOOD	1.9140	3.2910	M	D		1.7376	0.0000	True	3.3500	3.6200		2026-04/05 (~/bin2, all-TF32 --mp)		
mp-1018275	Ga2P2	4	R-3m (166)	GOOD	0.7180	1.4170	M	I		0.8340	0.1342	True	1.4600	1.5600		2026-04/05 (~/bin2, all-TF32 --mp)		
mp-9889	Ga2S2	4	R-3m (166)	NOTCONV_MAY	1.4399	2.9804	R	D		1.8665	0.0049	True	3.0000	3.2500		989a18637 (fp32, t_tetrakbt +300)		
mp-11342	Ga2Se2	4	R3m (160)	GOOD	1.1130	2.5830	M	D		1.2294	0.0014	True	2.6700	3.0000		2026-04/05 (~/bin2, all-TF32 --mp)		
mp-4280	GaCuO2	4	R-3m (166)	GOOD	1.0091	2.5877	N	I	CHECK	0.7767	0.0003	True	2.6100	2.8500	kt1	989a18637 (tf32, t_tetrakbt -300)		M=2.0830
mp-632229	H2Br2	4	Cmc2_1 (36)	GOOD	4.3340	7.7827	N	D	differs	4.9402	0.0000	True	7.9500	8.6300	kr7	b695fa65c (tf32, t_tetrakbt -300)		M=7.6940
mp-632326	H2Cl2	4	Cmc2_1 (36)	GOOD	5.3641	9.2988	N	D		5.9674	0.0000	True	9.5400	10.2800	kr7	b695fa65c (tf32, t_tetrakbt -300)		M=9.2650
mp-632296	H2F2	4	Cmc2_1 (36)	NOTCONV_MAY	6.3924	12.2537	N	D		6.7393	0.0306	True	12.5300	13.5400	kr7	b695fa65c (tf32, t_tetrakbt -300)		R=12.2537
mp-24504	H4	4	P6_3/mmc (194)	GOOD	8.9657	15.7507	N	D	vs2025	9.3639	0.0024	True	8.9700	8.9700	kt1	989a18637 (tf32, t_tetrakbt -300)	2025 values equal to LDA (the 2025 QSGW of H4 had not run)	M=15.7090
mp-23177	Hg2Br2	4	I4/mmm (139)	GOOD	2.0226	3.6041	N	I	path<mesh(mesh)	2.2635	0.0000	True	3.5300	3.8600	kr7	b695fa65c (tf32, t_tetrakbt -300)		M=3.5870
mp-22897	Hg2Cl2	4	I4/mmm (139)	GOOD	2.3650	4.0730	M	I		2.7351	0.0000	True	4.1900	4.5500		2026-04/05 (~/bin2, all-TF32 --mp)		
mp-706	Hg2F2	4	I4/mmm (139)	NOTCONV_MAY	1.3970	2.8914	R	I		1.7704	0.0000	True	2.9400	3.2000		989a18637 (fp32, t_tetrakbt +300)		
mp-22859	Hg2I2	4	I4/mmm (139)	GOOD	1.6115	2.9054	N	I	differs	1.6580	0.0000	True	2.8600	3.1200	kr7	b695fa65c (tf32, t_tetrakbt -300)		M=2.8540
mp-1525634	I4	4	Cmce (64)	GOOD	0.9090	2.1333	N	I				False	2.0400	2.3400	kr7	b695fa65c (tf32, t_tetrakbt -300)		M=2.1380
mp-23153	I4	4	Cmce (64)	DRIFT_GOOD	0.8856	2.1586	N	I		1.0121	0.0000	True	2.0500	2.4000	kt1	989a18637 (tf32, t_tetrakbt -300)		M=2.1470
mp-22870	In2Br2	4	Cmcm (63)	GOOD	1.1136	1.9901	N	I		1.2571	0.0000	True	2.0100	2.1700	kr7	b695fa65c (tf32, t_tetrakbt -300)		M=2.0320
mp-571555	In2Cl2	4	Cmcm (63)	GOOD	1.1480	2.1830	M	I		1.3655	0.0031	True	2.1700	2.3600		2026-04/05 (~/bin2, all-TF32 --mp)		
mp-571636	In2Cl2	4	Cmc2_1 (36)	DRIFT_GOOD	1.3814	2.5199	N	I	differs	1.4020	0.0016	True	2.5600	2.7800	kt1	989a18637 (tf32, t_tetrakbt -300)		M=2.4670
mp-23202	In2I2	4	Cmcm (63)	GOOD	1.3953	2.1430	N	I		1.3412	0.0000	True	2.1100	2.2300	kr7	b695fa65c (tf32, t_tetrakbt -300)		M=2.1360
mp-21405	In2Se2	4	C2/m (12)	GOOD	0.9660	1.8900	M	I		1.0468	0.0367	True	1.9700	2.1500		2026-04/05 (~/bin2, all-TF32 --mp)		
mp-22691	In2Se2	4	R3m (160)	GOOD	0.2120	1.2800	M	D		0.5385	0.0004	True	1.1600	1.4700		2026-04/05 (~/bin2, all-TF32 --mp)		
mp-22660	InAgO2	4	R-3m (166)	NOTCONV_MAY	0.2776	1.9751	R	I		0.2183	0.0003	True	1.9700	2.2900		989a18637 (fp32, t_tetrakbt +300)		
mp-20162	InAgS2	4	R-3m (166)	GOOD	0.0522	0.8148	N	D	differs	0.1087	0.0897	True	0.5800	1.0200	kr7	b695fa65c (tf32, t_tetrakbt -300)		M=0.7280
mp-20930	InCuO2	4	R-3m (166)	NOTCONV_MAY	0.3946	1.9555	N	I		0.2466	0.0053	True	1.9300	2.1600	kr7	b695fa65c (tf32, t_tetrakbt -300)		R=1.9550
mp-568516	K3Bi	4	Fm-3m (225)	GOOD	0.0940	0.9620	N	D		0.1286	0.0144	True	0.7500	1.1400	kr7	b695fa65c (tf32, t_tetrakbt -300)		M=0.9480
mp-10159	K3Sb	4	Fm-3m (225)	GOOD	0.6080	1.7240	M	D		0.6766	0.0152	True	1.5900	2.0000		2026-04/05 (~/bin2, all-TF32 --mp)		
mp-10102	KAgC2	4	P4/mmm (123)	GOOD	2.4110	4.5850	M	I		2.4769	0.3801	True	4.6500	5.0800		2026-04/05 (~/bin2, all-TF32 --mp)		
mp-10423	KAuC2	4	P4/mmm (123)	SUSPECT_GOOD	1.9321	3.9319	N	I		2.0249	0.3378	True	3.9200	4.2900	kt1	989a18637 (tf32, t_tetrakbt -300)		M=3.9500;R=3.9319
mp-27418	KAuO2	4	Pmmm (47)	GOOD	0.8750	3.4620	M	I		1.0923	0.0279	True	3.4700	3.8200		2026-04/05 (~/bin2, all-TF32 --mp)		
mp-34857	KNO2	4	Cm (8)	NOTCONV_MAY	2.3730	7.1705	R	D		2.4952	0.0004	True	7.8700	8.2900		989a18637 (fp32, t_tetrakbt +300)		
mp-546787	KNO2	4	Cm (8)	NOTCONV_MAY	2.3533	7.0547	R	I		2.4770	0.0166	True	7.5800	8.0300		989a18637 (fp32, t_tetrakbt +300)		
mp-15724	KNa2Sb	4	Fm-3m (225)	GOOD	0.6254	1.8249	N	D		0.6678	0.0000	True	1.7800	2.1500	kr7	b695fa65c (tf32, t_tetrakbt -300)		M=1.8140
mp-8188	KScO2	4	R-3m (166)	GOOD	3.5170	6.2170	M	I		3.6241	0.0000	True	6.3000	7.0700		2026-04/05 (~/bin2, all-TF32 --mp)		
mp-8175	KTlO2	4	R-3m (166)	NOTCONV_MAY	0.8939	2.2278	N	I		0.8820	0.0000	True	2.2600	2.4200	kr7	b695fa65c (tf32, t_tetrakbt -300)		R=2.2283
mp-8409	KYO2	4	R-3m (166)	GOOD	3.8948	6.4786	N	D	CHECK	3.9739	0.0000	True	6.3800	6.9400	kr7	b695fa65c (tf32, t_tetrakbt -300)		M=6.0510
mp-1006888	KYS2	4	R-3m (166)	SUSPECT_GOOD	2.1509	4.0197	N	I	CHECK	2.3221	0.0000	True	4.1000	4.4900	kt1	989a18637 (tf32, t_tetrakbt -300)		M=3.4240;R=4.0198
mp-16763	KYTe2	4	R-3m (166)	FAILED_MAY	1.2067	2.4390	R	I		1.2981	0.0000	True	2.5400	2.7900		989a18637 (fp32, t_tetrakbt +300)		
mp-16238	Li2AgSb	4	F-43m (216)	GOOD	0.0687	0.8407	N	D		0.1478	0.0000	True	0.8500	0.9800	kr7	b695fa65c (tf32, t_tetrakbt -300)		M=0.8280
mp-1378	Li2C2	4	Immm (71)	GOOD	3.1950	5.7770	M	I		3.2727	0.0000	True	5.9000	6.3800		2026-04/05 (~/bin2, all-TF32 --mp)		
mp-15988	Li2CuSb	4	F-43m (216)	GOOD	0.4970	0.9450	M	I		0.4592	0.0223	True	0.9900	1.0600		2026-04/05 (~/bin2, all-TF32 --mp)		
mp-568273	Li2I2	4	P6_3/mmc (194)	GOOD	4.2837	6.3248	N	I	differs	4.2319	0.0289	True	6.4800	6.8200	kr7	b695fa65c (tf32, t_tetrakbt -300)		M=6.2300
mp-570935	Li2I2	4	P6_3mc (186)	GOOD	4.1865	6.6233	N	D		4.3818	0.0000	True	6.7900	7.2300	kr7	b695fa65c (tf32, t_tetrakbt -300)		M=6.6050
mp-23222	Li3Bi	4	Fm-3m (225)	GOOD	0.4440	0.9970	M	I		0.3429	0.0000	True	1.1200	1.2000		2026-04/05 (~/bin2, all-TF32 --mp)		
mp-2251	Li3N	4	P6/mmm (191)	GOOD	1.1345	2.4508	N	I		0.9840	0.0000	True	2.3900	2.6600	kr7	b695fa65c (tf32, t_tetrakbt -300)		M=2.4680
mp-2074	Li3Sb	4	Fm-3m (225)	GOOD	0.7443	1.4799	N	I		0.7074	0.0080	True	1.5600	1.6500	kr7	b695fa65c (tf32, t_tetrakbt -300)		M=1.4880
mp-571454	LiAgC2	4	P-6m2 (187)	DRIFT_GOOD	1.4575	3.3262	N	I		1.4490	0.4882	True			kt1	989a18637 (tf32, t_tetrakbt -300)		M=3.2870
mp-8001	LiAlO2	4	R-3m (166)	NOTCONV_MAY	6.6328	9.8387	N	I		6.1183	0.0000	True	9.8400	10.3400	kr7	b695fa65c (tf32, t_tetrakbt -300)		R=9.8376
mp-29868	LiAuC2	4	P-6m2 (187)	GOOD	1.4430	2.9970	M	I		1.5321	0.4988	True	2.8700	3.1500		2026-04/05 (~/bin2, all-TF32 --mp)		
mp-22526	LiCoO2	4	R-3m (166)	NOTCONV_MAY	0.9220	3.3019	N	I	differs	0.6623	0.0000	True	2.5400	3.2500	kr7	b695fa65c (tf32, t_tetrakbt -300)	N 3.30 vs R 3.19 eV (NOTCONV in May): slow convergence within the 0.1 eV criterion	R=3.1941
mp-9158	LiCuO2	4	C2/m (12)	GOOD	0.3170	2.3190	M	I		0.3778	0.0000	True	2.0800	2.5400		2026-04/05 (~/bin2, all-TF32 --mp)		
mp-8002	LiGaO2	4	R-3m (166)	GOOD	3.7120	6.1814	N	I	CHECK	3.7448	0.0662	True	6.1500	6.5500	kt1	989a18637 (tf32, t_tetrakbt -300)	May value 4.75 eV wrong (N 6.18, 2025 6.55)	M=4.7470
mp-24199	LiHF2	4	R-3m (166)	GOOD	8.0805	13.0267	N	I	CHECK vs2025	8.0448	0.0000	True	12.8200	13.4100	kt1	989a18637 (tf32, t_tetrakbt -300)		M=11.9590
mp-10618	LiInSe2	4	R-3m (166)	GOOD	0.6650	1.6950	M	I		0.8392	0.0818	True	1.8100	1.9800		2026-04/05 (~/bin2, all-TF32 --mp)		
mp-2659	LiN3	4	C2/m (12)	GOOD	3.6021	6.6175	N	I	differs vs2025	3.6364	0.0000	True	6.7600	6.6200	kt1	989a18637 (tf32, t_tetrakbt -300)		M=6.4950
mp-14115	LiRhO2	4	R-3m (166)	GOOD	1.3100	3.1360	M	I		1.4077	0.0000	True	3.2700	3.7800		2026-04/05 (~/bin2, all-TF32 --mp)		
mp-1001786	LiScS2	4	R-3m (166)	SUSPECT_GOOD	1.3315	3.0432	N	I	CHECK	1.4844	0.0000	True	3.0300	3.4000	kt1	989a18637 (tf32, t_tetrakbt -300)		M=2.7530;R=3.0435
mp-15788	LiYS2	4	R-3m (166)	GOOD	1.7536	3.2879	N	I	CHECK	1.9204	0.0000	True	3.3200	3.6100	kr7	b695fa65c (tf32, t_tetrakbt -300)		M=2.9910
mp-15794	LiYSe2	4	R-3m (166)	NOTCONV_MAY	1.4039	2.6992	R	I		1.5255	0.0000	True	2.7300	2.9800		989a18637 (fp32, t_tetrakbt +300)		
mp-549706	Mg2O2	4	P6_3mc (186)	NOTCONV_MAY	3.4011	6.5446	N	D		3.3701	0.1180	True	6.5600	7.2900	kr7	b695fa65c (tf32, t_tetrakbt -300)		R=6.5449
mp-1018040	Mg2Se2	4	P6_3mc (186)	GOOD	2.4330	4.4680	M	D		2.5791	0.0000	True	4.5900	5.0100		2026-04/05 (~/bin2, all-TF32 --mp)		
mp-1039	Mg2Te2	4	P6_3mc (186)	GOOD	2.2120	3.9221	N	D		2.3612	0.0000	True	4.0300	4.3400	kr7	b695fa65c (tf32, t_tetrakbt -300)		M=3.9210
mp-9166	MgCN2	4	R-3m (166)	NOTCONV_MAY	3.6010	6.2843	R	I		3.7571	0.0000	True	6.4800	6.7900		989a18637 (fp32, t_tetrakbt +300)		
mp-1017514	MgSiN2	4	R-3m (166)	NOTCONV_MAY	4.0786	6.0648	N	I		4.1797	0.2826	True	6.1600	6.4000	kr7	b695fa65c (tf32, t_tetrakbt -300)		R=6.0650
mp-570747	N4	4	P4_2/mnm (136)	GOOD	6.7724	13.2531	N	I		6.7770	0.0024	True	14.3300	14.7500	kr7	b695fa65c (tf32, t_tetrakbt -300)		M=13.2380
mp-672233	N4	4	P6_3/mmc (194)	GOOD	6.9289	13.4952	N	I	CHECK	6.6026	0.0115	True	14.5900	15.0600	kr7	b695fa65c (tf32, t_tetrakbt -300)		M=13.7180
mp-11180	Na2C2	4	Immm (71)	GOOD	3.3700	6.2360	M	I		3.4916	0.2316	True				2026-04/05 (~/bin2, all-TF32 --mp)		
mp-723629	Na2I2	4	I4_1/amd (141)	GOOD	2.8596	5.4089	N	I		3.0788	0.1470	True	5.5000	6.0100	kr7	b695fa65c (tf32, t_tetrakbt -300)		M=5.4230
mp-8860	Na3As	4	Fm-3m (225)	GOOD	0.1215	1.2132	N	D	differs	0.1167	0.0425	True	1.0900	1.4600	kr7	b695fa65c (tf32, t_tetrakbt -300)		M=1.1500
mp-7748	NaAlO2	4	R-3m (166)	NOTCONV_MAY	4.6619	7.8459	N	D		4.7285	0.0650	True	7.8700	8.4700	kr7	b695fa65c (tf32, t_tetrakbt -300)		R=7.8473
mp-10422	NaAuC2	4	P4/mmm (123)	DRIFT_GOOD	1.2437	2.9348	N	I		1.3303	0.4190	True	3.0100	3.2900	kt1	989a18637 (tf32, t_tetrakbt -300)		M=2.9690
mp-546500	NaCNO	4	R3m (160)	NOTCONV_MAY	4.2030	7.6658	N	I		4.4323	0.0851	True	7.9400	8.3800	kr7	b695fa65c (tf32, t_tetrakbt -300)		R=7.6672
mp-18921	NaCoO2	4	R-3m (166)	FAILED_MAY	0.7920	3.3754	R	I	LDA≠PBE vs2025	2.1641	0.0000	True	2.3100	3.1600		989a18637 (fp32, t_tetrakbt +300)		
mp-4541	NaCuO2	4	C2/m (12)	GOOD	0.3399	2.8362	N	I	differs	0.4997	0.0000	True	2.6700	3.1400	kt1	989a18637 (tf32, t_tetrakbt -300)		M=2.9270
mp-27837	NaHF2	4	R-3m (166)	NOTCONV_MAY	6.7582	12.0564	N	D		6.8138	0.0000	True	12.4300	13.2000	kr7	b695fa65c (tf32, t_tetrakbt -300)		R=12.0577
mp-5175	NaInO2	4	R-3m (166)	NOTCONV_MAY	2.0111	4.1107	N	I		1.9138	0.0000	True	4.1000	4.5000	kr7	b695fa65c (tf32, t_tetrakbt -300)		R=4.1103
mp-20289	NaInS2	4	R-3m (166)	DRIFT_GOOD	1.6204	3.1106	N	I	differs	1.8412	0.0000	True	3.2700	3.5100	kt1	989a18637 (tf32, t_tetrakbt -300)		M=3.0270
mp-22473	NaInSe2	4	R-3m (166)	NOTCONV_MAY	0.8847	2.0800	R	I		1.0193	0.0000	True	2.1700	2.4500		989a18637 (fp32, t_tetrakbt +300)		
mp-5077	NaLi2Sb	4	Fm-3m (225)	GOOD	0.6234	1.5367	N	I	differs	0.6796	0.0000	True	1.6100	1.7600	kr7	b695fa65c (tf32, t_tetrakbt -300)		M=1.4240
mp-1066400	NaN3	4	R3m (160)	GOOD	3.9855	7.0660	N	I	CHECK	4.1464	0.0029	True	7.4800	7.7000	kr7	b695fa65c (tf32, t_tetrakbt -300)		M=6.7120
mp-22003	NaN3	4	R-3m (166)	SUSPECT_GOOD	3.9099	7.3089	N	I	CHECK	4.0268	0.0017	True	7.7400	7.9400	kt1	989a18637 (tf32, t_tetrakbt -300)		M=5.8320;R=7.3085
mp-570538	NaN3	4	C2/m (12)	GOOD	3.8260	7.2220	M	I		3.9442	0.0000	True	7.7900	8.0200		2026-04/05 (~/bin2, all-TF32 --mp)		
mp-2964	NaNO2	4	Imm2 (44)	GOOD	2.3040	6.9640	M	I		2.4493	0.0184	True	7.4200	7.8800		2026-04/05 (~/bin2, all-TF32 --mp)		
mp-7017	NaNbN2	4	R-3m (166)	GOOD	0.8800	1.7550	M	I		0.8272	0.0134	True	1.8900	2.0100		2026-04/05 (~/bin2, all-TF32 --mp)		
mp-8830	NaRhO2	4	R-3m (166)	NOTCONV_MAY	1.1935	3.3216	R	I		1.2667	0.0000	True	3.3100	3.8200		989a18637 (fp32, t_tetrakbt +300)		
mp-7914	NaScO2	4	R-3m (166)	GOOD	3.8998	7.0890	N	I	CHECK	3.9788	0.0000	True	7.1000	7.7700	kt1	989a18637 (tf32, t_tetrakbt -300)		M=6.5300
mp-999460	NaScS2	4	R-3m (166)	NOTCONV_MAY	1.5080	3.4122	R	I		1.6807	0.0000	True	3.4000	3.8200		989a18637 (fp32, t_tetrakbt +300)		
mp-5475	NaTaN2	4	R-3m (166)	GOOD	1.2510	2.2990	M	I		1.2729	0.0000	True	2.5500	2.7200		2026-04/05 (~/bin2, all-TF32 --mp)		
mp-3056	NaTlO2	4	R-3m (166)	SUSPECT_GOOD	0.6409	1.9817	N	I	CHECK	0.6208	0.0000	True	2.0300	2.1700	kt1	989a18637 (tf32, t_tetrakbt -300)		M=1.4650;R=1.9814
mp-10226	NaYS2	4	R-3m (166)	FAILED_MAY	2.1178	3.8705	R	I		2.2793	0.0000	True	3.9600	4.3100		989a18637 (fp32, t_tetrakbt +300)		
mp-999448	NaYSe2	4	R-3m (166)	DRIFT_GOOD	1.7065	3.2145	N	I	differs	1.8342	0.0000	True	3.2900	3.6000	kt1	989a18637 (tf32, t_tetrakbt -300)		M=3.1070
mp-9339	Nb2P2	4	I4_1md (109)	UNKNOWN_MAY	0.0044	0.0000	N	metal		0.0000	0.0000	True			kt1	989a18637 (tf32, t_tetrakbt -300)		R=0.0000
mp-157	P4	4	Cmce (64)	GOOD	0.0150	0.7470	M	D		0.1151	0.0202	True	0.5800	0.9300		2026-04/05 (~/bin2, all-TF32 --mp)		
mp-19921	Pb2O2	4	P4/nmm (129)	GOOD	1.4401	2.3801	N	I		1.5353	0.0000	True	2.4400	2.5700	kr7	b695fa65c (tf32, t_tetrakbt -300)		M=2.4140
mp-1018115	Pb2S2	4	Cmcm (63)	GOOD	0.9890	1.6190	M	I		1.1489	0.0385	True	1.6800	1.7800		2026-04/05 (~/bin2, all-TF32 --mp)		
mp-20526	Pb2S2	4	Aem2 (39)	SUSPECT_STRUCTURE	1.7410	3.2380	M	D	path<mesh(mesh)	1.7010	0.0585	True	3.0900	3.2900		2026-04/05 (~/bin2, all-TF32 --mp)		
mp-561320	Pb2S2	4	C2 (5)	SUSPECT_STRUCTURE	1.7390	4.1200	M	D		1.6721	0.0585	True	4.0900	4.2000		2026-04/05 (~/bin2, all-TF32 --mp)		
mp-726184	Pb2S2	4	C2/m (12)	INVALID_STRUCTURE	1.7300	3.7370	M	D		1.7197	0.0590	True	3.5900	3.7800		2026-04/05 (~/bin2, all-TF32 --mp)		
mp-727323	Pb2S2	4	C2/m (12)	INVALID_STRUCTURE	1.7290	3.2310	M	I	path<mesh(mesh)	1.6545	0.0580	True	3.0600	3.2600		2026-04/05 (~/bin2, all-TF32 --mp)		
mp-1063670	Pb2Se2	4	Cmcm (63)	DRIFT_GOOD	0.8409	1.3467	N	I		0.8327	0.0386	True	1.3600	1.4500	kt1	989a18637 (tf32, t_tetrakbt -300)		M=1.3640
mp-22009	Pb2Se2	4	Fmm2 (42)	SUSPECT_STRUCTURE	1.4590	2.9260	M	D	path<mesh(mesh)	1.2990	0.0731	True	2.8100	2.9400		2026-04/05 (~/bin2, all-TF32 --mp)		
mp-288	Pt2S2	4	P4_2/mmc (131)	GOOD	0.2100	1.1990	M	D		0.3848	0.0000	True	1.2400	1.4400		2026-04/05 (~/bin2, all-TF32 --mp)		
mp-7895	Rb2O2	4	Immm (71)	GOOD	1.6240	4.5340	M	I		1.7766	0.0000	True	4.5200	5.1700		2026-04/05 (~/bin2, all-TF32 --mp)		
mp-558071	Rb2S2	4	Immm (71)	GOOD	1.4607	4.0672	N	I		1.7115	0.0019	True	4.1300	4.6000	kr7	b695fa65c (tf32, t_tetrakbt -300)		M=4.0630
mp-10421	RbAuC2	4	P4/mmm (123)	GOOD	2.1061	4.2090	N	I	differs	2.1956	0.3298	True	4.1300	4.5200	kr7	b695fa65c (tf32, t_tetrakbt -300)		M=4.0790
mp-30041	RbBiS2	4	R-3m (166)	NOTCONV_MAY	1.2414	2.2140	R	I		1.3390	0.0000	True	2.3300	2.5000		989a18637 (fp32, t_tetrakbt +300)		
mp-5841	RbCuC2	4	P4/mmm (123)	GOOD	1.8730	3.8770	M	I		1.8861	0.3061	True	3.7800	4.2100		2026-04/05 (~/bin2, all-TF32 --mp)		
mp-581833	RbN3	4	P4/mmm (123)	FAILED_MAY	3.5979	6.4180	N	I		3.7544	0.0193	True	6.7500	7.0300	kr7	b695fa65c (tf32, t_tetrakbt -300)		R=6.4179
mp-8145	RbScO2	4	R-3m (166)	GOOD	3.1920	5.4140	M	I		3.3013	0.0029	True	5.6400	6.1400		2026-04/05 (~/bin2, all-TF32 --mp)		
mp-8176	RbTlO2	4	R-3m (166)	GOOD	0.8707	2.1715	N	I	CHECK	0.8462	0.0000	True	2.2100	2.3400	kr7	b695fa65c (tf32, t_tetrakbt -300)		M=1.7960
mp-14437	RbYO2	4	R-3m (166)	FAILED_MAY	3.5215	5.9511	N	I		3.6087	0.0000	True	5.9300	6.3900	kr7	b695fa65c (tf32, t_tetrakbt -300)		R=5.9516
mp-999265	RbYS2	4	R-3m (166)	GOOD	2.1325	3.9337	N	I	CHECK	2.3079	0.0000	True	4.0100	4.3800	kt1	989a18637 (tf32, t_tetrakbt -300)		M=3.5690
mp-973185	ScAgO2	4	R-3m (166)	GOOD	2.1281	4.0402	N	I	CHECK	2.0740	0.0001	True	3.9000	4.3800	kt1	989a18637 (tf32, t_tetrakbt -300)		M=3.5160
mp-12908	ScAgSe2	4	P-3m1 (164)	GOOD	0.5424	1.7236	N	I		0.6794	0.0033	True	1.6800	1.9800	kr7	b695fa65c (tf32, t_tetrakbt -300)		M=1.7140
mp-4636	ScCuO2	4	R-3m (166)	SUSPECT_GOOD	2.2605	4.0145	N	I	differs	2.2219	0.0005	True	3.7500	4.2000	kt1	989a18637 (tf32, t_tetrakbt -300)		M=4.1150;R=4.0152
mp-6980	ScCuS2	4	P3m1 (156)	GOOD	0.7839	1.9727	N	I		0.8709	0.0000	True	1.8800	2.2100	kr7	b695fa65c (tf32, t_tetrakbt -300)		M=1.9700
mp-10694	ScF3	4	Pm-3m (221)	DRIFT_GOOD	6.0309	11.9374	N	I	CHECK	6.0823	0.0003	True	11.7800	12.9200	kt1	989a18637 (tf32, t_tetrakbt -300)		M=11.6530
mp-559092	ScF3	4	R32 (155)	NOTCONV_MAY	5.9081	11.8828	R	I		6.0767	0.0022	True	11.7000	12.8200		989a18637 (fp32, t_tetrakbt +300)		
mp-13313	ScTlSe2	4	R-3m (166)	GOOD	0.4811	1.2105	N	I		0.6146	0.0000	True	1.1300	1.2600	kr7	b695fa65c (tf32, t_tetrakbt -300)		M=1.1690
mp-13314	ScTlTe2	4	R-3m (166)	GOOD	0.1083	0.6719	N	I		0.0446	0.0000	True	0.6800	0.8300	kr7	b695fa65c (tf32, t_tetrakbt -300)		M=0.6830
mp-7140	Si2C2	4	P6_3mc (186)	GOOD	2.4400	3.5280	M	I	path<mesh(mesh)	2.3029	0.0041	True	3.3900	3.5100		2026-04/05 (~/bin2, all-TF32 --mp)		
mp-29803	Si2H2	4	P-3m1 (164)	GOOD	2.0330	3.7840	M	I		2.1635	0.0413	True	3.7200	4.0500		2026-04/05 (~/bin2, all-TF32 --mp)		
mp-165	Si4	4	P6_3/mmc (194)	GOOD	0.3181	0.9730	N	I		0.4525	0.0136	True	1.0800	1.1200	kr7	b695fa65c (tf32, t_tetrakbt -300)		M=0.9780
mp-2097	Sn2O2	4	P4/nmm (129)	GOOD	0.2450	0.7820	M	I		0.4077	0.0000	True	0.8300	0.8900		2026-04/05 (~/bin2, all-TF32 --mp)		
mp-545552	Sn2O2	4	Pmn2_1 (31)	GOOD	1.3920	2.3750	M	I		1.3433	0.0714	True	2.4500	2.6100		2026-04/05 (~/bin2, all-TF32 --mp)		
mp-1379	Sn2S2	4	Cmcm (63)	GOOD	0.9250	1.9170	M	I		1.1315	0.0762	True	1.9800	2.1000		2026-04/05 (~/bin2, all-TF32 --mp)		
mp-554134	Sn2S2	4	Aem2 (39)	INVALID_STRUCTURE	1.5101	3.9974	R	I		1.5872	0.0787	True	4.0500	4.1200		989a18637 (fp32, t_tetrakbt +300)		
mp-559676	Sn2S2	4	Cmcm (63)	GOOD	0.3646	0.8278	N	I		0.3113	0.0285	True	0.7600	0.7800	kr7	b695fa65c (tf32, t_tetrakbt -300)		M=0.8470
mp-727322	Sn2S2	4	P-1 (2)	INVALID_STRUCTURE	1.3940	2.6910	M	D		1.4319	0.0852	True	2.6200	2.7900		2026-04/05 (~/bin2, all-TF32 --mp)		
mp-8781	Sn2S2	4	Aem2 (39)	INVALID_STRUCTURE	1.4910	3.0300	M	D		1.4745	0.0782	True	3.0000	3.1700		2026-04/05 (~/bin2, all-TF32 --mp)		
mp-2168	Sn2Se2	4	Cmcm (63)	GOOD	0.2902	0.6425	N	I		0.2690	0.0241	True	0.6500	0.6900	kr7	b695fa65c (tf32, t_tetrakbt -300)		M=0.6410
mp-8936	Sn2Se2	4	P4/nmm (129)	SUSPECT_STRUCTURE	0.9750	1.9520	M	D		0.8343	0.0876	True	1.7900	1.9400		2026-04/05 (~/bin2, all-TF32 --mp)		
mp-23056	Sr2BrN	4	R-3m (166)	NOTCONV_MAY	1.8512	3.2810	R	D		1.8426	0.0000	True	3.2800	3.5900		989a18637 (fp32, t_tetrakbt +300)		
mp-690794	Sr2HN	4	R-3m (166)	GOOD	1.7184	2.9901	N	D	differs	1.8058	0.0000	True	2.8700	3.2000	kr7	b695fa65c (tf32, t_tetrakbt -300)		M=2.7970
mp-569677	Sr2IN	4	R-3m (166)	GOOD	1.7643	2.9850	N	I	differs	1.7923	0.0000	True	2.9700	3.2600	kr7	b695fa65c (tf32, t_tetrakbt -300)		M=2.7960
mp-23033	Sr2NCl	4	R-3m (166)	GOOD	1.7730	3.1850	M	D		1.9454	0.0000	True	3.3200	3.6400		2026-04/05 (~/bin2, all-TF32 --mp)		
mp-980057	SrAlGeH	4	P3m1 (156)	GOOD	0.6393	1.3912	N	I		0.7234	0.0000	True	1.3900	1.5400	kr7	b695fa65c (tf32, t_tetrakbt -300)		M=1.4400
mp-570485	SrAlSiH	4	P3m1 (156)	GOOD	0.5301	1.2327	N	I		0.6257	0.0000	True	1.2500	1.3900	kr7	b695fa65c (tf32, t_tetrakbt -300)		M=1.2360
mp-978847	SrGaGeH	4	P3m1 (156)	GOOD	0.2902	1.1301	N	I		0.2958	0.0000	True	1.1000	1.2600	kr7	b695fa65c (tf32, t_tetrakbt -300)		M=1.1280
mp-9383	SrHfN2	4	R-3m (166)	FAILED_MAY	0.1709	1.1987	R	I		0.3109	0.0313	True	1.1100	1.3500		989a18637 (fp32, t_tetrakbt +300)		
mp-665922	SrHgO2	4	R-3m (166)	DRIFT_GOOD	2.1760	4.5161	N	I	CHECK	2.1978	0.0000	True	4.4400	4.7600	kt1	989a18637 (tf32, t_tetrakbt -300)		M=3.4700
mp-9382	SrZrN2	4	R-3m (166)	GOOD	0.2146	1.1673	N	I		0.2325	0.0073	True	1.1200	1.2900	kr7	b695fa65c (tf32, t_tetrakbt -300)		M=1.1490
mp-8927	TaCuN2	4	R-3m (166)	GOOD	0.4643	1.2315	N	I		0.4896	0.1284	True	1.2600	1.3800	kr7	b695fa65c (tf32, t_tetrakbt -300)		M=1.2030
mp-999135	TaCuN2	4	R-3m (166)	GOOD	0.4090	1.0200	M	I		0.3733	0.3878	True	0.9800	1.0500		2026-04/05 (~/bin2, all-TF32 --mp)		
mp-19963	TiFe2Sn	4	Fm-3m (225)	GOOD		0.0580	M	I		0.0468	0.0000	True	-0.0500	0.1000		2026-04/05 (~/bin2, all-TF32 --mp)		
mp-568949	Tl2Br2	4	Cmcm (63)	GOOD	2.0518	3.4418	N	D	differs	2.1677	0.0000	True	3.4000	3.7100	kr7	b695fa65c (tf32, t_tetrakbt -300)		M=3.5100
mp-571079	Tl2Cl2	4	Cmcm (63)	GOOD	2.3450	3.8890	M	D		2.5181	0.0000	True	3.9400	4.2600		2026-04/05 (~/bin2, all-TF32 --mp)		
mp-557835	Tl2F2	4	P4/nmm (129)	GOOD	2.9600	4.7250	M	I	path<mesh(mesh)	2.9870	0.0030	True	4.6800	5.0200		2026-04/05 (~/bin2, all-TF32 --mp)		
mp-22858	Tl2I2	4	Cmcm (63)	GOOD	2.0251	3.1920	N	D		2.1451	0.0008	True	3.1900	3.4300	kr7	b695fa65c (tf32, t_tetrakbt -300)		M=3.1820
mp-554310	TlBiS2	4	R-3m (166)	GOOD	0.3500	0.8100	M	D		0.4958	0.0000	True	0.7800	0.8600		2026-04/05 (~/bin2, all-TF32 --mp)		
mp-29662	TlBiSe2	4	R-3m (166)	GOOD	0.1058	0.4759	N	D		0.2377	0.0000	True	0.4200	0.5300	kr7	b695fa65c (tf32, t_tetrakbt -300)		M=0.4540
mp-27438	TlBiTe2	4	R-3m (166)	GOOD	0.3580	0.6420	M	D		0.4737	0.0000	True	0.6900	0.7200		2026-04/05 (~/bin2, all-TF32 --mp)		
mp-22566	TlInS2	4	R-3m (166)	GOOD	0.4783	1.2995	N	I	differs	0.6901	0.0023	True	1.2400	1.2900	kt1	989a18637 (tf32, t_tetrakbt -300)		M=1.4510
mp-4573	TlSbTe2	4	R-3m (166)	UNKNOWN_MAY	0.1041	0.2947	N	D		0.1323	0.0000	True	0.2800	0.3300	kt1	989a18637 (tf32, t_tetrakbt -300)		R=0.2945
mp-19390	WO3	4	Pm-3m (221)	GOOD	0.3880	1.5330	M	I		1.1185	0.0077	True	1.6500	1.7800		2026-04/05 (~/bin2, all-TF32 --mp)		
mp-6972	YCuO2	4	R-3m (166)	NOTCONV_MAY	2.7011	4.3715	N	I		2.6406	0.0011	True	4.1300	4.4900	kr7	b695fa65c (tf32, t_tetrakbt -300)		R=4.3705
mp-1066131	YTlS2	4	R-3m (166)	SUSPECT_GOOD	1.3742	2.2856	N	I	CHECK	1.5011	0.0000	True	2.2400	2.4000	kt1	989a18637 (tf32, t_tetrakbt -300)		M=2.5780;R=2.2857
mp-1067744	YTlSe2	4	R-3m (166)	GOOD	1.1592	1.9996	N	I	differs	1.2644	0.0000	True	1.9500	2.1100	kr7	b695fa65c (tf32, t_tetrakbt -300)		M=1.8790
mp-1065514	YTlTe2	4	R-3m (166)	GOOD	0.5715	1.2278	N	I		0.6541	0.0000	True	1.2600	1.3700	kr7	b695fa65c (tf32, t_tetrakbt -300)		M=1.2370
mp-2133	Zn2O2	4	P6_3mc (186)	GOOD	0.7502	3.1547	N	D		0.7316	0.0000	True	2.9000	3.6100	kr7	b695fa65c (tf32, t_tetrakbt -300)		M=3.1760
mp-560588	Zn2S2	4	P6_3mc (186)	GOOD	1.9860	3.7386	N	D		2.0776	0.0030	True	3.7700	4.1400	kr7	b695fa65c (tf32, t_tetrakbt -300)		M=3.7770
mp-380	Zn2Se2	4	P6_3mc (186)	GOOD	1.1000	2.7710	M	D		1.2003	0.0040	True	2.8000	3.1700		2026-04/05 (~/bin2, all-TF32 --mp)		
mp-22995	Ag3SI	5	R3 (146)	GOOD	0.3960	1.5340	M	I		0.5390	0.0668	True	1.5100	1.8600		2026-04/05 (~/bin2, all-TF32 --mp)		
mp-558189	Ag3SI	5	Pm-3m (221)	FAILED_MAY	0.4798	1.8123	R	I		0.6243	0.1164	True	1.7800	2.1000		989a18637 (fp32, t_tetrakbt +300)		
mp-8196	AgNO3	5	R3m (160)	FAILED_MAY	1.5257	5.0559	R	I		1.7204	0.0312	True	4.9200	5.6200		989a18637 (fp32, t_tetrakbt +300)		
mp-9307	Ba2ZnN2	5	I4/mmm (139)	NOTCONV_MAY	0.4626	1.5353	R	I		0.4771	0.0000	True	1.5500	1.7400		989a18637 (fp32, t_tetrakbt +300)		
mp-8579	BaAg2S2	5	P-3m1 (164)	GOOD	0.7320	1.9760	M	D		0.8761	0.0083	True	1.9200	2.2600		2026-04/05 (~/bin2, all-TF32 --mp)		
mp-4559	BaCO3	5	R3m (160)	FAILED_MAY	4.3549	7.4650	R	I		4.4228	0.0218	True	7.4500	8.1000		989a18637 (fp32, t_tetrakbt +300)		
mp-8281	BaCd2As2	5	P-3m1 (164)	GOOD	0.0370	0.8490	M	D		0.1576	0.0000	True	0.7700	1.0200		2026-04/05 (~/bin2, all-TF32 --mp)		
mp-8279	BaCd2P2	5	P-3m1 (164)	GOOD	0.5310	1.3070	M	D		0.6823	0.0000	True	1.2800	1.4900		2026-04/05 (~/bin2, all-TF32 --mp)		
mp-4255	BaCu2S2	5	I4/mmm (139)	DRIFT_GOOD	0.4699	1.5184	N	D		0.5012	0.0062	True	1.4500	1.7500	kt1	989a18637 (tf32, t_tetrakbt -300)		M=1.5230
mp-10437	BaCu2Se2	5	I4/mmm (139)	GOOD	0.3940	1.3220	M	D		0.3703	0.0369	True	1.3000	1.5700		2026-04/05 (~/bin2, all-TF32 --mp)		
mp-10250	BaLiF3	5	Pm-3m (221)	NOTCONV_MAY	6.6197	10.8625	R	D		6.5716	0.0219	True	10.9900	11.8300		989a18637 (fp32, t_tetrakbt +300)		
mp-23818	BaLiH3	5	Pm-3m (221)	GOOD	2.0120	4.3290	M	I		2.2146	0.0000	True	4.2300	4.8400		2026-04/05 (~/bin2, all-TF32 --mp)		
mp-632808	BaLiH3	5	Pm-3m (221)	GOOD	1.0710	3.4590	M	I		1.1987	0.6206	True	3.1200	3.9100		2026-04/05 (~/bin2, all-TF32 --mp)		
mp-8280	BaMg2As2	5	P-3m1 (164)	GOOD	1.0120	2.0050	M	I		1.0689	0.0000	True	2.0000	2.2000		2026-04/05 (~/bin2, all-TF32 --mp)		
mp-29209	BaMg2Bi2	5	P-3m1 (164)	GOOD	0.4090	1.2520	M	D		0.3968	0.0000	True	1.2600	1.4400		2026-04/05 (~/bin2, all-TF32 --mp)		
mp-8278	BaMg2P2	5	P-3m1 (164)	GOOD	1.0520	2.0950	M	I		1.1366	0.0000	True	2.1300	2.3400		2026-04/05 (~/bin2, all-TF32 --mp)		
mp-9567	BaMg2Sb2	5	P-3m1 (164)	GOOD	0.8310	1.6720	M	I		0.8466	0.0000	True	1.7000	1.8500		2026-04/05 (~/bin2, all-TF32 --mp)		
mp-3163	BaSnO3	5	Pm-3m (221)	GOOD	0.5087	2.7409	N	I	CHECK	0.3730	0.0000	True	2.6800	3.2100	kt1	989a18637 (tf32, t_tetrakbt -300)		M=2.3480
mp-5020	BaTiO3	5	R3m (160)	GOOD	2.2580	4.2040	M	I		2.5527	0.0000	True	4.1500	4.6300		2026-04/05 (~/bin2, all-TF32 --mp)		
mp-5777	BaTiO3	5	Amm2 (38)	GOOD	2.0514	3.9985	N	I		2.2934	0.0000	True	3.9200	4.3800	kt1	989a18637 (tf32, t_tetrakbt -300)		M=3.9730
mp-5986	BaTiO3	5	P4mm (99)	GOOD	1.6770	3.3870	M	I		1.7237	0.0020	True	3.4300	3.8800		2026-04/05 (~/bin2, all-TF32 --mp)		
mp-644497	BaTiO3	5	Amm2 (38)	NOTCONV_MAY	0.3229	2.7060	R	I		0.4807	0.7143	True	2.5900	3.1900		989a18637 (fp32, t_tetrakbt +300)		
mp-3834	BaZrO3	5	Pm-3m (221)	GOOD	2.9840	5.3300	M	I		3.0441	0.0001	True	5.3000	5.8000		2026-04/05 (~/bin2, all-TF32 --mp)		
mp-1017552	Bi2O3	5	P-3m1 (164)	GOOD	1.1130	1.8660	M	I		1.1218	0.0850	True	1.8900	1.9700		2026-04/05 (~/bin2, all-TF32 --mp)		
mp-541837	Bi2Se3	5	R-3m (166)	DRIFT_GOOD	0.3233	0.8003	N	D	differs	0.5532	0.0000	True	0.8200	0.9300	kt1	989a18637 (tf32, t_tetrakbt -300)		M=0.7150
mp-552098	Bi2SeO2	5	I4/mmm (139)	FAILED_MAY	0.3766	0.9659	R	I		0.3687	0.0607	True	1.0300	1.1000		989a18637 (fp32, t_tetrakbt +300)		
mp-27910	Bi2Te2S	5	R-3m (166)	GOOD	0.4220	0.8190	M	D		0.6238	0.0000	True	0.8400	0.9100		2026-04/05 (~/bin2, all-TF32 --mp)		
mp-29666	Bi2Te2Se	5	R-3m (166)	GOOD	0.3840	0.7860	M	D		0.5442	0.0000	True	0.8100	0.8700		2026-04/05 (~/bin2, all-TF32 --mp)		
mp-34202	Bi2Te3	5	R-3m (166)	GOOD	0.5000	0.8680	M	D		0.3388	0.0000	True	0.9300	1.0000		2026-04/05 (~/bin2, all-TF32 --mp)		
mp-31406	Bi2TeSe2	5	R-3m (166)	GOOD	0.8120	1.4030	M	I		0.9316	0.1144	True	1.5300	1.6000		2026-04/05 (~/bin2, all-TF32 --mp)		
mp-27962	CI4	5	I-42m (121)	NOTCONV_MAY	1.0228	3.2780	R	D		1.1181	0.2295	True	3.2900	3.7700		989a18637 (fp32, t_tetrakbt +300)		
mp-8818	Ca2ZnN2	5	I4/mmm (139)	NOTCONV_MAY	0.7042	1.9712	R	I		0.7612	0.0000	True	2.0100	2.2100		989a18637 (fp32, t_tetrakbt +300)		
mp-7223	Ca3AsN	5	Pm-3m (221)	GOOD	0.6500	1.8090	M	D		0.7170	0.0080	True	1.7900	2.0600		2026-04/05 (~/bin2, all-TF32 --mp)		
mp-31149	Ca3BiN	5	Pm-3m (221)	GOOD	0.3560	1.2950	M	D		0.3691	0.0000	True	1.3000	1.5300		2026-04/05 (~/bin2, all-TF32 --mp)		
mp-13146	Ca3N2	5	P-3m1 (164)	GOOD	1.3800	2.4000	M	I		1.4173	0.0929	True	2.3000	2.6200		2026-04/05 (~/bin2, all-TF32 --mp)		
mp-11824	Ca3PN	5	Pm-3m (221)	GOOD	0.7180	1.9020	M	D		0.8056	0.0000	True	1.9300	2.2200		2026-04/05 (~/bin2, all-TF32 --mp)		
mp-1018630	CaBe2As2	5	P-3m1 (164)	GOOD	0.6060	1.4880	M	I		0.6614	0.0000	True	1.5900	1.7000		2026-04/05 (~/bin2, all-TF32 --mp)		
mp-1017548	CaBe2P2	5	P-3m1 (164)	GOOD	0.6510	1.6630	M	I		0.7359	0.0000	True	1.7200	1.8600		2026-04/05 (~/bin2, all-TF32 --mp)		
mp-7067	CaCd2As2	5	P-3m1 (164)	GOOD	0.0700	0.9380	M	D		0.2186	0.0000	True	0.9100	1.1700		2026-04/05 (~/bin2, all-TF32 --mp)		
mp-9570	CaCd2P2	5	P-3m1 (164)	GOOD	0.6640	1.5040	M	D		0.8209	0.0000	True	1.5100	1.7000		2026-04/05 (~/bin2, all-TF32 --mp)		
mp-7430	CaCd2Sb2	5	P-3m1 (164)	GOOD	0.1770	0.8010	M	I		0.1020	0.0000	True	0.6900	1.0100		2026-04/05 (~/bin2, all-TF32 --mp)		
mp-1070099	CaGa2As2	5	R-3m (166)	GOOD	0.1130	0.3750	M	I		0.0000	0.0000	True	0.2900	0.4800		2026-04/05 (~/bin2, all-TF32 --mp)		
mp-23879	CaH2O2	5	P-3m1 (164)	GOOD	4.0220	7.3300	M	D		4.1225	0.0000	True	7.4400	8.3100		2026-04/05 (~/bin2, all-TF32 --mp)		
mp-9564	CaMg2As2	5	P-3m1 (164)	GOOD	1.1620	2.2510	M	I		1.2605	0.0000	True	2.2900	2.5000		2026-04/05 (~/bin2, all-TF32 --mp)		
mp-29208	CaMg2Bi2	5	P-3m1 (164)	GOOD	0.4350	1.2880	M	D		0.3886	0.0000	True	1.3200	1.5100		2026-04/05 (~/bin2, all-TF32 --mp)		
mp-5795	CaMg2N2	5	P-3m1 (164)	GOOD	2.1810	3.5930	M	D		1.9919	0.0000	True	3.5900	3.9500		2026-04/05 (~/bin2, all-TF32 --mp)		
mp-9565	CaMg2Sb2	5	P-3m1 (164)	GOOD	0.7580	1.6250	M	I		0.7931	0.0000	True	1.7000	1.8400		2026-04/05 (~/bin2, all-TF32 --mp)		
mp-5893	CaSiO3	5	Pm-3m (221)	GOOD	3.3560	6.1870	M	I		3.4579	0.2442	True	6.3700	6.9500		2026-04/05 (~/bin2, all-TF32 --mp)		
mp-7986	CaSnO3	5	Pm-3m (221)	GOOD	1.1268	3.5897	N	I	CHECK	1.3941	0.2101	True	3.5600	4.1200	kt1	989a18637 (tf32, t_tetrakbt -300)		M=3.9230
mp-5827	CaTiO3	5	Pm-3m (221)	GOOD	1.7180	3.8200	M	I		1.8272	0.0645	True	2.5700	4.2400		2026-04/05 (~/bin2, all-TF32 --mp)		
mp-9571	CaZn2As2	5	P-3m1 (164)	GOOD	0.2920	1.3960	M	D		0.3905	0.0000	True	1.4200	1.6300		2026-04/05 (~/bin2, all-TF32 --mp)		
mp-9569	CaZn2P2	5	P-3m1 (164)	GOOD	0.7070	1.6930	M	I		0.8742	0.0000	True	1.7400	1.9000		2026-04/05 (~/bin2, all-TF32 --mp)		
mp-542112	CaZrO3	5	Pm-3m (221)	GOOD	3.0420	5.4360	M	I		3.2122	0.1919	True	5.2100	5.7900		2026-04/05 (~/bin2, all-TF32 --mp)		
mp-625548	CdH2O2	5	P-3m1 (164)	FAILED_MAY	1.5132	4.1643	R	I		1.6420	0.0045	True	3.8000	4.3600		989a18637 (fp32, t_tetrakbt +300)		
mp-27710	CrB4	5	Immm (71)	UNKNOWN_MAY		0.0000	N	metal		0.0000	0.0086	True			kt1	989a18637 (tf32, t_tetrakbt -300)		R=0.0000
mp-7232	Cs2HgO2	5	I4/mmm (139)	NOTCONV_MAY	1.9931	4.3541	R	I		2.0818	0.0000	True	4.4800	4.8600		989a18637 (fp32, t_tetrakbt +300)		
mp-505824	Cs2PdC2	5	P-3m1 (164)	GOOD	1.7030	3.1200	M	D		2.2569	0.0696	True	3.0700	3.3600		2026-04/05 (~/bin2, all-TF32 --mp)		
mp-505825	Cs2PtC2	5	P-3m1 (164)	GOOD	1.1960	2.4340	M	I		1.2814	0.0000	True	2.3700	2.5600		2026-04/05 (~/bin2, all-TF32 --mp)		
mp-28873	CsBrO3	5	R3m (160)	NOTCONV_MAY	4.0234	7.0588	R	D		4.1681	0.0000	True	7.3600	7.6900		989a18637 (fp32, t_tetrakbt +300)		
mp-30056	CsCaBr3	5	Pm-3m (221)	GOOD	4.1570	6.9790	M	I		4.3923	0.0000	True	7.0900	7.6900		2026-04/05 (~/bin2, all-TF32 --mp)		
mp-7104	CsCaF3	5	Pm-3m (221)	GOOD	6.9110	11.3480	M	D		6.9004	0.0000	True	11.1600	12.0900		2026-04/05 (~/bin2, all-TF32 --mp)		
mp-644203	CsCaH3	5	Pm-3m (221)	GOOD	2.8140	5.9280	M	D		3.1408	0.0122	True	5.8300	6.5900		2026-04/05 (~/bin2, all-TF32 --mp)		
mp-570231	CsCdBr3	5	Pm-3m (221)	DRIFT_GOOD	0.5039	2.7738	N	I		0.6966	0.0327	True	2.6400	3.2600	kt1	989a18637 (tf32, t_tetrakbt -300)		M=2.7820
mp-568544	CsCdCl3	5	Pm-3m (221)	GOOD	1.4580	4.2120	M	I		1.7417	0.0026	True	4.1300	4.8200		2026-04/05 (~/bin2, all-TF32 --mp)		
mp-8399	CsCdF3	5	Pm-3m (221)	GOOD	3.1550	6.9830	M	I		3.2804	0.0000	True	6.9300	7.8600		2026-04/05 (~/bin2, all-TF32 --mp)		
mp-1068340	CsGeBr3	5	R3m (160)	GOOD	1.1330	2.5590	M	D		1.1965	0.0000	True	2.3800	2.6100		2026-04/05 (~/bin2, all-TF32 --mp)		
mp-570223	CsGeBr3	5	Pm-3m (221)	GOOD	0.5630	1.4450	M	D		0.7484	0.0168	True	1.2100	1.3200		2026-04/05 (~/bin2, all-TF32 --mp)		
mp-22988	CsGeCl3	5	R3m (160)	GOOD	1.9770	3.8440	M	D		2.1558	0.0000	True	3.8000	4.1400		2026-04/05 (~/bin2, all-TF32 --mp)		
mp-28377	CsGeI3	5	R3m (160)	GOOD	1.0580	1.9630	M	D		0.9905	0.0000	True	1.8400	1.9100		2026-04/05 (~/bin2, all-TF32 --mp)		
mp-561947	CsHgF3	5	Pm-3m (221)	DRIFT_GOOD	0.5062	3.4789	N	I		0.7167	0.0000	True	3.2600	4.0100	kt1	989a18637 (tf32, t_tetrakbt -300)		M=3.4310
mp-8401	CsMgF3	5	Pm-3m (221)	GOOD	6.4730	10.8210	M	D		6.7028	0.0576	True	11.0400	11.8400		2026-04/05 (~/bin2, all-TF32 --mp)		
mp-600089	CsPbBr3	5	Pm-3m (221)	GOOD	1.5740	3.1030	M	D		1.7819	0.0251	True	2.9300	3.2100		2026-04/05 (~/bin2, all-TF32 --mp)		
mp-23037	CsPbCl3	5	Pm-3m (221)	DRIFT_GOOD	1.9366	3.7672	N	D		2.1878	0.0128	True	3.5900	3.9700	kt1	989a18637 (tf32, t_tetrakbt -300)		M=3.7690
mp-5811	CsPbF3	5	Pm-3m (221)	GOOD	2.6930	5.0770	M	D		2.9227	0.0091	True	5.0000	5.4600		2026-04/05 (~/bin2, all-TF32 --mp)		
mp-1069538	CsPbI3	5	Pm-3m (221)	GOOD	1.2350	2.2870	M	D		1.4788	0.0250	True	2.2100	2.3400		2026-04/05 (~/bin2, all-TF32 --mp)		
mp-27214	CsSnBr3	5	Pm-3m (221)	GOOD	0.4740	1.4730	M	D		0.5984	0.0112	True	1.2700	1.4100		2026-04/05 (~/bin2, all-TF32 --mp)		
mp-1070375	CsSnCl3	5	Pm-3m (221)	GOOD	0.7380	1.9940	M	D		0.9753	0.0227	True	1.7800	2.0400		2026-04/05 (~/bin2, all-TF32 --mp)		
mp-614013	CsSnI3	5	Pm-3m (221)	GOOD	0.4750	1.2400	M	D		0.4500	0.0000	True	1.0500	1.1100		2026-04/05 (~/bin2, all-TF32 --mp)		
mp-8397	CsSrF3	5	Pm-3m (221)	GOOD	6.1400	10.3060	M	D		6.1846	0.0034	True	10.4100	11.2900		2026-04/05 (~/bin2, all-TF32 --mp)		
mp-9816	GeF4	5	I-43m (217)	NOTCONV_MAY	5.1058	10.5390	R	I		5.5175	0.0000	True	10.9800	11.8400		989a18637 (fp32, t_tetrakbt +300)		
mp-1017567	Hf2SN2	5	P-3m1 (164)	GOOD	0.9400	2.0790	M	I	path<mesh(mesh)	0.8851	0.0000	True	1.9600	2.1800		2026-04/05 (~/bin2, all-TF32 --mp)		
mp-1069533	Hf2SN2	5	Immm (71)	GOOD	1.9130	3.2460	M	I		2.0821	0.0210	True	3.1700	3.4500		2026-04/05 (~/bin2, all-TF32 --mp)		
mp-22535	HfPbO3	5	Pm-3m (221)	FAILED_MAY	2.3065	3.5834	R	D		2.4149	0.0406	True	3.5400	3.8500		989a18637 (fp32, t_tetrakbt +300)		
mp-1017565	In2Se3	5	P-3m1 (164)	GOOD	0.0770	0.9350	M	I		0.1045	0.0384	True	0.9200	1.0900		2026-04/05 (~/bin2, all-TF32 --mp)		
mp-10408	K2CN2	5	C2/m (12)	GOOD	3.1240	5.6080	M	D		3.1433	0.0000	True	5.7600	6.2700		2026-04/05 (~/bin2, all-TF32 --mp)		
mp-5860	K2HgO2	5	I4/mmm (139)	NOTCONV_MAY	2.0489	4.4947	R	I		2.0938	0.0000	True	4.6500	5.0200		989a18637 (fp32, t_tetrakbt +300)		
mp-1068977	K2PdC2	5	P-3m1 (164)	GOOD	1.4020	2.8590	M	I		1.8072	0.0000	True	2.7500	3.0800		2026-04/05 (~/bin2, all-TF32 --mp)		
mp-540584	K2PdO2	5	Immm (71)	GOOD	1.3030	3.7820	M	I		1.3702	0.0000	True	3.9600	4.4800		2026-04/05 (~/bin2, all-TF32 --mp)		
mp-1068941	K2PdS2	5	Immm (71)	GOOD	0.8970	2.6210	M	I		1.0862	0.0000	True	2.7300	3.0600		2026-04/05 (~/bin2, all-TF32 --mp)		
mp-1069706	K2PdSe2	5	Immm (71)	GOOD	0.6390	2.0480	M	I		0.7168	0.0000	True	2.1200	2.3500		2026-04/05 (~/bin2, all-TF32 --mp)		
mp-976876	K2PtC2	5	P-3m1 (164)	GOOD	0.8930	2.1200	M	I		0.9938	0.0000	True	2.0000	2.2200		2026-04/05 (~/bin2, all-TF32 --mp)		
mp-7928	K2PtS2	5	Immm (71)	GOOD	1.0180	2.8770	M	I		1.2067	0.0000	True	2.9200	3.2700		2026-04/05 (~/bin2, all-TF32 --mp)		
mp-8621	K2PtSe2	5	Immm (71)	GOOD	0.7400	2.4140	M	I		0.9129	0.0000	True	2.4400	2.7600		2026-04/05 (~/bin2, all-TF32 --mp)		
mp-1068813	K2Te2Pd	5	Immm (71)	GOOD	0.6050	1.5890	M	I		0.5463	0.1527	True	1.6700	1.8600		2026-04/05 (~/bin2, all-TF32 --mp)		
mp-8623	K2Te2Pt	5	Immm (71)	GOOD	0.6030	1.8550	M	I		0.7591	0.0000	True	1.9200	2.1000		2026-04/05 (~/bin2, all-TF32 --mp)		
mp-9200	K3AuO	5	Pm-3m (221)	GOOD	0.4450	2.1670	M	I		0.5612	0.0000	True	1.8800	2.4500		2026-04/05 (~/bin2, all-TF32 --mp)		
mp-28166	K3BrO	5	Pm-3m (221)	GOOD	0.8760	3.2190	M	D		0.8913	0.0902	True	3.1300	3.8700		2026-04/05 (~/bin2, all-TF32 --mp)		
mp-28171	K3IO	5	Pm-3m (221)	GOOD	1.0050	3.1670	M	D		1.0284	0.0383	True	3.1300	3.8100		2026-04/05 (~/bin2, all-TF32 --mp)		
mp-22958	KBrO3	5	R3m (160)	GOOD	3.6240	6.9750	M	D		3.8569	0.0000	True				2026-04/05 (~/bin2, all-TF32 --mp)		
mp-4950	KCaF3	5	Pm-3m (221)	NOTCONV_MAY	5.8742	10.4145	R	I		6.1392	0.0239	True	10.4800	11.5600		989a18637 (fp32, t_tetrakbt +300)		
mp-10175	KCdF3	5	Pm-3m (221)	GOOD	2.9110	6.8990	M	I		3.0933	0.0256	True	6.9200	7.9400		2026-04/05 (~/bin2, all-TF32 --mp)		
mp-550506	KClO3	5	R3m (160)	NOTCONV_MAY	5.0549	8.7624	R	I		5.2294	0.0620	True	8.9700	9.5300		989a18637 (fp32, t_tetrakbt +300)		
mp-552729	KIO3	5	R3m (160)	DRIFT_GOOD	2.4366	4.5889	N	D		2.5779	0.0068	True	4.6800	5.0500	kt1	989a18637 (tf32, t_tetrakbt -300)		M=4.5490
mp-3448	KMgF3	5	Pm-3m (221)	NOTCONV_MAY	7.1196	12.0046	R	I		6.9537	0.0000	True	12.2400	13.2100		989a18637 (fp32, t_tetrakbt +300)		
mp-23737	KMgH3	5	Pm-3m (221)	GOOD	2.1600	5.2920	M	I		2.4580	0.0000	True	5.2300	6.0400		2026-04/05 (~/bin2, all-TF32 --mp)		
mp-6920	KNO3	5	R3m (160)	GOOD	2.8521	7.2834	N	D	differs	2.9813	0.0026	True	8.3700	8.1200	kt1	989a18637 (tf32, t_tetrakbt -300)		M=7.3690
mp-4342	KNbO3	5	P4mm (99)	GOOD	1.1700	2.8840	M	I		1.4744	0.0012	True	2.9200	3.2200		2026-04/05 (~/bin2, all-TF32 --mp)		
mp-5246	KNbO3	5	Amm2 (38)	GOOD	1.6150	3.4600	M	I		2.0587	0.0004	True	3.4600	3.7800		2026-04/05 (~/bin2, all-TF32 --mp)		
mp-7375	KNbO3	5	R3m (160)	GOOD	1.8790	3.6690	M	I		2.3108	0.0000	True	3.7500	4.0700		2026-04/05 (~/bin2, all-TF32 --mp)		
mp-935811	KNbO3	5	Pm-3m (221)	GOOD	1.2280	2.6620	M	I		1.4216	0.0077	True	2.7500	2.9800		2026-04/05 (~/bin2, all-TF32 --mp)		
mp-3614	KTaO3	5	Pm-3m (221)	DRIFT_GOOD	1.9633	3.9363	N	I	differs	2.0976	0.0000	True	3.9200	4.3500	kt1	989a18637 (tf32, t_tetrakbt -300)		M=3.9960
mp-5878	KZnF3	5	Pm-3m (221)	GOOD	3.7060	8.1920	M	I		3.6837	0.0000	True	8.3800	9.4200		2026-04/05 (~/bin2, all-TF32 --mp)		
mp-9610	Li2CN2	5	I4/mmm (139)	DRIFT_GOOD	3.3725	5.7611	N	D	differs	3.7395	0.0000	True			kt1	989a18637 (tf32, t_tetrakbt -300)		M=5.8580
mp-19183	Li2NiO2	5	Immm (71)	NOTCONV_MAY	0.2473	2.7837	R	I		0.6211	0.0931	True	-2.4100	3.1000		989a18637 (fp32, t_tetrakbt +300)		
mp-7608	Li2PdO2	5	Immm (71)	GOOD	1.0870	3.5380	M	I		1.1973	0.0000	True				2026-04/05 (~/bin2, all-TF32 --mp)		
mp-3216	Li2ZrN2	5	P-3m1 (164)	GOOD	1.6800	2.9900	M	I		1.5641	0.0000	True	3.0700	3.2600		2026-04/05 (~/bin2, all-TF32 --mp)		
mp-28593	Li3BrO	5	Pm-3m (221)	NOTCONV_MAY	4.5185	7.1604	R	D		4.3357	0.1439	True	7.2900	7.7900		989a18637 (fp32, t_tetrakbt +300)		
mp-2646	Mg3Sb2	5	P-3m1 (164)	GOOD	0.1350	0.8550	M	I		0.2172	0.0069	True	0.8600	0.9600		2026-04/05 (~/bin2, all-TF32 --mp)		
mp-9514	MgAl2C2	5	P-3m1 (164)	GOOD	1.7670	2.5730	M	I		1.7463	0.0082	True	2.6600	2.7700		2026-04/05 (~/bin2, all-TF32 --mp)		
mp-865185	MgBe2As2	5	P-3m1 (164)	GOOD	0.5720	1.3760	M	I	path<mesh(mesh)	0.4042	0.0000	True	1.2800	1.3500		2026-04/05 (~/bin2, all-TF32 --mp)		
mp-11917	MgBe2N2	5	P-3m1 (164)	GOOD	4.1010	5.8740	M	I		4.0654	0.0000	True	6.0900	6.3800		2026-04/05 (~/bin2, all-TF32 --mp)		
mp-1017628	MgBe2P2	5	P-3m1 (164)	GOOD	0.7570	1.7360	M	I	path<mesh(mesh)	0.6341	0.0000	True	1.6400	1.7300		2026-04/05 (~/bin2, all-TF32 --mp)		
mp-30247	MgH2O2	5	P-3m1 (164)	NOTCONV_MAY	4.3200	8.1513	R	D		4.1797	0.0000	True	8.1900	8.9600		989a18637 (fp32, t_tetrakbt +300)		
mp-541989	Na2CN2	5	C2/m (12)	NOTCONV_MAY	2.9181	5.5715	R	I		3.0240	0.0000	True	5.8200	6.2200		989a18637 (fp32, t_tetrakbt +300)		
mp-4961	Na2HgO2	5	I4/mmm (139)	NOTCONV_MAY	1.6509	3.7941	R	I		1.6647	0.0000	True	3.9500	4.2300		989a18637 (fp32, t_tetrakbt +300)		
mp-4823	Na2PdC2	5	P-3m1 (164)	GOOD	0.8480	2.1150	M	I		0.8844	0.0453	True	2.0200	2.3100		2026-04/05 (~/bin2, all-TF32 --mp)		
mp-4366	Na2PtC2	5	P-3m1 (164)	GOOD	0.3070	1.3670	M	I		0.3749	0.0574	True	1.2700	1.4600		2026-04/05 (~/bin2, all-TF32 --mp)		
mp-22313	Na2PtO2	5	Immm (71)	GOOD	1.3680	3.8060	M	I		1.4786	0.0000	True	3.8400	4.2200		2026-04/05 (~/bin2, all-TF32 --mp)		
mp-28602	Na3ClO	5	Pm-3m (221)	GOOD	2.3200	5.0140	M	D		2.0519	0.1206	True	5.1000	5.8400		2026-04/05 (~/bin2, all-TF32 --mp)		
mp-560399	NaMgF3	5	Pm-3m (221)	NOTCONV_MAY	5.6966	10.7188	R	I		5.9262	0.0416	True	11.0100	11.9800		989a18637 (fp32, t_tetrakbt +300)		
mp-3136	NaNbO3	5	Pm-3m (221)	GOOD	1.2820	2.8360	M	I		1.5312	0.0443	True	2.8800	3.1400		2026-04/05 (~/bin2, all-TF32 --mp)		
mp-4170	NaTaO3	5	Pm-3m (221)	GOOD	2.1170	4.1810	M	I		2.2596	0.0278	True	4.2300	4.6900		2026-04/05 (~/bin2, all-TF32 --mp)		
mp-12725	NbAgO3	5	Pm-3m (221)	FAILED_MAY	1.0946	2.4423	N	I		1.3336	0.0919	True	2.4500	2.6800	kt1	989a18637 (tf32, t_tetrakbt -300)		R=2.4426
mp-551905	OsO4	5	C2 (5)	NOTCONV_MAY	3.1690	6.3278	R	I		3.2472	0.0015	True	7.2000	6.9800		989a18637 (fp32, t_tetrakbt +300)		
mp-341	PbF4	5	I4/mmm (139)	NOTCONV_MAY	1.8435	5.1325	R	I		1.9294	0.0000	True	5.0400	5.6500		989a18637 (fp32, t_tetrakbt +300)		
mp-1069193	PdN2Cl2	5	P1 (1)	GOOD	0.1280	1.2290	M	I		0.1874	1.3658	True	1.1300	1.3400		2026-04/05 (~/bin2, all-TF32 --mp)		
mp-5072	Rb2HgO2	5	I4/mmm (139)	NOTCONV_MAY	1.9710	4.4624	R	D		2.0300	0.0000	True	4.5900	4.9900		989a18637 (fp32, t_tetrakbt +300)		
mp-10918	Rb2PdC2	5	P-3m1 (164)	GOOD	1.5510	2.9010	M	I		2.0074	0.0560	True	2.9200	3.2200		2026-04/05 (~/bin2, all-TF32 --mp)		
mp-1069771	Rb2PdSe2	5	Immm (71)	GOOD	0.7300	2.1880	M	I		0.8287	0.0000	True	2.3100	2.5300		2026-04/05 (~/bin2, all-TF32 --mp)		
mp-10919	Rb2PtC2	5	P-3m1 (164)	GOOD	1.0490	2.3590	M	D		1.1393	0.0000	True	2.1600	2.3600		2026-04/05 (~/bin2, all-TF32 --mp)		
mp-7929	Rb2PtS2	5	Immm (71)	GOOD	1.0280	2.7560	M	I		1.2189	0.0000	True	2.9400	3.2600		2026-04/05 (~/bin2, all-TF32 --mp)		
mp-8622	Rb2PtSe2	5	Immm (71)	GOOD	0.7940	2.4050	M	I		0.9644	0.0000	True	2.5400	2.8600		2026-04/05 (~/bin2, all-TF32 --mp)		
mp-1070356	Rb2Te2Pd	5	Immm (71)	GOOD	0.5490	1.4080	M	I		0.3053	0.0630	True	1.5200	1.6700		2026-04/05 (~/bin2, all-TF32 --mp)		
mp-1070498	Rb2Te2Pt	5	Immm (71)	GOOD	0.7610	2.0930	M	I		0.8827	0.0375	True	2.1800	2.3600		2026-04/05 (~/bin2, all-TF32 --mp)		
mp-4405	Rb3AuO	5	Pm-3m (221)	GOOD	0.0700	1.8470	M	I		0.1979	0.0000	True	1.4000	1.9600		2026-04/05 (~/bin2, all-TF32 --mp)		
mp-30055	Rb3BrO	5	Pm-3m (221)	GOOD	0.3460	2.5800	M	D		0.3851	0.0977	True	2.2300	3.0600		2026-04/05 (~/bin2, all-TF32 --mp)		
mp-28872	RbBrO3	5	R3m (160)	GOOD	3.8050	6.9200	M	D		3.9953	0.0000	True	7.1100	7.4700		2026-04/05 (~/bin2, all-TF32 --mp)		
mp-3654	RbCaF3	5	Pm-3m (221)	GOOD	6.3230	10.5900	M	I		6.3971	0.0000	True	10.8400	11.8300		2026-04/05 (~/bin2, all-TF32 --mp)		
mp-23949	RbCaH3	5	Pm-3m (221)	GOOD	2.9230	6.2430	M	I		3.2723	0.0180	True	6.1000	6.9000		2026-04/05 (~/bin2, all-TF32 --mp)		
mp-6951	RbCdF3	5	Pm-3m (221)	NOTCONV_MAY	2.9979	7.0393	R	I		3.1689	0.0000	True	6.9400	7.9100		989a18637 (fp32, t_tetrakbt +300)		
mp-23011	RbClO3	5	R3m (160)	FAILED_MAY	5.1610	8.8110	R	I		5.3288	0.0652	True	9.0300	9.5800		989a18637 (fp32, t_tetrakbt +300)		
mp-571458	RbGeI3	5	Pm-3m (221)	GOOD	0.5000	1.1120	M	D		0.5181	0.0134	True	0.9700	0.9800		2026-04/05 (~/bin2, all-TF32 --mp)		
mp-7482	RbHgF3	5	Pm-3m (221)	GOOD	0.4140	3.4250	M	I		0.6454	0.0000	True	3.3100	4.1100		2026-04/05 (~/bin2, all-TF32 --mp)		
mp-27193	RbIO3	5	R3m (160)	GOOD	2.7580	4.9550	M	D		2.8369	0.0000	True	5.0600	5.3500		2026-04/05 (~/bin2, all-TF32 --mp)		
mp-8402	RbMgF3	5	Pm-3m (221)	GOOD	7.1132	11.8512	N	I	differs	6.9351	0.0000	True	12.0900	12.9500	kt1	989a18637 (tf32, t_tetrakbt -300)		M=12.0070
mp-21043	RbPbF3	5	Pm-3m (221)	GOOD	2.9784	5.5288	N	I	differs	3.0422	0.0411	True	5.4600	5.9600	kt1	989a18637 (tf32, t_tetrakbt -300)		M=5.7170
mp-3525	Sb2Te2Se	5	R-3m (166)	GOOD	0.0930	0.3550	M	D		0.1308	0.1502	True	0.3600	0.4100		2026-04/05 (~/bin2, all-TF32 --mp)		
mp-1201	Sb2Te3	5	R-3m (166)	GOOD	0.2360	0.5020	M	D		0.1611	0.0000	True	0.5400	0.5700		2026-04/05 (~/bin2, all-TF32 --mp)		
mp-571550	Sb2TeSe2	5	R-3m (166)	GOOD	0.5010	0.8100	M	D		0.5484	0.1098	True	1.0100	1.0700		2026-04/05 (~/bin2, all-TF32 --mp)		
mp-8612	Sb2TeSe2	5	R3m (160)	GOOD	0.4340	0.7330	M	I		0.4864	0.0731	True	0.7400	0.7900		2026-04/05 (~/bin2, all-TF32 --mp)		
mp-1818	SiF4	5	I-43m (217)	GOOD	7.5890	13.0210	M	I		7.7298	0.0000	True	13.6200	14.5700		2026-04/05 (~/bin2, all-TF32 --mp)		
mp-2706	SnF4	5	I4/mmm (139)	DRIFT_GOOD	3.0406	7.4709	N	I	differs	3.1150	0.0000	True	7.6600	8.5200	kt1	989a18637 (tf32, t_tetrakbt -300)		M=7.3050
mp-571436	SnI4	5	P-43m (215)	GOOD	1.0960	3.3590	M	I		1.5297	0.0280	True	3.5000	3.8300		2026-04/05 (~/bin2, all-TF32 --mp)		
mp-1069819	SnN2F2	5	C2/m (12)	GOOD	0.9995	4.1233	N	D	CHECK	0.9391	0.4591	True	4.3300	4.7500	kt1	989a18637 (tf32, t_tetrakbt -300)		M=3.6090
mp-9306	Sr2ZnN2	5	I4/mmm (139)	GOOD	0.7140	1.6340	M	D		0.7384	0.0000	True	1.8700	1.9800		2026-04/05 (~/bin2, all-TF32 --mp)		
mp-570008	Sr3BiN	5	Pm-3m (221)	GOOD	0.2630	1.0140	M	D		0.2569	0.0000	True	0.9500	1.1800		2026-04/05 (~/bin2, all-TF32 --mp)		
mp-7752	Sr3SbN	5	Pm-3m (221)	GOOD	0.2540	1.0640	M	D		0.2577	0.0000	True	1.0100	1.2500		2026-04/05 (~/bin2, all-TF32 --mp)		
mp-1068011	SrAlH3	5	Pm-3m (221)	GOOD	0.5630	1.1970	M	I		0.0738	0.6990	True	1.1400	1.4000		2026-04/05 (~/bin2, all-TF32 --mp)		
mp-7771	SrCd2As2	5	P-3m1 (164)	GOOD	0.0000	0.8750	M	D		0.1348	0.0000	True	0.7800	1.0600		2026-04/05 (~/bin2, all-TF32 --mp)		
mp-8277	SrCd2P2	5	P-3m1 (164)	GOOD	0.5500	1.4020	M	D		0.7105	0.0000	True				2026-04/05 (~/bin2, all-TF32 --mp)		
mp-4551	SrHfO3	5	Pm-3m (221)	GOOD	3.5630	6.1410	M	I		3.7269	0.0330	True	6.2700	6.8100		2026-04/05 (~/bin2, all-TF32 --mp)		
mp-24419	SrLiH3	5	Pm-3m (221)	GOOD	1.6370	4.3540	M	I		1.8195	0.4578	True	3.9300	4.7300		2026-04/05 (~/bin2, all-TF32 --mp)		
mp-863260	SrMg2As2	5	P-3m1 (164)	GOOD	1.2600	2.2290	M	I		1.3464	0.0000	True	2.2600	2.4600		2026-04/05 (~/bin2, all-TF32 --mp)		
mp-1069695	SrMg2Bi2	5	P-3m1 (164)	GOOD	0.4010	1.3400	M	D		0.3824	0.0000	True	1.3600	1.5500		2026-04/05 (~/bin2, all-TF32 --mp)		
mp-10550	SrMg2N2	5	P-3m1 (164)	GOOD	1.6920	2.9570	M	D		1.6877	0.0000	True	3.0200	3.2900		2026-04/05 (~/bin2, all-TF32 --mp)		
mp-9566	SrMg2Sb2	5	P-3m1 (164)	GOOD	0.9330	1.7730	M	I		0.9813	0.0000	True	1.8100	1.9500		2026-04/05 (~/bin2, all-TF32 --mp)		
mp-1017439	SrSiO3	5	Pm-3m (221)	GOOD	2.3210	4.7660	M	I		2.3831	0.3243	True	4.9000	5.3000		2026-04/05 (~/bin2, all-TF32 --mp)		
mp-9379	SrSn2As2	5	R-3m (166)	UNKNOWN_MAY	0.1390	0.0608	N	I	QSGW<LDA	0.0047	0.0000	True	0.0100	0.0200	kt1	989a18637 (tf32, t_tetrakbt -300)		R=0.0410
mp-546973	SrSnO3	5	Pm-3m (221)	GOOD	0.7080	3.0910	M	I		0.9749	0.0477	True	3.0700	3.5600		2026-04/05 (~/bin2, all-TF32 --mp)		
mp-5229	SrTiO3	5	Pm-3m (221)	GOOD	1.7200	3.5970	M	I		1.7659	0.0005	True	3.1000	3.7100		2026-04/05 (~/bin2, all-TF32 --mp)		
mp-7770	SrZn2As2	5	P-3m1 (164)	GOOD	0.1630	1.2430	M	D		0.2540	0.0000	True	1.2600	1.4800		2026-04/05 (~/bin2, all-TF32 --mp)		
mp-8276	SrZn2P2	5	P-3m1 (164)	GOOD	0.6800	1.5580	M	I		0.8289	0.0000	True	1.6100	1.7600		2026-04/05 (~/bin2, all-TF32 --mp)		
mp-3323	SrZrO3	5	Pm-3m (221)	DRIFT_GOOD	3.0471	5.4713	N	I		3.2141	0.0549	True	5.5000	6.0600	kt1	989a18637 (tf32, t_tetrakbt -300)		M=5.4980
mp-19845	TiPbO3	5	Pm-3m (221)	GOOD	1.5570	2.7220	M	I		1.5743	0.0412	True	1.0100	3.1400		2026-04/05 (~/bin2, all-TF32 --mp)		
mp-20459	TiPbO3	5	P4mm (99)	GOOD	1.6230	3.2210	M	I		1.8242	0.0000	True	3.0200	3.4600		2026-04/05 (~/bin2, all-TF32 --mp)		
mp-29798	TlBrO3	5	R3m (160)	FAILED_MAY	3.3879	5.6832	R	I		3.5098	0.0073	True	5.9100	6.1700		989a18637 (fp32, t_tetrakbt +300)		
mp-29738	TlClO3	5	R3m (160)	FAILED_MAY	4.1270	6.8179	R	I		4.3481	0.0620	True	6.9100	7.3900		989a18637 (fp32, t_tetrakbt +300)		
mp-22981	TlIO3	5	R3m (160)	FAILED_MAY	2.7031	4.4999	R	D		2.7816	0.0000	True	4.5600	4.7800		989a18637 (fp32, t_tetrakbt +300)		
mp-14099	ZnAgF3	5	Pm-3m (221)	FAILED_MAY	1.4487	5.4716	N	I		1.5852	0.0536	True	5.2300	6.5800	kt1	989a18637 (tf32, t_tetrakbt -300)		R=5.4719
mp-553875	Zr2SN2	5	P-3m1 (164)	GOOD	0.7030	1.7240	M	I	path<mesh(mesh)	0.5518	0.0108	True	1.5900	1.7300		2026-04/05 (~/bin2, all-TF32 --mp)		
mp-1068577	ZrPbO3	5	Pm-3m (221)	FAILED_MAY	2.1783	3.4345	N	I		2.2842	0.0822	True	3.4200	3.7100	kt1	989a18637 (tf32, t_tetrakbt -300)		R=3.4347
mp-20337	ZrPbO3	5	Amm2 (38)	GOOD	2.6320	3.9640	M	I		2.6727	0.0329	True	3.9100	4.2000		2026-04/05 (~/bin2, all-TF32 --mp)		
mp-22993	AgClO4	6	I-42m (121)	FAILED_MAY	2.5582	6.0979	R	I		2.6130	0.0000	True				989a18637 (fp32, t_tetrakbt +300)		
mp-551758	AgClO4	6	F-43m (216)	FAILED_MAY	2.0240	5.5767	R	I		2.3744	0.1166	True	5.5800	6.5700		989a18637 (fp32, t_tetrakbt +300)		
mp-27863	Al2Cl2O2	6	Pmmn (59)	GOOD	5.6740	8.9350	M	I		5.5940	0.1968	True	9.1500	9.6700		2026-04/05 (~/bin2, all-TF32 --mp)		
mp-10910	Al4Ru2	6	Fddd (70)	GOOD	0.0900	0.4620	M	I		0.0864	0.0000	True	0.5000	0.5300		2026-04/05 (~/bin2, all-TF32 --mp)		
mp-7849	AlAsO4	6	I-4 (82)	NOTCONV_MAY	4.4372	8.2844	R	D		4.2634	0.0131	True				989a18637 (fp32, t_tetrakbt +300)		
mp-551798	AlPO4	6	I-4m2 (119)	FAILED_MAY	0.0027	1.3393	R	I		0.0182	2.8245	True	0.5500	1.2600		989a18637 (fp32, t_tetrakbt +300)		
mp-7848	AlPO4	6	I-4 (82)	GOOD	5.6230	9.6180	M	D		5.6696	0.0067	True	9.6500	10.3200		2026-04/05 (~/bin2, all-TF32 --mp)		
mp-1071955	AlPS4	6	I222 (23)	DRIFT_GOOD	2.4199	4.7892	N	I		2.7716	0.0051	True	4.9700	5.3100	kt1	989a18637 (tf32, t_tetrakbt -300)		M=4.8040
mp-5606	AlTlF4	6	P4/mmm (123)	FAILED_MAY	4.1048	7.2280	R	I		4.2500	0.0065	True	7.3900	7.9200		989a18637 (fp32, t_tetrakbt +300)		
mp-1182867	AlWO4	6	Cmmm (65)	UNKNOWN_MAY		0.0000	N	metal		2.9803	0.0000	True			kt1	989a18637 (tf32, t_tetrakbt -300)		R=0.0000
mp-2455	As4Os2	6	Pnnm (58)	GOOD	0.6310	1.0020	M	I		0.6584	0.0000	True	1.0500	1.0900		2026-04/05 (~/bin2, all-TF32 --mp)		
mp-766	As4Ru2	6	Pnnm (58)	GOOD	0.4570	0.7570	M	I		0.4556	0.0000	True	0.8100	0.8300		2026-04/05 (~/bin2, all-TF32 --mp)		
mp-947	Au4S2	6	Pn-3m (224)	GOOD	2.0010	3.2000	M	D		1.9091	0.0000	True	3.3200	3.5300		2026-04/05 (~/bin2, all-TF32 --mp)		
mp-3277	BAsO4	6	I-4 (82)	GOOD	4.5350	8.2600	M	I		4.2820	0.0000	True	8.3100	8.9000		2026-04/05 (~/bin2, all-TF32 --mp)		
mp-3589	BPO4	6	I-4 (82)	GOOD	7.3720	11.0120	M	I		7.2637	0.0000	True	11.1200	11.7700		2026-04/05 (~/bin2, all-TF32 --mp)		
mp-27724	BPS4	6	I222 (23)	GOOD	1.9550	4.1280	M	I		2.2760	0.0000	True	4.3800	4.7000		2026-04/05 (~/bin2, all-TF32 --mp)		
mp-9899	Ba2Ag2P2	6	P6_3/mmc (194)	GOOD	0.0570	0.8040	M	I		0.1217	0.0000	True	0.7300	0.9600		2026-04/05 (~/bin2, all-TF32 --mp)		
mp-1205316	Ba2Ag2Sb2	6	P6_3/mmc (194)	GOOD	0.0500	0.6910	M	I		0.0415	0.0000	True	0.6200	0.8200		2026-04/05 (~/bin2, all-TF32 --mp)		
mp-23070	Ba2Br2F2	6	P4/nmm (129)	GOOD	4.6636	7.4323	N	D		4.8824	0.1266	True	7.5700	8.0700	kt1	989a18637 (tf32, t_tetrakbt -300)		M=7.4300
mp-10293	Ba2C4	6	C2/c (15)	GOOD	2.0170	4.3930	M	I		2.1291	0.1468	True	4.3900	4.8500		2026-04/05 (~/bin2, all-TF32 --mp)		
mp-23432	Ba2Cl2F2	6	P4/nmm (129)	GOOD	5.1770	8.3470	M	D		5.4430	0.1680	True	8.4400	9.0200		2026-04/05 (~/bin2, all-TF32 --mp)		
mp-552934	Ba2CuBrO2	6	R-3m (166)	FAILED_MAY	2.2265	4.3938	R	I		2.3159	0.0000	True	4.3000	4.7800		989a18637 (fp32, t_tetrakbt +300)		
mp-551456	Ba2CuClO2	6	R-3m (166)	FAILED_MAY	2.2559	4.4647	R	I		2.2980	0.0094	True	4.3700	4.8500		989a18637 (fp32, t_tetrakbt +300)		
mp-8644	Ba2F4	6	P6_3/mmc (194)	GOOD	5.7740	9.7730	M	D		5.9301	0.1363	True	9.6400	10.5400		2026-04/05 (~/bin2, all-TF32 --mp)		
mp-24424	Ba2H2Br2	6	P4/nmm (129)	GOOD	2.9530	5.3560	M	D		3.2113	0.0000	True	5.3600	5.8900		2026-04/05 (~/bin2, all-TF32 --mp)		
mp-23861	Ba2H2Cl2	6	P4/nmm (129)	DRIFT_GOOD	3.1581	5.8547	N	D	differs	3.4821	0.0117	True	5.8600	6.4500	kt1	989a18637 (tf32, t_tetrakbt -300)		M=5.9090
mp-23862	Ba2H2I2	6	P4/nmm (129)	GOOD	2.6040	4.6540	M	D		2.8111	0.0000	True	4.6500	5.1000		2026-04/05 (~/bin2, all-TF32 --mp)		
mp-1018651	Ba2H3I	6	P-3m1 (164)	GOOD	2.0230	4.1080	M	I		2.2391	0.0478	True	4.0400	4.5700		2026-04/05 (~/bin2, all-TF32 --mp)		
mp-22951	Ba2I2F2	6	P4/nmm (129)	GOOD	3.8472	6.1437	N	D		4.0286	0.0863	True	6.2800	6.6900	kt1	989a18637 (tf32, t_tetrakbt -300)		M=6.1120
mp-13277	Ba2Li2P2	6	P6_3/mmc (194)	GOOD	0.9100	1.8900	M	D		0.9631	0.0000	True	1.9000	2.1300		2026-04/05 (~/bin2, all-TF32 --mp)		
mp-10485	Ba2Li2Sb2	6	P6_3/mmc (194)	GOOD	0.7000	1.6180	M	I		0.6947	0.0000	True	1.6400	1.8400		2026-04/05 (~/bin2, all-TF32 --mp)		
mp-684	Ba2S4	6	C2/c (15)	GOOD	1.5200	3.7190	M	D		1.5982	0.0000	True	3.6100	4.0300		2026-04/05 (~/bin2, all-TF32 --mp)		
mp-7547	Ba2Se4	6	C2/c (15)	GOOD	0.6350	2.4130	M	I		0.6166	0.0000	True	2.2500	2.5800		2026-04/05 (~/bin2, all-TF32 --mp)		
mp-2150	Ba2Te4	6	I4/mcm (140)	GOOD	0.3580	1.4800	M	I		0.3513	0.0000	True	1.4800	1.7100		2026-04/05 (~/bin2, all-TF32 --mp)		
mp-3307	BaSO4	6	F-43m (216)	FAILED_MAY	4.1255	7.1158	R	I		4.5019	0.1321	True	7.1500	7.7900		989a18637 (fp32, t_tetrakbt +300)		
mp-30139	Be2Br4	6	Ibam (72)	GOOD	4.9350	7.8910	M	I		5.1804	0.0000	True	8.0900	8.6500		2026-04/05 (~/bin2, all-TF32 --mp)		
mp-23267	Be2Cl4	6	Ibam (72)	GOOD	6.0950	9.4310	M	I		6.3359	0.0087	True	9.6800	10.3000		2026-04/05 (~/bin2, all-TF32 --mp)		
mp-570886	Be2I4	6	Ibam (72)	GOOD	3.8720	6.1370	M	I		4.0723	0.0067	True	6.2800	6.6000		2026-04/05 (~/bin2, all-TF32 --mp)		
mp-1072399	Be5Pt	6	F-43m (216)	GOOD	0.1390	0.3550	M	I		0.0943	0.0000	True	0.3600	0.4100		2026-04/05 (~/bin2, all-TF32 --mp)		
mp-5046	BeSO4	6	I-4 (82)	GOOD	7.0070	10.6000	M	I		6.9393	0.0000	True	10.8700	11.4900		2026-04/05 (~/bin2, all-TF32 --mp)		
mp-23072	Bi2Br2O2	6	P4/nmm (129)	GOOD	2.1340	3.2640	M	I		2.2716	0.0557	True	3.3500	3.5400		2026-04/05 (~/bin2, all-TF32 --mp)		
mp-22939	Bi2Cl2O2	6	P4/nmm (129)	GOOD	2.5100	3.7280	M	I		2.5681	0.0396	True	3.7700	3.9600		2026-04/05 (~/bin2, all-TF32 --mp)		
mp-22987	Bi2I2O2	6	P4/nmm (129)	GOOD	1.4150	2.5570	M	I		1.4833	0.0441	True	2.5700	2.7100		2026-04/05 (~/bin2, all-TF32 --mp)		
mp-23074	Bi2O2F2	6	P4/nmm (129)	GOOD	3.4160	4.9990	M	D		3.1303	0.0044	True	5.1700	5.4200		2026-04/05 (~/bin2, all-TF32 --mp)		
mp-28944	Bi2Te2Cl2	6	P6_3mc (186)	GOOD	1.2930	2.2770	M	I		1.5162	0.0888	True	2.2500	2.3500		2026-04/05 (~/bin2, all-TF32 --mp)		
mp-27743	BiF5	6	I4/m (87)	NOTCONV_MAY	1.7881	5.5465	R	I		1.8450	0.0000	True	5.8500	6.5000		989a18637 (fp32, t_tetrakbt +300)		
mp-27989	C2Br2N2	6	Pmmn (59)	GOOD	4.8290	8.5160	M	D		5.0373	0.4610	True	8.9100	9.3600		2026-04/05 (~/bin2, all-TF32 --mp)		
mp-730189	C2Br2N2	6	P4/nmm (129)	DRIFT_GOOD	4.7729	8.4117	N	I	differs	4.9511	0.4744	True	8.7800	9.2300	kt1	989a18637 (tf32, t_tetrakbt -300)		M=8.2910
mp-27502	C2N2Cl2	6	Pmmn (59)	GOOD	5.5690	9.1700	M	D		5.8438	0.4210	True	9.8700	10.2000		2026-04/05 (~/bin2, all-TF32 --mp)		
mp-1077316	C2O4	6	I-42d (122)	NOTCONV_MAY	7.4548	11.2023	R	I		7.6546	0.4496	True	11.4600	12.1000		989a18637 (fp32, t_tetrakbt +300)		
mp-1077906	C2O4	6	Cmce (64)	GOOD	6.2740	10.0890	M	I		6.5856	0.0073	True	10.7900	11.2400		2026-04/05 (~/bin2, all-TF32 --mp)		
mp-644607	C2O4	6	P4_2/mnm (136)	NOTCONV_MAY	6.2233	10.2765	R	I		6.3187	0.0054	True	10.7700	11.2400		989a18637 (fp32, t_tetrakbt +300)		
mp-2232	C2S4	6	Cmce (64)	GOOD	3.3120	6.6230	M	I		3.4316	0.2258	True	7.1500	7.3100		2026-04/05 (~/bin2, all-TF32 --mp)		
mp-1071625	C2Se4	6	Cmce (64)	GOOD	2.2780	4.5790	M	I		2.3505	0.3577	True	4.8000	5.0600		2026-04/05 (~/bin2, all-TF32 --mp)		
mp-22888	Ca2Br4	6	Pnnm (58)	GOOD	4.3180	7.1460	M	D		4.5310	0.0000	True	7.2500	7.8700		2026-04/05 (~/bin2, all-TF32 --mp)		
mp-571166	Ca2Br4	6	P4_2/mnm (136)	NOTCONV_MAY	4.2117	7.0756	R	D		4.4482	0.0017	True	7.1500	7.7600		989a18637 (fp32, t_tetrakbt +300)		
mp-1575	Ca2C4	6	C2/c (15)	GOOD	1.9010	4.2900	M	I		2.0363	0.0000	True	4.3400	4.8500		2026-04/05 (~/bin2, all-TF32 --mp)		
mp-917	Ca2C4	6	C2/m (12)	GOOD	2.1520	4.5310	M	I		2.3130	0.0002	True	4.6400	5.1700		2026-04/05 (~/bin2, all-TF32 --mp)		
mp-27546	Ca2Cl2F2	6	P4/nmm (129)	GOOD	5.4420	9.0750	M	D		5.6753	0.2140	True	9.1800	9.7900		2026-04/05 (~/bin2, all-TF32 --mp)		
mp-22904	Ca2Cl4	6	P4_2/mnm (136)	NOTCONV_MAY	5.0550	8.3741	R	D		5.3533	0.0019	True	8.4200	9.1300		989a18637 (fp32, t_tetrakbt +300)		
mp-23214	Ca2Cl4	6	Pnnm (58)	DRIFT_GOOD	5.1162	8.4409	N	D	differs	5.3978	0.0011	True	8.4800	9.1900	kt1	989a18637 (tf32, t_tetrakbt -300)		M=8.3830
mp-24422	Ca2H2Br2	6	P4/nmm (129)	GOOD	3.8820	6.6320	M	I		4.1152	0.0248	True	6.5700	7.2100		2026-04/05 (~/bin2, all-TF32 --mp)		
mp-23859	Ca2H2Cl2	6	P4/nmm (129)	GOOD	3.5240	6.4410	M	D		3.8394	0.0421	True	6.4600	7.1500		2026-04/05 (~/bin2, all-TF32 --mp)		
mp-24204	Ca2H2I2	6	P4/nmm (129)	GOOD	3.2780	5.4060	M	I		3.5271	0.0431	True	5.4400	5.9200		2026-04/05 (~/bin2, all-TF32 --mp)		
mp-1018656	Ca2H3Br	6	P-3m1 (164)	FAILED_MAY	1.3967	3.8255	R	I		1.5365	0.0903	True	3.6800	4.3300		989a18637 (fp32, t_tetrakbt +300)		
mp-1205322	Ca2H4	6	Cmcm (63)	GOOD	0.4130	2.7920	M	I	path<mesh(mesh)	0.6541	0.0562	True	2.4300	3.1100		2026-04/05 (~/bin2, all-TF32 --mp)		
mp-24809	Ca2H4	6	P6_3/mmc (194)	GOOD	0.3930	2.7650	M	I	path<mesh(mesh)	0.6536	0.0609	True	2.4100	3.1000		2026-04/05 (~/bin2, all-TF32 --mp)		
mp-471	Cd2As4	6	I4_122 (98)	GOOD	0.1020	0.7680	M	I		0.1332	0.0000	True	0.7400	0.9400		2026-04/05 (~/bin2, all-TF32 --mp)		
mp-27934	Cd2Br4	6	P6_3mc (186)	GOOD	2.6160	4.9570	M	I		2.9381	0.0003	True	4.9600	5.4400		2026-04/05 (~/bin2, all-TF32 --mp)		
mp-28248	Cd2I4	6	P6_3mc (186)	GOOD	2.1160	3.9420	M	I		2.3653	0.0001	True	4.0200	4.3000		2026-04/05 (~/bin2, all-TF32 --mp)		
mp-1492	Cd3Te3	6	P3_121 (152)	GOOD	0.0030	0.7280	M	D		0.0215	0.1126	True	0.6000	0.9600		2026-04/05 (~/bin2, all-TF32 --mp)		
mp-1077383	Cs2Au2S2	6	Cmcm (63)	GOOD	1.6990	3.5090	M	I		1.8832	0.0000	True	3.5500	3.8800		2026-04/05 (~/bin2, all-TF32 --mp)		
mp-574599	Cs2Au2Se2	6	Cmcm (63)	GOOD	1.5610	3.2630	M	I		1.7093	0.0000	True	3.3300	3.6700		2026-04/05 (~/bin2, all-TF32 --mp)		
mp-22935	Cs2Br2F2	6	I4/mmm (139)	GOOD	2.4000	5.4000	M	I		2.5062	0.1253	True	5.9100	6.3300		2026-04/05 (~/bin2, all-TF32 --mp)		
mp-541037	Cs2Cu2O2	6	Cmcm (63)	GOOD	1.0580	2.8610	M	I		1.1292	0.0000	True	2.8400	3.2400		2026-04/05 (~/bin2, all-TF32 --mp)		
mp-6973	Cs2Na2S2	6	P4/nmm (129)	GOOD	2.2610	4.3200	M	I		2.4120	0.0000	True	4.3300	4.8000		2026-04/05 (~/bin2, all-TF32 --mp)		
mp-8658	Cs2Na2Se2	6	P4/nmm (129)	GOOD	1.8820	3.8510	M	I		2.0268	0.0000	True	3.8800	4.3400		2026-04/05 (~/bin2, all-TF32 --mp)		
mp-5339	Cs2Na2Te2	6	P4/nmm (129)	GOOD	1.7890	3.5740	M	I		1.9696	0.0000	True	3.6300	4.0300		2026-04/05 (~/bin2, all-TF32 --mp)		
mp-1541909	Cs2Te2Au2	6	Pmma (51)	GOOD	1.2360	2.7220	M	I		1.4179	0.0000	True	2.7600	3.0100		2026-04/05 (~/bin2, all-TF32 --mp)		
mp-573755	Cs2Te2Au2	6	Pmma (51)	GOOD	1.0380	2.3440	M	D		1.2977	0.0014	True	2.3800	2.6000		2026-04/05 (~/bin2, all-TF32 --mp)		
mp-13548	Cs4Pt2	6	P6_3/mmc (194)	GOOD	1.6810	3.1030	M	I		1.6743	0.0000	True	3.0300	3.4100		2026-04/05 (~/bin2, all-TF32 --mp)		
mp-1077814	Cs4S2	6	P6_3/mmc (194)	GOOD	1.8430	3.7830	M	I		2.0830	0.0667	True	3.7400	4.2100		2026-04/05 (~/bin2, all-TF32 --mp)		
mp-569272	Cs4Se2	6	Fdd2 (43)	NOTCONV_MAY	1.5023	3.4948	R	I		1.7441	0.0751	True	3.4600	3.9400		989a18637 (fp32, t_tetrakbt +300)		
mp-9384	CsAu3S2	6	P-3m1 (164)	GOOD	2.0300	3.4410	M	I		2.3536	0.0000	True	3.4700	3.7500		2026-04/05 (~/bin2, all-TF32 --mp)		
mp-9386	CsAu3Se2	6	P-3m1 (164)	GOOD	1.9400	3.3180	M	I		2.1797	0.0000	True	3.2900	3.5300		2026-04/05 (~/bin2, all-TF32 --mp)		
mp-546711	CsClO4	6	F-43m (216)	MAY_WRONG	5.4128	8.9536	N	D	CHECK	5.3228	0.0160	True	9.2200	9.8000	kt1	989a18637 (tf32, t_tetrakbt -300)		M=0.2630;R=8.9534
mp-553303	CsCu3O2	6	P-3m1 (164)	GOOD	1.4625	3.2841	N	I	differs	1.4603	0.0000	True	3.2400	3.6100	kt1	989a18637 (tf32, t_tetrakbt -300)		M=3.3880
mp-7786	CsCu3S2	6	P-3m1 (164)	GOOD	1.6270	3.0700	M	I		1.6819	0.0000	True	2.9500	3.2800		2026-04/05 (~/bin2, all-TF32 --mp)		
mp-1077811	Cu2Ag2S2	6	Cmc2_1 (36)	GOOD	0.6070	1.3780	M	I		0.6382	0.0306	True	1.3000	1.5000		2026-04/05 (~/bin2, all-TF32 --mp)		
mp-8911	Cu2Ag2S2	6	Cmcm (63)	GOOD	0.3390	1.0010	M	I		0.2627	0.0236	True	0.9600	1.1600		2026-04/05 (~/bin2, all-TF32 --mp)		
mp-1072589	Cu2GeS3	6	Imm2 (44)	GOOD	0.2290	0.4770	M	D		0.0000	0.0023	True	0.2000	0.6000		2026-04/05 (~/bin2, all-TF32 --mp)		
mp-361	Cu4O2	6	Pn-3m (224)	GOOD	0.5707	1.9137	N	D		0.5127	0.0000	True	2.0100	2.1100	kt1	989a18637 (tf32, t_tetrakbt -300)		M=1.9220
mp-2008	Fe2As4	6	Pnnm (58)	GOOD	0.2222	0.4214	N	I		0.2830	0.0000	True	0.4100	0.4500	kt1	989a18637 (tf32, t_tetrakbt -300)		M=0.4200
mp-20027	Fe2P4	6	Pnnm (58)	GOOD	0.3580	0.6360	M	I		0.4327	0.0000	True	0.6600	0.7100		2026-04/05 (~/bin2, all-TF32 --mp)		
mp-1522	Fe2S4	6	Pnnm (58)	GOOD	0.7450	1.2940	M	I		0.8807	0.0000	True	1.2500	1.3700		2026-04/05 (~/bin2, all-TF32 --mp)		
mp-760	Fe2Se4	6	Pnnm (58)	GOOD	0.2030	0.6790	M	I		0.3741	0.0000	True	0.7400	0.8000		2026-04/05 (~/bin2, all-TF32 --mp)		
mp-19880	Fe2Te4	6	Pnnm (58)	GOOD	0.0490	0.3870	M	I		0.0755	0.0000	True	0.4000	0.4800		2026-04/05 (~/bin2, all-TF32 --mp)		
mp-8211	Ga2Ge2Te2	6	R-3m (166)	GOOD	0.1080	1.0610	M	D		0.1672	0.0000	True	1.1100	1.3800		2026-04/05 (~/bin2, all-TF32 --mp)		
mp-570875	Ga4Os2	6	Fddd (70)	GOOD	0.6520	1.0610	M	I		0.6655	0.0739	True	1.1000	1.1500		2026-04/05 (~/bin2, all-TF32 --mp)		
mp-1072429	Ga4Ru2	6	Fddd (70)	GOOD	0.1330	0.4430	M	I		0.1207	0.0000	True	0.4800	0.5000		2026-04/05 (~/bin2, all-TF32 --mp)		
mp-29403	GaCuI4	6	I-4 (82)	GOOD	1.7270	3.5060	M	D		1.7102	0.0000	True	3.4200	3.8600		2026-04/05 (~/bin2, all-TF32 --mp)		
mp-1072104	Ge2O4	6	Pnnm (58)	GOOD	1.2200	3.8490	M	D		1.4007	0.0854	True	3.7900	4.2700		2026-04/05 (~/bin2, all-TF32 --mp)		
mp-470	Ge2O4	6	P4_2/mnm (136)	GOOD	1.5710	4.2460	M	D		1.2428	0.0000	True	4.3500	4.8100		2026-04/05 (~/bin2, all-TF32 --mp)		
mp-1071032	Ge2S4	6	P4_2/nmc (137)	GOOD	0.8940	2.8170	M	I		1.0035	0.0550	True	2.9300	3.2000		2026-04/05 (~/bin2, all-TF32 --mp)		
mp-7582	Ge2S4	6	I-42d (122)	GOOD	2.4480	4.1660	M	I		2.5975	0.0176	True				2026-04/05 (~/bin2, all-TF32 --mp)		
mp-10074	Ge2Se4	6	I-42d (122)	GOOD	1.5170	2.8750	M	I		1.6379	0.0125	True				2026-04/05 (~/bin2, all-TF32 --mp)		
mp-36248	H4BrN	6	P-43m (215)	FAILED_MAY	4.2307	6.8464	N	I		4.0357	0.0013	True	7.0300	7.5200	kt1	989a18637 (tf32, t_tetrakbt -300)		R=6.8463
mp-30302	Hf2Br2N2	6	R-3m (166)	FAILED_MAY	1.8517	3.4539	R	I	path<mesh(noLDA)	1.8971	0.0306	True	3.5700	3.7900		989a18637 (fp32, t_tetrakbt +300)		
mp-568346	Hf2Br2N2	6	Pmmn (59)	GOOD	1.9360	3.8300	M	D		2.1298	0.0191	True	3.8500	4.2400		2026-04/05 (~/bin2, all-TF32 --mp)		
mp-567441	Hf2I2N2	6	R-3m (166)	FAILED_MAY	0.8662	2.3044	R	I		0.9778	0.0641	True	2.4900	2.6700		989a18637 (fp32, t_tetrakbt +300)		
mp-541911	Hf2N2Cl2	6	R-3m (166)	GOOD	2.2060	3.9560	M	I	path<mesh(mesh)	2.2262	0.0000	True	4.1400	4.4000		2026-04/05 (~/bin2, all-TF32 --mp)		
mp-1018721	Hf2O4	6	P4_2/nmc (137)	GOOD	4.5170	6.8650	M	I		4.6678	0.0509	True	6.9600	7.4600		2026-04/05 (~/bin2, all-TF32 --mp)		
mp-23292	Hg2Br4	6	Cmc2_1 (36)	GOOD	2.1990	4.4900	M	I		2.5486	0.0000	True	4.5400	5.0100		2026-04/05 (~/bin2, all-TF32 --mp)		
mp-570172	Hg2I2Br2	6	Cmc2_1 (36)	GOOD	2.0529	4.0986	N	I		2.3608	0.1368	True	4.1300	4.5400	kt1	989a18637 (tf32, t_tetrakbt -300)		M=4.1090
mp-23173	Hg2I4	6	Cmc2_1 (36)	GOOD	2.0080	3.8490	M	I		2.3302	0.0009	True	3.8900	4.2400		2026-04/05 (~/bin2, all-TF32 --mp)		
mp-23192	Hg2I4	6	P4_2/nmc (137)	GOOD	0.9960	2.5990	M	D		1.3324	0.0000	True	2.6000	2.8900		2026-04/05 (~/bin2, all-TF32 --mp)		
mp-1077107	Hg3O3	6	P3_221 (154)	GOOD	1.1990	2.5990	M	I		1.2712	0.0019	True	2.6500	2.9300		2026-04/05 (~/bin2, all-TF32 --mp)		
mp-7826	Hg3O3	6	P3_121 (152)	GOOD	1.2030	2.5850	M	I		1.3293	0.0029	True	2.5500	2.8000		2026-04/05 (~/bin2, all-TF32 --mp)		
mp-634	Hg3S3	6	P3_121 (152)	UNKNOWN_MAY		0.0000	N	metal		1.7240	0.1397	True			kt1	989a18637 (tf32, t_tetrakbt -300)		R=0.0000
mp-9252	Hg3S3	6	P3_221 (154)	GOOD	1.5330	2.8030	M	I		1.7035	0.0039	True	2.8600	3.1200		2026-04/05 (~/bin2, all-TF32 --mp)		
mp-1018722	Hg3Se3	6	P3_221 (154)	GOOD	0.9430	1.8080	M	I		1.0432	0.0000	True	1.8500	2.0400		2026-04/05 (~/bin2, all-TF32 --mp)		
mp-1071269	Hg3Te3	6	P3_221 (154)	DRIFT_GOOD	0.5936	1.1634	N	I		0.2802	0.0370	True	1.2200	1.3300	kt1	989a18637 (tf32, t_tetrakbt -300)		M=1.1640
mp-358	Hg3Te3	6	P3_121 (152)	GOOD	0.5510	1.1170	M	I		0.4802	0.0370	True	1.1600	1.2700		2026-04/05 (~/bin2, all-TF32 --mp)		
mp-1077098	Hg6	6	P2_1/c (14)	GOOD	1.0940	1.7940	M	I		1.0385	0.0179	True	1.8900	1.9500		2026-04/05 (~/bin2, all-TF32 --mp)		
mp-27703	In2Br2O2	6	Pmmn (59)	GOOD	1.9587	4.0037	N	I		2.0011	0.1716	True	4.0900	4.4400	kt1	989a18637 (tf32, t_tetrakbt -300)		M=3.9690
mp-27702	In2Cl2O2	6	Pmmn (59)	GOOD	2.4270	4.5070	M	I		2.3597	0.1378	True	4.5900	5.0100		2026-04/05 (~/bin2, all-TF32 --mp)		
mp-20790	InPS4	6	I-4 (82)	GOOD	2.1890	3.8500	M	I		2.3185	0.0000	True	3.9200	4.2300		2026-04/05 (~/bin2, all-TF32 --mp)		
mp-16236	K2Ag2Se2	6	P4/nmm (129)	GOOD	0.3050	1.6540	M	D		0.4822	0.0000	True	1.5500	2.0200		2026-04/05 (~/bin2, all-TF32 --mp)		
mp-7077	K2Au2S2	6	Cmcm (63)	GOOD	1.9480	3.6690	M	I		2.1080	0.0000	True	3.7100	4.0800		2026-04/05 (~/bin2, all-TF32 --mp)		
mp-9881	K2Au2Se2	6	Cmcm (63)	GOOD	1.7060	3.3830	M	I		1.8221	0.0000	True	3.3900	3.7300		2026-04/05 (~/bin2, all-TF32 --mp)		
mp-1077078	K2C2N2	6	Cc (9)	GOOD	4.8680	8.9640	M	I		5.0567	0.1256	True	9.3900	10.0300		2026-04/05 (~/bin2, all-TF32 --mp)		
mp-1018736	K2Cd2As2	6	P4/nmm (129)	GOOD	0.0230	0.8980	M	D		0.1656	0.0000	True	0.8200	1.1700		2026-04/05 (~/bin2, all-TF32 --mp)		
mp-7435	K2Cu2Se2	6	P6_3/mmc (194)	GOOD	0.1430	1.7634	N	D		0.1762	0.0000	True	1.5000	2.0300	kt1	989a18637 (tf32, t_tetrakbt -300)		M=1.7730
mp-7436	K2Cu2Te2	6	P6_3/mmc (194)	GOOD	0.5454	1.9837	N	D		0.6030	0.0000	True	1.8700	2.2200	kt1	989a18637 (tf32, t_tetrakbt -300)		M=2.0160
mp-634676	K2H2S2	6	P2_1/m (11)	GOOD	2.9500	5.6720	M	D		3.2359	0.0000	True	5.8200	6.5000		2026-04/05 (~/bin2, all-TF32 --mp)		
mp-722181	K2Li2S2	6	P6_3/mmc (194)	GOOD	2.6310	4.8130	M	D		2.7753	0.0490	True	4.8200	5.3300		2026-04/05 (~/bin2, all-TF32 --mp)		
mp-8430	K2Li2S2	6	P4/nmm (129)	GOOD	2.9070	5.0790	M	I		3.0571	0.0000	True	5.0700	5.5700		2026-04/05 (~/bin2, all-TF32 --mp)		
mp-8756	K2Li2Se2	6	P4/nmm (129)	GOOD	2.4108	4.4327	N	I		2.5249	0.0000	True	4.4900	4.9500	kt1	989a18637 (tf32, t_tetrakbt -300)		M=4.4220
mp-4495	K2Li2Te2	6	P4/nmm (129)	GOOD	2.2890	4.0200	M	D		2.4134	0.0000	True	4.1200	4.4800		2026-04/05 (~/bin2, all-TF32 --mp)		
mp-1019089	K2Mg2As2	6	P4/nmm (129)	GOOD	1.0500	2.3430	M	I		1.1621	0.0000	True	2.3900	2.7100		2026-04/05 (~/bin2, all-TF32 --mp)		
mp-1019105	K2Mg2Bi2	6	P4/nmm (129)	GOOD	0.3670	1.2900	M	D		0.3855	0.0000	True	1.3100	1.5600		2026-04/05 (~/bin2, all-TF32 --mp)		
mp-1018737	K2Mg2P2	6	P4/nmm (129)	GOOD	1.5510	2.8510	M	I		1.6589	0.0000	True	2.8400	3.1300		2026-04/05 (~/bin2, all-TF32 --mp)		
mp-7089	K2Mg2Sb2	6	P4/nmm (129)	GOOD	1.1770	2.3430	M	D		1.2672	0.0000	True	2.4100	2.6800		2026-04/05 (~/bin2, all-TF32 --mp)		
mp-6948	K2Na2O2	6	P4/nmm (129)	GOOD	2.3163	4.9350	N	I		2.1322	0.0149	True	4.7700	5.5400	kt1	989a18637 (tf32, t_tetrakbt -300)		M=4.9570
mp-29055	K2Sb4	6	C2/m (12)	GOOD	0.1270	0.7210	M	I		0.2153	0.0000	True	0.7600	0.8700		2026-04/05 (~/bin2, all-TF32 --mp)		
mp-3481	K2Sn2As2	6	P6_3mc (186)	GOOD	0.3420	1.0210	M	I		0.3352	0.0000	True	0.9000	1.1700		2026-04/05 (~/bin2, all-TF32 --mp)		
mp-3486	K2Sn2Sb2	6	P6_3mc (186)	GOOD	0.3050	0.8510	M	I		0.2609	0.0000	True	0.7300	1.0000		2026-04/05 (~/bin2, all-TF32 --mp)		
mp-27716	K2Tl2O2	6	C2/m (12)	NOTCONV_MAY	1.1207	2.3272	R	I		1.1638	0.0000	True	2.5800	2.8300		989a18637 (fp32, t_tetrakbt +300)		
mp-7421	K2Zn2As2	6	P6_3/mmc (194)	GOOD	0.2300	1.5360	M	D		0.2742	0.0000	True	1.4600	1.7600		2026-04/05 (~/bin2, all-TF32 --mp)		
mp-7437	K2Zn2P2	6	P6_3/mmc (194)	GOOD	0.7570	1.9750	M	D		0.8401	0.0000	True	1.9100	2.1700		2026-04/05 (~/bin2, all-TF32 --mp)		
mp-7438	K2Zn2Sb2	6	P6_3/mmc (194)	GOOD	0.3940	1.6660	M	D		0.4430	0.0000	True	1.6000	1.8700		2026-04/05 (~/bin2, all-TF32 --mp)		
mp-559278	K4S2	6	P6_3/mmc (194)	GOOD	1.7780	3.8380	M	D		2.0612	0.0873	True	3.8300	4.4100		2026-04/05 (~/bin2, all-TF32 --mp)		
mp-5347	KAlF4	6	P4/mmm (123)	GOOD	6.7830	11.8130	M	I		6.7929	0.0134	True	11.9900	12.9300		2026-04/05 (~/bin2, all-TF32 --mp)		
mp-567299	KC2IN2	6	C2/m (12)	FAILED_MAY	4.4029	7.5927	R	D		4.5355	0.5248	True	7.7300	8.2000		989a18637 (fp32, t_tetrakbt +300)		
mp-546633	KClO4	6	F-43m (216)	GOOD	5.2180	8.9280	M	I		5.1439	0.0394	True	9.0100	9.6100		2026-04/05 (~/bin2, all-TF32 --mp)		
mp-1019888	KNa2BN2	6	I4/mmm (139)	GOOD	1.6410	3.8650	M	I		1.8180	0.0000	True	3.8600	4.3600		2026-04/05 (~/bin2, all-TF32 --mp)		
mp-545359	KNa2CuO2	6	I4mm (107)	GOOD	1.3820	3.7640	M	I		1.5188	0.0000	True				2026-04/05 (~/bin2, all-TF32 --mp)		
mp-9244	Li2B2C2	6	P6_3/mmc (194)	GOOD	0.9670	1.9800	M	I	path<mesh(mesh)	0.8471	0.0000	True	1.6400	1.7400		2026-04/05 (~/bin2, all-TF32 --mp)		
mp-9562	Li2Be2As2	6	P4/nmm (129)	GOOD	0.9490	1.7700	M	I		1.0063	0.0000	True	1.8900	1.9500		2026-04/05 (~/bin2, all-TF32 --mp)		
mp-9915	Li2Be2P2	6	P4/nmm (129)	GOOD	1.0700	2.0040	M	I		1.1571	0.0000	True	2.1200	2.2100		2026-04/05 (~/bin2, all-TF32 --mp)		
mp-9575	Li2Be2Sb2	6	P6_3mc (186)	GOOD	0.9510	1.4170	M	I		0.8731	0.0178	True	1.4800	1.5300		2026-04/05 (~/bin2, all-TF32 --mp)		
mp-23856	Li2H2O2	6	P4/nmm (129)	NOTCONV_MAY	4.0185	7.8801	R	D		4.0345	0.0000	True	7.9000	8.6500		989a18637 (fp32, t_tetrakbt +300)		
mp-9919	Li2Zn2Sb2	6	P6_3mc (186)	GOOD	0.3520	1.0280	M	D		0.4057	0.0000	True	1.0500	1.1500		2026-04/05 (~/bin2, all-TF32 --mp)		
mp-29149	Li4NCl	6	R-3m (166)	GOOD	1.7680	3.3620	M	I		1.7617	0.0542	True	3.7000	4.0800		2026-04/05 (~/bin2, all-TF32 --mp)		
mp-29771	Mg2C4	6	P4_2/mnm (136)	GOOD	2.5180	4.6630	M	I		2.5620	0.4302	True	4.7900	5.1600		2026-04/05 (~/bin2, all-TF32 --mp)		
mp-1072956	Mg2F4	6	Pnnm (58)	GOOD	6.6322	11.8485	N	D	CHECK	6.8484	0.0025	True	12.1900	13.1500	kt1	989a18637 (tf32, t_tetrakbt -300)		M=12.4190
mp-1249	Mg2F4	6	P4_2/mnm (136)	NOTCONV_MAY	6.9261	12.1506	R	D		6.8163	0.0000	True	12.5100	13.4600		989a18637 (fp32, t_tetrakbt +300)		
mp-23710	Mg2H4	6	P4_2/mnm (136)	GOOD	3.4460	6.5420	M	I		3.7097	0.0000	True	6.2800	7.0900		2026-04/05 (~/bin2, all-TF32 --mp)		
mp-1018809	Mo2S4	6	P6_3/mmc (194)	DRIFT_GOOD	1.2288	2.0641	N	I	differs path<mesh(mesh)	1.3361	0.0024	True	1.8400	1.8200	kt1	989a18637 (tf32, t_tetrakbt -300)		M=1.9900
mp-2815	Mo2S4	6	P6_3/mmc (194)	GOOD	1.2760	2.1890	M	I	path<mesh(mesh)	1.4649	0.0017	True	1.9500	1.9400		2026-04/05 (~/bin2, all-TF32 --mp)		
mp-1018807	Mo2Se4	6	P6_3/mmc (194)	GOOD	1.1770	1.9650	M	I	path<mesh(mesh)	1.2544	0.0033	True	1.7500	1.7600		2026-04/05 (~/bin2, all-TF32 --mp)		
mp-1634	Mo2Se4	6	P6_3/mmc (194)	GOOD	1.0650	1.7480	M	I		1.4176	0.0000	True	1.6000	1.6000		2026-04/05 (~/bin2, all-TF32 --mp)		
mp-9573	Na2Be2As2	6	P6_3/mmc (194)	GOOD	1.2430	2.2880	M	I		1.2874	0.0000	True	2.3200	2.4900		2026-04/05 (~/bin2, all-TF32 --mp)		
mp-9574	Na2Be2Sb2	6	P6_3/mmc (194)	GOOD	0.9070	1.7530	M	I		0.8934	0.0484	True	1.7700	1.9100		2026-04/05 (~/bin2, all-TF32 --mp)		
mp-30053	Na2C2N2	6	Pmmn (59)	NOTCONV_MAY	4.8781	9.0992	R	I		5.0600	0.2003	True	9.5000	10.1100		989a18637 (fp32, t_tetrakbt +300)		
mp-7433	Na2Cu2Se2	6	P4/nmm (129)	GOOD	0.0080	1.3150	M	D		0.0477	0.0386	True	1.0100	1.5200		2026-04/05 (~/bin2, all-TF32 --mp)		
mp-7434	Na2Cu2Te2	6	P4/nmm (129)	GOOD	0.5790	1.7520	M	D		0.6323	0.0083	True	1.7500	2.0000		2026-04/05 (~/bin2, all-TF32 --mp)		
mp-23891	Na2H2O2	6	Cmcm (63)	NOTCONV_MAY	2.8929	6.7873	R	D		2.8144	0.0092	True	6.7300	7.6200		989a18637 (fp32, t_tetrakbt +300)		
mp-23940	Na2H2O2	6	P2_1/m (11)	NOTCONV_MAY	2.9247	6.8139	R	D		2.8373	0.0102	True	6.7300	7.6400		989a18637 (fp32, t_tetrakbt +300)		
mp-634657	Na2H2S2	6	P2_1/m (11)	GOOD	2.9710	5.7200	M	D		3.1636	0.0000	True	5.6200	6.2600		2026-04/05 (~/bin2, all-TF32 --mp)		
mp-8452	Na2Li2S2	6	P4/nmm (129)	GOOD	2.9986	5.1444	N	D		2.2642	0.0000	True	5.2100	5.6600	kt1	989a18637 (tf32, t_tetrakbt -300)		M=5.1650
mp-5962	Na2Mg2As2	6	P4/nmm (129)	GOOD	0.9270	2.1920	M	D		0.9548	0.0000	True	2.2300	2.4800		2026-04/05 (~/bin2, all-TF32 --mp)		
mp-7090	Na2Mg2Sb2	6	P4/nmm (129)	GOOD	1.0714	1.9536	N	I		1.0359	0.0000	True	1.9700	2.1400	kt1	989a18637 (tf32, t_tetrakbt -300)		M=1.9450
mp-12433	Na2Sn2N2	6	P6_3mc (186)	GOOD	0.9050	1.8140	M	I		0.9173	0.0642	True	1.7500	1.9100		2026-04/05 (~/bin2, all-TF32 --mp)		
mp-29529	Na2Sn2P2	6	P6_3mc (186)	GOOD	0.4460	1.2510	M	I		0.5826	0.0000	True	1.2400	1.3800		2026-04/05 (~/bin2, all-TF32 --mp)		
mp-13097	Na2Zn2As2	6	P4/nmm (129)	GOOD	0.3130	1.3760	M	D		0.3576	0.0000	True	1.3500	1.6000		2026-04/05 (~/bin2, all-TF32 --mp)		
mp-4824	Na2Zn2P2	6	P4/nmm (129)	GOOD	0.7170	1.9740	M	D		0.9102	0.0000	True	2.0200	2.2200		2026-04/05 (~/bin2, all-TF32 --mp)		
mp-8374	Na4S2	6	P6_3/mmc (194)	GOOD	1.4640	3.5260	M	D		1.6813	0.1031	True	3.4800	3.9900		2026-04/05 (~/bin2, all-TF32 --mp)		
mp-7723	NaAlF4	6	P4/mmm (123)	NOTCONV_MAY	5.5356	10.6040	R	I		5.7756	0.1040	True	10.9300	11.8700		989a18637 (fp32, t_tetrakbt +300)		
mp-546118	NaClO4	6	F-43m (216)	NOTCONV_MAY	4.2654	7.8981	R	I		4.4999	0.1115	True	8.1600	8.7700		989a18637 (fp32, t_tetrakbt +300)		
mp-1969	Nb2Sb4	6	C2/m (12)	UNKNOWN_MAY		0.0000	N	metal		0.0000	0.0000	True			kt1	989a18637 (tf32, t_tetrakbt -300)		R=0.0000
mp-486	Ni2P4	6	C2/c (15)	GOOD	0.3364	0.4989	N	I		0.4733	0.0066	True	1.0600	1.0400	kt1	989a18637 (tf32, t_tetrakbt -300)		M=0.4940
mp-29443	P2I4	6	P-1 (2)	GOOD	1.5850	3.3630	M	D		2.0208	0.0000	True	3.5300	3.8300		2026-04/05 (~/bin2, all-TF32 --mp)		
mp-2319	P4Os2	6	Pnnm (58)	GOOD	0.7720	1.0920	M	I		0.8123	0.0000	True	1.1400	1.1700		2026-04/05 (~/bin2, all-TF32 --mp)		
mp-28266	P4Pd2	6	C2/c (15)	GOOD	0.3460	0.7590	M	I		0.3419	0.0000	True	1.0300	1.1000		2026-04/05 (~/bin2, all-TF32 --mp)		
mp-1413	P4Ru2	6	Pnnm (58)	GOOD	0.4641	0.8247	N	I		0.4792	0.0000	True	0.8800	0.9000	kt1	989a18637 (tf32, t_tetrakbt -300)		M=0.8220
mp-23008	Pb2Br2F2	6	P4/nmm (129)	GOOD	2.3690	4.0160	M	D		2.6154	0.1732	True	4.0000	4.3200		2026-04/05 (~/bin2, all-TF32 --mp)		
mp-22964	Pb2Cl2F2	6	P4/nmm (129)	GOOD	3.2510	5.1880	M	I		3.4654	0.2033	True	5.1400	5.5100		2026-04/05 (~/bin2, all-TF32 --mp)		
mp-613652	Pb2Cl2F2	6	P4/nmm (129)	DRIFT_GOOD	3.5612	5.7418	N	I	differs	3.5833	0.4502	True	5.7700	6.1900	kt1	989a18637 (tf32, t_tetrakbt -300)		M=5.8400
mp-22969	Pb2I2F2	6	P4/nmm (129)	GOOD	1.9110	3.3740	M	D		2.0781	0.1478	True	3.4400	3.7100		2026-04/05 (~/bin2, all-TF32 --mp)		
mp-540789	Pb2I4	6	R-3m (166)	GOOD	2.2420	3.5680	M	D		2.3725	0.0008	True	3.8100	4.0200		2026-04/05 (~/bin2, all-TF32 --mp)		
mp-567503	Pb2I4	6	P6_3mc (186)	GOOD	2.2040	3.5820	M	D		2.4457	0.0000	True	3.6400	3.8500		2026-04/05 (~/bin2, all-TF32 --mp)		
mp-569595	Pb2I4	6	R-3m (166)	GOOD	2.2500	3.6450	M	I		2.4086	0.0010	True	3.8400	4.0500		2026-04/05 (~/bin2, all-TF32 --mp)		
mp-1018888	Pd2Cl4	6	P2/m (10)	GOOD	0.6030	3.6040	M	I		0.9650	0.0301	True	3.6000	4.1300		2026-04/05 (~/bin2, all-TF32 --mp)		
mp-1018891	Pd2Cl4	6	P2_1/c (14)	GOOD	0.4030	2.4160	M	I		0.7704	0.0025	True	2.2300	2.7100		2026-04/05 (~/bin2, all-TF32 --mp)		
mp-569008	Pd2Cl4	6	Pnnm (58)	GOOD	0.5313	3.1316	N	I	differs	0.9227	0.0323	True	2.9600	3.4900	kt1	989a18637 (tf32, t_tetrakbt -300)		M=3.2110
mp-569017	Pd2I4	6	Pnnm (58)	DRIFT_GOOD	0.6167	1.8593	N	I		0.9334	0.0195	True	1.6800	2.0300	kt1	989a18637 (tf32, t_tetrakbt -300)		M=1.8920
mp-567484	Pt2Cl4	6	Pnnm (58)	DRIFT_GOOD	0.6579	3.2363	N	I		1.1504	0.0460	True	3.1500	3.7400	kt1	989a18637 (tf32, t_tetrakbt -300)		M=3.2260
mp-1285	Pt2O4	6	Pnnm (58)	GOOD	0.4870	1.6790	M	I		0.6012	0.0000	True	1.5000	1.8800		2026-04/05 (~/bin2, all-TF32 --mp)		
mp-7868	Pt2O4	6	P6_3mc (186)	GOOD	1.3130	3.3947	N	I		1.5350	0.0560	True	3.1400	3.4800	kt1	989a18637 (tf32, t_tetrakbt -300)		M=3.4010
mp-9010	Rb2Au2S2	6	Cmcm (63)	GOOD	1.8160	3.6370	M	I		1.9946	0.0000	True	3.6300	3.9800		2026-04/05 (~/bin2, all-TF32 --mp)		
mp-9731	Rb2Au2Se2	6	Cmcm (63)	GOOD	1.6070	3.3270	M	I		1.7338	0.0000	True	3.3500	3.6800		2026-04/05 (~/bin2, all-TF32 --mp)		
mp-9845	Rb2Ca2As2	6	P4/nmm (129)	DRIFT_GOOD	1.1365	2.4247	N	I		1.2985	0.0000	True	2.4000	2.7400	kt1	989a18637 (tf32, t_tetrakbt -300)		M=2.4370
mp-9846	Rb2Ca2Sb2	6	P4/nmm (129)	GOOD	1.3330	2.5760	M	I		1.4969	0.0000	True	2.5500	2.8300		2026-04/05 (~/bin2, all-TF32 --mp)		
mp-626620	Rb2H2O2	6	Cmc2_1 (36)	NOTCONV_MAY	3.4097	6.6631	R	D		3.3366	0.0000	True	6.6500	7.3700		989a18637 (fp32, t_tetrakbt +300)		
mp-643043	Rb2H2O2	6	P2_1/m (11)	FAILED_MAY	2.9981	6.4276	R	I		3.1071	0.0188	True	6.4000	7.1900		989a18637 (fp32, t_tetrakbt +300)		
mp-696804	Rb2H2S2	6	P2_1/m (11)	GOOD	2.7670	5.6100	M	D		3.0844	0.0000	True	5.6600	6.2900		2026-04/05 (~/bin2, all-TF32 --mp)		
mp-8751	Rb2Li2S2	6	P4/nmm (129)	GOOD	2.5650	4.6710	M	I		2.7450	0.0000	True	4.6900	5.1500		2026-04/05 (~/bin2, all-TF32 --mp)		
mp-9250	Rb2Li2Se2	6	P4/nmm (129)	GOOD	2.1390	4.1380	M	I		2.3089	0.0000	True	4.1900	4.6300		2026-04/05 (~/bin2, all-TF32 --mp)		
mp-8453	Rb2Na2O2	6	P4/nmm (129)	DRIFT_GOOD	2.1453	4.6245	N	I	differs	1.9907	0.0120	True	4.5300	5.1900	kt1	989a18637 (tf32, t_tetrakbt -300)		M=4.7410
mp-8799	Rb2Na2S2	6	P4/nmm (129)	GOOD	2.1310	4.2520	M	I		2.2945	0.0000	True	4.3200	4.8400		2026-04/05 (~/bin2, all-TF32 --mp)		
mp-568018	Rb2Sb4	6	C2/m (12)	GOOD	0.1960	1.0420	M	I		0.2676	0.0000	True	1.0400	1.2500		2026-04/05 (~/bin2, all-TF32 --mp)		
mp-9008	Rb2Te2Au2	6	Pmma (51)	GOOD	0.8140	1.9470	M	D		1.1069	0.0158	True	2.0300	2.2300		2026-04/05 (~/bin2, all-TF32 --mp)		
mp-721469	Rb4S2	6	P6_3/mmc (194)	GOOD	1.6019	3.6646	N	D		1.8961	0.0876	True	3.6600	4.1900	kt1	989a18637 (tf32, t_tetrakbt -300)		M=3.6160
mp-5479	RbAlF4	6	P4/mmm (123)	NOTCONV_MAY	6.8899	11.6677	R	I		6.8772	0.0010	True	11.9700	12.8200		989a18637 (fp32, t_tetrakbt +300)		
mp-9385	RbAu3Se2	6	P-3m1 (164)	GOOD	1.4756	2.6724	N	I		1.7381	0.0000	True	2.7300	2.9500	kt1	989a18637 (tf32, t_tetrakbt -300)		M=2.6750
mp-550759	RbClO4	6	F-43m (216)	GOOD	5.3250	8.9670	M	D		5.2282	0.0252	True	9.1600	9.7500		2026-04/05 (~/bin2, all-TF32 --mp)		
mp-568100	ReNCl4	6	I4 (79)	GOOD	0.9640	2.9030	M	I		1.0833	0.0966	True	2.7900	3.3400		2026-04/05 (~/bin2, all-TF32 --mp)		
mp-27726	S2O4	6	Aea2 (41)	NOTCONV_MAY	2.5985	6.6597	R	I		3.1539	0.0000	True	7.0800	7.5200		989a18637 (fp32, t_tetrakbt +300)		
mp-7	S6	6	R-3 (148)	NOTCONV_MAY	1.9715	4.0116	R	D		2.5261	0.0512	True	4.1500	4.5500		989a18637 (fp32, t_tetrakbt +300)		
mp-28051	Sb2Te2I2	6	C2/m (12)	GOOD	0.7670	1.4110	M	I		0.8429	0.1440	True	1.4300	1.4900		2026-04/05 (~/bin2, all-TF32 --mp)		
mp-2695	Sb4Os2	6	Pnnm (58)	GOOD	0.3126	0.6315	N	I		0.3430	0.0000	True	0.6800	0.7200	kt1	989a18637 (tf32, t_tetrakbt -300)		M=0.6380
mp-20928	Sb4Ru2	6	Pnnm (58)	GOOD	0.0030	0.2510	M	I		0.0000	0.0000	True	0.2700	0.3000		2026-04/05 (~/bin2, all-TF32 --mp)		
mp-546279	Sc2Br2O2	6	Pmmn (59)	DRIFT_GOOD	3.0972	6.4190	N	I	differs	3.2552	0.1070	True	6.3900	7.1000	kt1	989a18637 (tf32, t_tetrakbt -300)		M=6.3440
mp-147	Se6	6	R-3 (148)	GOOD	1.2860	2.5550	M	I		1.6040	0.0234	True	2.6400	2.9400		2026-04/05 (~/bin2, all-TF32 --mp)		
mp-1071820	Si2O4	6	Ibam (72)	NOTCONV_MAY	4.4473	8.1104	R	I		4.6893	0.4425	True	8.3700	9.0200		989a18637 (fp32, t_tetrakbt +300)		
mp-546794	Si2O4	6	I-42d (122)	NOTCONV_MAY	5.6959	9.4359	R	D		5.6896	0.0056	True	9.6600	10.3600		989a18637 (fp32, t_tetrakbt +300)		
mp-6947	Si2O4	6	P4_2/mnm (136)	GOOD	4.9580	8.0990	M	D		5.0156	0.2017	True	8.3500	8.8800		2026-04/05 (~/bin2, all-TF32 --mp)		
mp-7905	Si2O4	6	Ibam (72)	GOOD	4.5540	8.2370	M	I		4.7797	0.4225	True	8.4600	9.1200		2026-04/05 (~/bin2, all-TF32 --mp)		
mp-8352	Si2O4	6	Fd-3m (227)	GOOD	5.2990	8.9110	M	I		5.3720	0.0206	True	9.1700	9.8500		2026-04/05 (~/bin2, all-TF32 --mp)		
mp-1602	Si2S4	6	Ibam (72)	GOOD	2.6910	4.9010	M	I		3.0758	0.0000	True	5.2300	5.5500		2026-04/05 (~/bin2, all-TF32 --mp)		
mp-7583	Si2S4	6	I-42d (122)	GOOD	3.0260	4.8290	M	I		3.2999	0.0195	True	4.8700	5.1700		2026-04/05 (~/bin2, all-TF32 --mp)		
mp-1179443	Si2Se4	6	Ibam (72)	GOOD	1.7920	3.7110	M	D		1.8981	0.0057	True	3.8800	4.1600		2026-04/05 (~/bin2, all-TF32 --mp)		
mp-568264	Si2Se4	6	Ibam (72)	GOOD	1.7960	3.6920	M	I		2.1670	0.0000	True	3.8500	4.1300		2026-04/05 (~/bin2, all-TF32 --mp)		
mp-550172	Sn2O4	6	Pnnm (58)	GOOD	0.6370	2.7850	M	D		0.8170	0.0023	True	2.6800	3.2100		2026-04/05 (~/bin2, all-TF32 --mp)		
mp-856	Sn2O4	6	P4_2/mnm (136)	GOOD	0.8460	3.1520	M	D		0.6607	0.0000	True	3.1800	3.6600		2026-04/05 (~/bin2, all-TF32 --mp)		
mp-9984	Sn2S4	6	P6_3mc (186)	GOOD	1.2190	2.6490	M	I		1.4857	0.0003	True	2.5800	2.7500		2026-04/05 (~/bin2, all-TF32 --mp)		
mp-10667	Sr2Ag2P2	6	P6_3/mmc (194)	GOOD	0.0206	0.8426	N	D		0.1126	0.0000	True	0.7600	1.0100	kt1	989a18637 (tf32, t_tetrakbt -300)		M=0.8370
mp-1077553	Sr2BBrN2	6	R-3m (166)	FAILED_MAY	2.2551	4.0962	R	I		2.4076	0.0330	True	4.0500	4.3700		989a18637 (fp32, t_tetrakbt +300)		
mp-23024	Sr2Br2F2	6	P4/nmm (129)	GOOD	5.0400	7.6380	M	D		5.0036	0.1527	True	7.8900	8.3300		2026-04/05 (~/bin2, all-TF32 --mp)		
mp-10497	Sr2C4	6	C2/c (15)	FAILED_MAY	2.1170	4.4244	R	I		2.2919	0.0000	True	4.5000	4.9200		989a18637 (fp32, t_tetrakbt +300)		
mp-22957	Sr2Cl2F2	6	P4/nmm (129)	GOOD	5.6660	8.6610	M	D		5.9377	0.1758	True				2026-04/05 (~/bin2, all-TF32 --mp)		
mp-12557	Sr2Cu2As2	6	P6_3/mmc (194)	GOOD	0.3810	0.5280	M	I		0.0038	0.0000	True	0.4000	0.6500		2026-04/05 (~/bin2, all-TF32 --mp)		
mp-552537	Sr2CuBrO2	6	R-3m (166)	GOOD	2.4013	4.7395	N	I	CHECK	2.3516	0.0349	True	4.6100	5.0200	kt1	989a18637 (tf32, t_tetrakbt -300)		M=4.5100
mp-1019258	Sr2F4	6	P6_3/mmc (194)	GOOD	5.7380	9.6400	M	D		5.9375	0.1710	True	9.9300	10.7900		2026-04/05 (~/bin2, all-TF32 --mp)		
mp-24423	Sr2H2Br2	6	P4/nmm (129)	GOOD	3.5080	5.8520	M	D		3.8297	0.0121	True	5.9300	6.4000		2026-04/05 (~/bin2, all-TF32 --mp)		
mp-23860	Sr2H2Cl2	6	P4/nmm (129)	GOOD	3.6670	6.3850	M	D		4.0404	0.0139	True	6.3600	6.9200		2026-04/05 (~/bin2, all-TF32 --mp)		
mp-24205	Sr2H2I2	6	P4/nmm (129)	GOOD	3.1990	5.3880	M	I		3.5902	0.0065	True	5.3700	5.8000		2026-04/05 (~/bin2, all-TF32 --mp)		
mp-1019269	Sr2H3I	6	P-3m1 (164)	FAILED_MAY	1.7938	3.9648	R	I		2.0572	0.0710	True	3.9700	4.4800		989a18637 (fp32, t_tetrakbt +300)		
mp-1179094	Sr2H4	6	Cmcm (63)	GOOD	1.0480	3.2840	M	I	path<mesh(mesh)	1.2783	0.0441	True	3.0600	3.6500		2026-04/05 (~/bin2, all-TF32 --mp)		
mp-23759	Sr2H4	6	P6_3/mmc (194)	GOOD	1.0780	3.3380	M	I	path<mesh(mesh)	1.2621	0.0459	True	3.0800	3.6700		2026-04/05 (~/bin2, all-TF32 --mp)		
mp-29754	Sr2Li2N2	6	P4_2/mmc (131)	GOOD	0.2480	1.1680	M	I		0.2574	0.0000	True	1.1400	1.3000		2026-04/05 (~/bin2, all-TF32 --mp)		
mp-13276	Sr2Li2P2	6	P6_3/mmc (194)	GOOD	1.2460	2.3500	M	I		1.3431	0.0000	True	2.4200	2.6100		2026-04/05 (~/bin2, all-TF32 --mp)		
mp-4359	Sr2PdO3	6	Immm (71)	DRIFT_GOOD	0.0621	2.1814	N	I	CHECK	0.2353	0.0000	True	1.9400	2.5700	kt1	989a18637 (tf32, t_tetrakbt -300)		M=2.6100
mp-1950	Sr2S4	6	I4/mcm (140)	GOOD	1.1460	3.0010	M	I		1.3014	0.0234	True	3.0500	3.3900		2026-04/05 (~/bin2, all-TF32 --mp)		
mp-7811	SrSO4	6	F-43m (216)	FAILED_MAY	3.5542	6.5843	R	I		3.9207	0.2171	True	6.6900	7.2800		989a18637 (fp32, t_tetrakbt +300)		
mp-12561	Ta2As4	6	C2/m (12)	UNKNOWN_MAY		0.0000	N	metal		0.0000	0.0000	True			kt1	989a18637 (tf32, t_tetrakbt -300)		R=0.0000
mp-22945	Te2Rh2Cl2	6	C2/m (12)	GOOD	0.6400	1.5860	M	D		0.7797	0.0000	True	1.5300	1.7200		2026-04/05 (~/bin2, all-TF32 --mp)		
mp-602	Te4Mo2	6	P6_3/mmc (194)	GOOD	0.9480	1.4310	M	I		0.9651	0.0000	True	1.3100	1.3200		2026-04/05 (~/bin2, all-TF32 --mp)		
mp-267	Te4Ru2	6	Pnnm (58)	GOOD	0.2092	0.6865	N	I		0.2847	0.0000	True	0.7600	0.8000	kt1	989a18637 (tf32, t_tetrakbt -300)		M=0.6850
mp-1019322	Te4W2	6	P6_3/mmc (194)	GOOD	1.1310	1.6790	M	D	path<mesh(mesh)	0.9389	0.0336	True	1.3700	1.3900		2026-04/05 (~/bin2, all-TF32 --mp)		
mp-27849	Ti2Br2N2	6	Pmmn (59)	GOOD	0.5360	1.7910	M	D		0.5551	0.1399	True	1.6300	1.8900		2026-04/05 (~/bin2, all-TF32 --mp)		
mp-27850	Ti2N2Cl2	6	Pmmn (59)	GOOD	0.5290	1.9480	M	D		0.5605	0.0764	True	1.7100	2.0100		2026-04/05 (~/bin2, all-TF32 --mp)		
mp-390	Ti2O4	6	I4_1/amd (141)	GOOD	2.0191	4.0499	N	I	differs	2.0630	0.0000	True			kt1	989a18637 (tf32, t_tetrakbt -300)		M=3.9060
mp-27484	Tl4O2	6	R-3m (166)	GOOD	0.6300	1.1570	M	D		0.5717	0.0000	True	1.1000	1.2200		2026-04/05 (~/bin2, all-TF32 --mp)		
mp-551470	Tl4O2	6	C2/m (12)	GOOD	0.6290	1.1350	M	I		0.5139	0.0000	True	1.1600	1.2300		2026-04/05 (~/bin2, all-TF32 --mp)		
mp-30530	TlClO4	6	F-43m (216)	FAILED_MAY	4.5375	7.6323	R	D		4.5793	0.0000	True	7.7800	8.3300		989a18637 (fp32, t_tetrakbt +300)		
mp-1072660	V2As4	6	C2/m (12)	UNKNOWN_MAY		0.0000	N	metal		0.0000	0.0000	True			kt1	989a18637 (tf32, t_tetrakbt -300)		R=0.0000
mp-224	W2S4	6	P6_3/mmc (194)	GOOD	1.2870	2.2190	M	I	path<mesh(mesh)	1.5657	0.0000	True	1.9600	1.9800		2026-04/05 (~/bin2, all-TF32 --mp)		
mp-1821	W2Se4	6	P6_3/mmc (194)	GOOD	1.2650	2.0420	M	I	path<mesh(mesh)	1.4468	0.0000	True	1.8200	1.8500		2026-04/05 (~/bin2, all-TF32 --mp)		
mp-28260	WBr4O	6	I4 (79)	GOOD	0.9980	2.7560	M	I		1.1204	0.5151	True	2.7100	2.9900		2026-04/05 (~/bin2, all-TF32 --mp)		
mp-27754	WCl4O	6	I4 (79)	GOOD	1.6750	3.8830	M	I		2.3332	0.5653	True	3.9300	4.2100		2026-04/05 (~/bin2, all-TF32 --mp)		
mp-27985	Y2Cl2O2	6	P4/nmm (129)	FAILED_MAY	4.8906	6.9797	R	D		5.0892	0.1552	True	7.0400	7.4500		989a18637 (fp32, t_tetrakbt +300)		
mp-552120	Y2Cl2O2	6	R-3m (166)	DRIFT_GOOD	4.2555	6.8205	N	I	CHECK	4.2733	0.1084	True	6.9100	7.3500	kt1	989a18637 (tf32, t_tetrakbt -300)		M=6.5010
mp-10219	Y2O2F2	6	P4/nmm (129)	GOOD	5.0338	7.5222	N	I	differs	4.9449	0.0177	True	7.4900	8.0300	kt1	989a18637 (tf32, t_tetrakbt -300)		M=7.5850
mp-3637	Y2O2F2	6	R-3m (166)	GOOD	4.9730	7.2720	M	D		4.9303	0.0000	True	7.6600	8.1600		2026-04/05 (~/bin2, all-TF32 --mp)		
mp-10086	Y2S2F2	6	P4/nmm (129)	GOOD	1.1741	2.7671	N	D		1.3137	0.0000	True	2.8100	3.1100	kt1	989a18637 (tf32, t_tetrakbt -300)		M=2.7580
mp-22909	Zn2Cl4	6	I-42d (122)	GOOD	3.8310	6.9350	M	D		4.0570	0.0000	True	7.0800	7.6900		2026-04/05 (~/bin2, all-TF32 --mp)		
mp-567279	Zn2Cl4	6	P4_2/nmc (137)	GOOD	3.5790	6.7990	M	D		3.8828	0.0016	True	6.8900	7.4800		2026-04/05 (~/bin2, all-TF32 --mp)		
mp-1873	Zn2F4	6	P4_2/mnm (136)	NOTCONV_MAY	3.4318	8.0522	R	I		3.4773	0.0000	True	8.0300	9.0200		989a18637 (fp32, t_tetrakbt +300)		
mp-1071319	Zn3Te3	6	P3_121 (152)	GOOD	0.1060	1.1040	M	D		0.2929	0.1516	True	1.0800	1.3700		2026-04/05 (~/bin2, all-TF32 --mp)		
mp-571195	Zn3Te3	6	P3_1 (144)	GOOD	0.8360	2.1750	M	D		1.0679	0.0037	True	2.2100	2.5100		2026-04/05 (~/bin2, all-TF32 --mp)		
mp-545756	ZnSO4	6	F-43m (216)	GOOD	4.5729	8.5351	N	D	CHECK	4.2718	0.0383	True	8.6900	9.3900	kt1	989a18637 (tf32, t_tetrakbt -300)		M=8.7660
mp-541912	Zr2Br2N2	6	R-3m (166)	GOOD	1.5510	2.9090	M	I	path<mesh(mesh)	1.4687	0.0016	True	3.0900	3.2500		2026-04/05 (~/bin2, all-TF32 --mp)		
mp-570157	Zr2Br2N2	6	Pmmn (59)	GOOD	1.7330	3.4140	M	D		1.7035	0.0159	True	3.4200	3.7100		2026-04/05 (~/bin2, all-TF32 --mp)		
mp-23052	Zr2I2N2	6	Pmmn (59)	FAILED_MAY	1.1833	2.8761	R	D		1.2172	0.0000	True	3.0100	3.2500		989a18637 (fp32, t_tetrakbt +300)		
mp-580886	Zr2I2N2	6	R-3m (166)	GOOD	0.8060	2.0040	M	I	path<mesh(mesh)	0.7438	0.0292	True	2.3100	2.4300		2026-04/05 (~/bin2, all-TF32 --mp)		
mp-542791	Zr2N2Cl2	6	R-3m (166)	GOOD	1.8200	3.2510	M	I	path<mesh(mesh)	1.7306	0.0000	True	3.5200	3.7200		2026-04/05 (~/bin2, all-TF32 --mp)		
mp-2574	Zr2O4	6	P4_2/nmc (137)	GOOD	3.8280	6.2320	M	I		3.8825	0.0271	True	6.1700	6.6700		2026-04/05 (~/bin2, all-TF32 --mp)		
mp-8231	Zr2S2O2	6	P4/nmm (129)	GOOD	0.6810	1.7370	M	D		0.7956	0.0257	True	1.8400	1.9900		2026-04/05 (~/bin2, all-TF32 --mp)		
mp-23485	Ag2HgI4	7	I-4 (82)	GOOD	1.0390	2.6280	M	D		1.2219	0.0000	True	2.6000	2.9800		2026-04/05 (~/bin2, all-TF32 --mp)		
mp-570256	Ag2HgI4	7	P-42m (111)	GOOD	0.9480	2.5400	M	D		1.1004	0.0024	True	2.4700	2.8500		2026-04/05 (~/bin2, all-TF32 --mp)		
mp-5928	Al2CdS4	7	I-4 (82)	GOOD	2.5720	4.4680	M	I		2.7303	0.0000	True	4.5500	4.9100		2026-04/05 (~/bin2, all-TF32 --mp)		
mp-3159	Al2CdSe4	7	I-4 (82)	GOOD	1.8840	3.4340	M	D		2.0058	0.0000	True	3.5800	3.8900		2026-04/05 (~/bin2, all-TF32 --mp)		
mp-7909	Al2CdTe4	7	I-4 (82)	GOOD	1.5170	2.7140	M	D		1.6261	0.0000	True	2.8100	3.0100		2026-04/05 (~/bin2, all-TF32 --mp)		
mp-7906	Al2HgS4	7	I-4 (82)	GOOD	1.9020	3.4860	M	I		2.0163	0.0000	True	3.5700	3.8800		2026-04/05 (~/bin2, all-TF32 --mp)		
mp-3038	Al2HgSe4	7	I-4 (82)	GOOD	1.3260	2.6710	M	D		1.4322	0.0000	True	2.7500	3.0100		2026-04/05 (~/bin2, all-TF32 --mp)		
mp-7910	Al2HgTe4	7	I-4 (82)	GOOD	1.0340	2.0500	M	D		1.1122	0.0000	True	2.0900	2.2500		2026-04/05 (~/bin2, all-TF32 --mp)		
mp-9254	Al2Te5	7	C2/m (12)	GOOD	0.9110	1.7420	M	I		1.0461	0.0000	True	1.7700	1.8300		2026-04/05 (~/bin2, all-TF32 --mp)		
mp-7907	Al2ZnSe4	7	I-4 (82)	GOOD	2.0660	3.7880	M	D		2.1529	0.0000	True	3.8500	4.1500		2026-04/05 (~/bin2, all-TF32 --mp)		
mp-7908	Al2ZnTe4	7	I-4 (82)	GOOD	1.5570	2.7220	M	I		1.6274	0.0000	True	2.7500	2.9000		2026-04/05 (~/bin2, all-TF32 --mp)		
mp-1591	Al4C3	7	R-3m (166)	GOOD	1.3160	2.2400	M	I		1.3164	0.0000	True	2.3500	2.4600		2026-04/05 (~/bin2, all-TF32 --mp)		
mp-9321	Ba2HfS4	7	I4/mmm (139)	GOOD	0.7087	2.1978	N	I		0.8646	0.0000	True	2.2600	2.6100	kt1	989a18637 (tf32, t_tetrakbt -300)		M=2.2130
mp-20098	Ba2PbO4	7	I4/mmm (139)	DRIFT_GOOD	1.3503	2.6407	N	I	differs	1.2338	0.0000	True	2.6500	2.9100	kt1	989a18637 (tf32, t_tetrakbt -300)		M=2.5720
mp-3359	Ba2SnO4	7	I4/mmm (139)	GOOD	2.5850	4.8710	M	I		2.4494	0.0000	True	4.7300	5.2000		2026-04/05 (~/bin2, all-TF32 --mp)		
mp-8335	Ba2ZrO4	7	I4/mmm (139)	NOTCONV_MAY	2.9414	5.3959	R	I		2.9833	0.0000	True	5.4600	5.9600		989a18637 (fp32, t_tetrakbt +300)		
mp-3813	Ba2ZrS4	7	I4/mmm (139)	GOOD	0.5090	1.8660	M	I		0.5895	0.0016	True	1.8700	2.1700		2026-04/05 (~/bin2, all-TF32 --mp)		
mp-545788	Ba3ZnN2O	7	P4/mmm (123)	GOOD	0.4450	1.5710	M	I		0.4216	0.1107	True	1.6100	1.8600		2026-04/05 (~/bin2, all-TF32 --mp)		
mp-8300	Ba4As2O	7	I4/mmm (139)	GOOD	0.6280	1.6280	M	D		0.6642	0.0000	True	1.6500	1.9100		2026-04/05 (~/bin2, all-TF32 --mp)		
mp-9774	Ba4Sb2O	7	I4/mmm (139)	GOOD	0.6170	1.7080	M	D		0.6354	0.0000	True	1.6000	1.8500		2026-04/05 (~/bin2, all-TF32 --mp)		
mp-550751	BaBeSiO4	7	Cm (8)	GOOD	4.2620	7.0500	M	I		4.6114	0.0000	True	7.0700	7.6800		2026-04/05 (~/bin2, all-TF32 --mp)		
mp-1077866	BaZnBO3F	7	P-6 (174)	GOOD	3.4544	6.3393	N	I		3.6218	0.0203	True	6.3300	6.9600	kt1	989a18637 (tf32, t_tetrakbt -300)		M=6.3470
mp-676250	Bi2Te4Pb	7	R-3m (166)	GOOD	0.6564	1.0346	N	D		0.4945	0.0011	True	1.1000	1.1500	kt1	989a18637 (tf32, t_tetrakbt -300)		M=1.0410
mp-570572	C3N4	7	R3m (160)	NOTCONV_MAY	1.3001	3.7486	R	D		1.4130	0.1473	True	3.9800	4.3200		989a18637 (fp32, t_tetrakbt +300)		
mp-571653	C3N4	7	P-43m (215)	GOOD	2.3630	4.4850	M	D		2.4955	0.4981	True	4.5000	4.7800		2026-04/05 (~/bin2, all-TF32 --mp)		
mp-13650	Ca2GeO4	7	I4/mmm (139)	GOOD	2.7300	5.3230	M	I		2.9044	0.1464	True	5.3100	5.8900		2026-04/05 (~/bin2, all-TF32 --mp)		
mp-8682	Ca2SiO4	7	I4/mmm (139)	NOTCONV_MAY	4.2203	7.1907	R	I		4.3447	0.1888	True	7.1200	7.7600		989a18637 (fp32, t_tetrakbt +300)		
mp-27294	Ca3AsBr3	7	Pm-3m (221)	GOOD	1.4900	3.5460	M	D		1.6726	0.0000	True	3.5000	3.9900		2026-04/05 (~/bin2, all-TF32 --mp)		
mp-28069	Ca3AsCl3	7	Pm-3m (221)	GOOD	1.6390	3.9730	M	D		1.8439	0.0000	True	3.9000	4.4500		2026-04/05 (~/bin2, all-TF32 --mp)		
mp-30315	Ca3BN3	7	P4/mmm (123)	GOOD	0.4340	1.4120	M	I		0.5681	0.0000	True	1.3800	1.6400		2026-04/05 (~/bin2, all-TF32 --mp)		
mp-29342	Ca3PCl3	7	Pm-3m (221)	DRIFT_GOOD	1.6246	3.9328	N	D	differs	1.8416	0.0000	True	3.9100	4.4600	kt1	989a18637 (tf32, t_tetrakbt -300)		M=4.0260
mp-8789	Ca4As2O	7	I4/mmm (139)	GOOD	1.1102	2.4484	N	I	differs	1.2121	0.0000	True	2.4800	2.7400	kt1	989a18637 (tf32, t_tetrakbt -300)		M=2.5000
mp-551873	Ca4Bi2O	7	I4/mmm (139)	GOOD	0.7800	1.9310	M	I		0.8131	0.0000	True	1.9800	2.2000		2026-04/05 (~/bin2, all-TF32 --mp)		
mp-5380	Ca4P2O	7	I4/mmm (139)	GOOD	1.1421	2.5758	N	I	differs	1.2708	0.0000	True	2.6200	2.9000	kt1	989a18637 (tf32, t_tetrakbt -300)		M=2.5040
mp-13660	Ca4Sb2O	7	I4/mmm (139)	GOOD	0.8650	2.0140	M	I		0.9079	0.0000	True	2.1000	2.3300		2026-04/05 (~/bin2, all-TF32 --mp)		
mp-1025377	CdAg2I4	7	I-42m (121)	GOOD	1.5680	3.4890	M	D		1.7741	0.0000	True	3.4200	3.8500		2026-04/05 (~/bin2, all-TF32 --mp)		
mp-4452	CdGa2S4	7	I-4 (82)	GOOD	1.9820	3.5680	M	D		2.1200	0.0000	True	3.6200	3.9300		2026-04/05 (~/bin2, all-TF32 --mp)		
mp-3772	CdGa2Se4	7	I-4 (82)	GOOD	1.2248	2.5893	N	D		1.3487	0.0000	True	2.6500	2.9300	kt1	989a18637 (tf32, t_tetrakbt -300)		M=2.5750
mp-13949	CdGa2Te4	7	I-4 (82)	GOOD	0.9460	1.9990	M	D		1.0379	0.0000	True	2.0700	2.2700		2026-04/05 (~/bin2, all-TF32 --mp)		
mp-22304	CdIn2Se4	7	I-4 (82)	GOOD	0.8010	2.0200	M	D		0.9564	0.0000	True	2.0500	2.3300		2026-04/05 (~/bin2, all-TF32 --mp)		
mp-568032	CdIn2Se4	7	P-42m (111)	GOOD	0.7190	1.9670	M	D		0.8708	0.0042	True	1.9700	2.2500		2026-04/05 (~/bin2, all-TF32 --mp)		
mp-568661	CdIn2Se4	7	I-42m (121)	GOOD	0.6050	1.7950	M	D		0.7742	0.0027	True	1.8200	2.1200		2026-04/05 (~/bin2, all-TF32 --mp)		
mp-21374	CdIn2Te4	7	I-4 (82)	GOOD	0.7159	1.6995	N	D		0.8506	0.0000	True	1.7500	1.9300	kt1	989a18637 (tf32, t_tetrakbt -300)		M=1.7290
mp-1077904	CdPb2Cl2O2	7	C2/m (12)	NOTCONV_MAY	2.4072	3.9547	R	I		2.4355	0.1147	True	4.0700	4.3600		989a18637 (fp32, t_tetrakbt +300)		
mp-15157	Cs2CaF4	7	I4/mmm (139)	NOTCONV_MAY	6.0047	9.9900	R	I		6.0910	0.0000	True	10.0900	10.9400		989a18637 (fp32, t_tetrakbt +300)		
mp-697133	Cs2CaH4	7	I4/mmm (139)	NOTCONV_MAY	2.6655	5.6446	R	I		3.0097	0.0000	True	5.5700	6.2900		989a18637 (fp32, t_tetrakbt +300)		
mp-8963	Cs2HgF4	7	I4/mmm (139)	NOTCONV_MAY	1.9036	5.1091	R	I		2.1117	0.0000	True	4.9600	5.7200		989a18637 (fp32, t_tetrakbt +300)		
mp-23752	Cs2MgH4	7	I4/mmm (139)	GOOD	2.6720	5.3450	M	I		2.9953	0.0069	True	5.2000	5.8700		2026-04/05 (~/bin2, all-TF32 --mp)		
mp-1078085	Cs2PdCl4	7	P4/mmm (123)	GOOD	1.5670	4.5900	M	D		1.8390	0.0000	True	4.9400	5.4300		2026-04/05 (~/bin2, all-TF32 --mp)		
mp-551629	CsLiMoO4	7	F-43m (216)	GOOD	4.2570	6.9110	M	D		4.4240	0.0000	True	7.2500	7.7200		2026-04/05 (~/bin2, all-TF32 --mp)		
mp-23353	Cu2HgI4	7	I-42m (121)	GOOD	0.5630	1.8500	M	D		0.5902	0.0000	True	1.7300	2.1300		2026-04/05 (~/bin2, all-TF32 --mp)		
mp-568598	Cu2HgI4	7	P-42m (111)	GOOD	0.2730	1.5540	M	I		0.3179	0.0035	True	1.2800	1.7500		2026-04/05 (~/bin2, all-TF32 --mp)		
mp-557373	Cu2WS4	7	I-42m (121)	GOOD	1.4760	2.7030	M	I		1.5621	0.0010	True	2.8500	2.9800		2026-04/05 (~/bin2, all-TF32 --mp)		
mp-8976	Cu2WS4	7	P-42m (111)	GOOD	1.3932	2.6184	N	I		1.4443	0.0042	True	2.7900	2.9100	kt1	989a18637 (tf32, t_tetrakbt -300)		M=2.6150
mp-4809	Ga2HgS4	7	I-4 (82)	GOOD	1.4440	2.8310	M	D		1.5764	0.0000	True	2.8500	3.1100		2026-04/05 (~/bin2, all-TF32 --mp)		
mp-4730	Ga2HgSe4	7	I-4 (82)	GOOD	0.8010	1.9650	M	D		0.9189	0.0000	True	1.9900	2.2400		2026-04/05 (~/bin2, all-TF32 --mp)		
mp-16337	Ga2HgTe4	7	I-4 (82)	GOOD	0.5770	1.4570	M	D		0.6622	0.0000	True	1.5100	1.6700		2026-04/05 (~/bin2, all-TF32 --mp)		
mp-2371	Ga2Te5	7	I4/m (87)	GOOD	0.8961	1.5459	N	I		0.9609	0.0000	True	1.8700	1.9300	kt1	989a18637 (tf32, t_tetrakbt -300)		M=1.5500
mp-27948	GeBi2Te4	7	R-3m (166)	GOOD	0.7340	1.0530	M	D		0.4962	0.0132	True	1.1200	1.1500		2026-04/05 (~/bin2, all-TF32 --mp)		
mp-14790	GeTe4As2	7	R-3m (166)	GOOD	0.6025	0.7368	N	D	path<mesh(mesh)	0.3654	0.0385	True	0.4900	0.4600	kt1	989a18637 (tf32, t_tetrakbt -300)		M=0.7370
mp-3167	Hg2GeSe4	7	I-4 (82)	GOOD	0.2948	1.2133	N	D		0.4336	0.0000	True	1.1700	1.4400	kt1	989a18637 (tf32, t_tetrakbt -300)		M=1.1950
mp-655275	HgC2S2N2	7	C2/m (12)	GOOD	1.9140	4.2510	M	I		2.1511	0.2364	True	4.3500	4.7400		2026-04/05 (~/bin2, all-TF32 --mp)		
mp-546862	HgPb2Cl2O2	7	C2/m (12)	FAILED_MAY	2.2276	3.6366	R	I		2.2478	0.1284	True	3.6600	3.8800		989a18637 (fp32, t_tetrakbt +300)		
mp-20731	In2HgSe4	7	I-4 (82)	GOOD	0.4730	1.5640	M	D		0.6358	0.0000	True	1.5000	1.7800		2026-04/05 (~/bin2, all-TF32 --mp)		
mp-19765	In2HgTe4	7	I-4 (82)	GOOD	0.4120	1.2770	M	D		0.5295	0.0000	True	1.2800	1.4500		2026-04/05 (~/bin2, all-TF32 --mp)		
mp-1077901	InCo3SnS2	7	R-3m (166)	FAILED_MAY	0.2067	0.2728	R	I		0.1967	0.0000	True	0.2900	0.3000		989a18637 (fp32, t_tetrakbt +300)		
mp-643257	K2H4Pd	7	I4/mmm (139)	GOOD	2.5040	5.4750	M	D		3.1779	0.0000	True	5.2700	5.9500		2026-04/05 (~/bin2, all-TF32 --mp)		
mp-27207	K2MgCl4	7	I4/mmm (139)	DRIFT_GOOD	4.5993	7.9303	N	I		4.7652	0.0000	True	8.0800	8.7600	kt1	989a18637 (tf32, t_tetrakbt -300)		M=7.9650
mp-31212	K2MgF4	7	I4/mmm (139)	NOTCONV_MAY	6.4542	11.1480	R	I		6.4059	0.0000	True	11.3500	12.3300		989a18637 (fp32, t_tetrakbt +300)		
mp-23956	K2MgH4	7	I4/mmm (139)	GOOD	3.1569	6.2749	N	I	differs	3.4385	0.0000	True	6.0500	6.9000	kt1	989a18637 (tf32, t_tetrakbt -300)		M=6.2010
mp-27138	K2PdBr4	7	P4/mmm (123)	GOOD	0.9940	3.7580	M	I		1.2719	0.0000	True	3.8500	4.2700		2026-04/05 (~/bin2, all-TF32 --mp)		
mp-22956	K2PdCl4	7	P4/mmm (123)	GOOD	1.2440	4.3150	M	I		1.4279	0.0000	True	4.3400	4.9400		2026-04/05 (~/bin2, all-TF32 --mp)		
mp-28163	K2PdF4	7	C2/m (12)	GOOD	1.8048	6.5144	N	I	differs	2.0218	0.0000	True	6.6500	7.4200	kt1	989a18637 (tf32, t_tetrakbt -300)		M=6.6030
mp-27243	K2PtBr4	7	P4/mmm (123)	DRIFT_GOOD	1.2257	3.9519	N	I		1.4770	0.0063	True	4.1000	4.5900	kt1	989a18637 (tf32, t_tetrakbt -300)		M=3.9680
mp-22934	K2PtCl4	7	P4/mmm (123)	NOTCONV_MAY	1.5540	4.6191	R	I		1.8196	0.0000	True	4.7000	5.3200		989a18637 (fp32, t_tetrakbt +300)		
mp-7502	K2Sn2O3	7	R-3m (166)	GOOD	1.0270	2.4710	M	D		1.2205	0.0058	True	2.4500	2.7900		2026-04/05 (~/bin2, all-TF32 --mp)		
mp-9583	K2ZnF4	7	I4/mmm (139)	FAILED_MAY	4.2332	8.8624	R	I		4.3203	0.0000	True	8.8500	9.8900		989a18637 (fp32, t_tetrakbt +300)		
mp-29584	K4BeAs2	7	R-3m (166)	GOOD	0.7228	1.9917	N	I	differs	0.8827	0.0000	True	2.0000	2.3100	kt1	989a18637 (tf32, t_tetrakbt -300)		M=2.0420
mp-9872	K4BeP2	7	R-3m (166)	NOTCONV_MAY	0.9524	2.2523	R	I		1.1348	0.0000	True	2.2300	2.5800		989a18637 (fp32, t_tetrakbt +300)		
mp-28627	K4Br2O	7	I4/mmm (139)	NOTCONV_MAY	0.9516	3.4037	R	D		0.9893	0.1354	True	3.2800	3.9900		989a18637 (fp32, t_tetrakbt +300)		
mp-29585	K4CdAs2	7	R-3m (166)	SUSPECT_GOOD	0.4995	1.6175	N	I	CHECK	0.6091	0.0000	True	1.6400	1.9100	kt1	989a18637 (tf32, t_tetrakbt -300)		M=1.1070;R=1.6175
mp-28302	K4CdP2	7	R-3m (166)	GOOD	0.6970	1.7010	M	I		0.8255	0.0000	True	1.8300	2.0800		2026-04/05 (~/bin2, all-TF32 --mp)		
mp-29484	K4HgAs2	7	R-3m (166)	GOOD	0.5910	1.5460	M	I		0.6970	0.0000	True	1.7600	2.0100		2026-04/05 (~/bin2, all-TF32 --mp)		
mp-8753	K4HgP2	7	R-3m (166)	SUSPECT_GOOD	0.8026	1.9320	N	I	CHECK	0.9367	0.0000	True	1.9400	2.1900	kt1	989a18637 (tf32, t_tetrakbt -300)		M=1.6410;R=1.9319
mp-571461	K4ZnAs2	7	R-3m (166)	FAILED_MAY	0.5917	1.7810	R	I		0.7250	0.0000	True	1.8000	2.0800		989a18637 (fp32, t_tetrakbt +300)		
mp-11719	K4ZnP2	7	R-3m (166)	GOOD	0.8030	1.8850	M	I		0.9455	0.0000	True	2.0100	2.3000		2026-04/05 (~/bin2, all-TF32 --mp)		
mp-6867	KCaCO3F	7	P-6m2 (187)	GOOD	4.0500	7.4000	M	I		4.3552	0.0000	True	7.5300	8.3200		2026-04/05 (~/bin2, all-TF32 --mp)		
mp-865427	KSrCO3F	7	P-6m2 (187)	GOOD	3.8310	7.0860	M	D		4.1032	0.0000	True	7.3200	8.0100		2026-04/05 (~/bin2, all-TF32 --mp)		
mp-29009	Li2MgBr4	7	Cmmm (65)	GOOD	4.3610	7.1290	M	D		4.5262	0.0146	True	7.2300	7.7000		2026-04/05 (~/bin2, all-TF32 --mp)		
mp-549308	LiGeBO4	7	Fmm2 (42)	NOTCONV_MAY	2.5865	5.7475	R	I		2.7311	0.2068	True	5.9000	6.4400		989a18637 (fp32, t_tetrakbt +300)		
mp-8873	LiGeBO4	7	I-4 (82)	NOTCONV_MAY	4.3461	7.6328	R	I		4.5264	0.0044	True	7.7900	8.3800		989a18637 (fp32, t_tetrakbt +300)		
mp-8874	LiSiBO4	7	I-4 (82)	GOOD	6.2230	9.4830	M	I		6.4308	0.0053	True	9.7500	10.3500		2026-04/05 (~/bin2, all-TF32 --mp)		
mp-11175	LiZnPS4	7	I-4 (82)	GOOD	2.5600	4.6050	M	I		2.7312	0.0000	True	4.6400	4.9500		2026-04/05 (~/bin2, all-TF32 --mp)		
mp-7983	Mg2SiO4	7	I4/mmm (139)	FAILED_MAY	3.4107	6.3499	R	I		3.5361	0.3797	True	6.4800	7.0500		989a18637 (fp32, t_tetrakbt +300)		
mp-7604	Mg3NF3	7	Pm-3m (221)	GOOD	3.8490	7.0260	M	D		3.5818	0.0423	True	7.2700	7.9400		2026-04/05 (~/bin2, all-TF32 --mp)		
mp-16755	MgAl2S4	7	R-3m (166)	GOOD	1.7950	3.9360	M	D		2.0150	0.0280	True	4.1200	4.4300		2026-04/05 (~/bin2, all-TF32 --mp)		
mp-9479	MgAl2Se4	7	R-3m (166)	GOOD	0.8650	2.7650	M	D		1.0530	0.0176	True	2.9400	3.2200		2026-04/05 (~/bin2, all-TF32 --mp)		
mp-558836	MoF6	7	Im-3m (229)	GOOD	4.0390	7.8390	M	I		4.2423	0.0304	True	8.9800	9.0300		2026-04/05 (~/bin2, all-TF32 --mp)		
mp-643260	Na2H4Pd	7	I4/mmm (139)	GOOD	2.0936	4.6544	N	D	differs	2.3874	0.0000	True	4.5100	5.2000	kt1	989a18637 (tf32, t_tetrakbt -300)		M=4.5310
mp-697096	Na2H4Pt	7	I4/mmm (139)	GOOD	1.9390	4.4270	M	I		2.1188	0.0000	True	4.3000	4.9300		2026-04/05 (~/bin2, all-TF32 --mp)		
mp-28599	Na4Br2O	7	I4/mmm (139)	GOOD	2.2130	4.7130	M	D		1.9852	0.1340	True	4.8700	5.5400		2026-04/05 (~/bin2, all-TF32 --mp)		
mp-8752	Na4CdP2	7	R-3m (166)	GOOD	0.6730	1.8450	M	I		0.7395	0.0000	True	1.8400	2.0600		2026-04/05 (~/bin2, all-TF32 --mp)		
mp-28591	Na4HgP2	7	R-3m (166)	NOTCONV_MAY	0.7982	1.9591	R	I		0.8779	0.0000	True	2.0000	2.2300		989a18637 (fp32, t_tetrakbt +300)		
mp-22937	Na4I2O	7	I4/mmm (139)	NOTCONV_MAY	2.3367	4.7613	R	D		2.2154	0.0787	True	4.7400	5.3600		989a18637 (fp32, t_tetrakbt +300)		
mp-10426	Nb2O5	7	C2 (5)	GOOD	1.6570	3.0900	M	I		1.8452	0.3420	True	3.0800	3.3000		2026-04/05 (~/bin2, all-TF32 --mp)		
mp-1595	Nb2O5	7	C2/m (12)	GOOD	1.7610	3.8810	M	I		2.1771	0.0075	True	3.8900	4.2600		2026-04/05 (~/bin2, all-TF32 --mp)		
mp-551826	NbTlBr4O	7	C2 (5)	FAILED_MAY	1.1096	2.6663	R	I		1.2501	0.2818	True	2.6500	3.0100		989a18637 (fp32, t_tetrakbt +300)		
mp-24517	Rb2CaH4	7	I4/mmm (139)	GOOD	2.9632	6.2326	N	D		3.3025	0.0090	True	6.1300	6.9300	kt1	989a18637 (tf32, t_tetrakbt -300)		M=6.2290
mp-29873	Rb2CdCl4	7	I4/mmm (139)	GOOD	2.9078	5.8757	N	I	differs	3.1677	0.0079	True	5.8600	6.5500	kt1	989a18637 (tf32, t_tetrakbt -300)		M=5.6860
mp-8962	Rb2HgF4	7	I4/mmm (139)	NOTCONV_MAY	1.7238	5.0856	R	I		1.9675	0.0000	True	4.8900	5.7000		989a18637 (fp32, t_tetrakbt +300)		
mp-8861	Rb2MgF4	7	I4/mmm (139)	DRIFT_GOOD	6.2492	10.6944	N	I	differs	6.2257	0.0000	True	10.9000	11.7500	kt1	989a18637 (tf32, t_tetrakbt -300)		M=10.5840
mp-7863	Rb2Sn2O3	7	R-3m (166)	NOTCONV_MAY	1.0310	2.4057	R	D		1.2196	0.0000	True	2.4000	2.7100		989a18637 (fp32, t_tetrakbt +300)		
mp-31002	Rb2Te5	7	C2/m (12)	GOOD	0.2260	1.0050	M	I		0.2365	0.0000	True	0.9800	1.1200		2026-04/05 (~/bin2, all-TF32 --mp)		
mp-1077942	Rb2TeSe4	7	C2/m (12)	GOOD	0.8235	2.0171	N	I		0.9115	0.0072	True	2.0100	2.2500	kt1	989a18637 (tf32, t_tetrakbt -300)		M=2.0350
mp-30004	Rb4Br2O	7	I4/mmm (139)	NOTCONV_MAY	0.5026	2.8235	R	D		0.5848	0.1372	True	2.7000	3.3400		989a18637 (fp32, t_tetrakbt +300)		
mp-863745	RbSrCO3F	7	P-6m2 (187)	GOOD	3.8513	7.2550	N	D	CHECK	4.1334	0.0000	True	7.3700	8.0100	kt1	989a18637 (tf32, t_tetrakbt -300)	May value 5.33 eV wrong (N 7.26, 2025 8.01)	M=5.3320
mp-8560	SF6	7	Im-3m (229)	GOOD	6.0955	12.1361	N	D	CHECK	5.8139	0.0089	True	12.8900	13.5500	kt1	989a18637 (tf32, t_tetrakbt -300)		M=12.5460
mp-31507	Sb2Te4Pb	7	R-3m (166)	GOOD	0.4040	0.6788	N	D		0.2736	0.1872	True	0.7400	0.7700	kt1	989a18637 (tf32, t_tetrakbt -300)		M=0.6780
mp-7700	SiB6	7	Pm-3m (221)	FAILED_MAY	0.0442	0.2653	R	I		0.0466	0.4789	True	0.2100	0.3200		989a18637 (fp32, t_tetrakbt +300)		
mp-10955	SnHg2Se4	7	I-4 (82)	GOOD	0.1140	0.9970	M	D		0.2753	0.0000	True	0.9000	1.2100		2026-04/05 (~/bin2, all-TF32 --mp)		
mp-27947	SnSb2Te4	7	R-3m (166)	GOOD	0.3070	0.5190	M	D		0.2525	0.0000	True	0.5500	0.5700		2026-04/05 (~/bin2, all-TF32 --mp)		
mp-567655	Sr2CN2Cl2	7	C2/m (12)	DRIFT_GOOD	4.0106	6.2516	N	I		4.2020	0.0777	True	6.2500	6.7000	kt1	989a18637 (tf32, t_tetrakbt -300)		M=6.2860
mp-3376	Sr2SnO4	7	I4/mmm (139)	NOTCONV_MAY	2.7121	5.0394	R	I		2.5780	0.0053	True	5.1000	5.5800		989a18637 (fp32, t_tetrakbt +300)		
mp-5532	Sr2TiO4	7	I4/mmm (139)	NOTCONV_MAY	1.8857	4.0637	R	I	vs2025	1.9149	0.0000	True	3.6800	3.0900		989a18637 (fp32, t_tetrakbt +300)		
mp-8299	Sr4As2O	7	I4/mmm (139)	GOOD	1.0990	2.2540	M	I		1.1913	0.0000	True	2.1800	2.4100		2026-04/05 (~/bin2, all-TF32 --mp)		
mp-8298	Sr4P2O	7	I4/mmm (139)	GOOD	1.1057	2.2533	N	I	differs	1.2132	0.0000	True	2.2900	2.4800	kt1	989a18637 (tf32, t_tetrakbt -300)		M=2.3160
mp-570097	SrLi4P2	7	R-3m (166)	NOTCONV_MAY	0.8682	1.8840	R	I		0.9759	0.0000	True	1.9200	2.1000		989a18637 (fp32, t_tetrakbt +300)		
mp-554867	Ta2O5	7	Pmmm (47)	GOOD	0.0390	1.8500	M	I		0.2637	0.3323	True	1.3200	2.1800		2026-04/05 (~/bin2, all-TF32 --mp)		
mp-624688	Ta2O5	7	C2 (5)	GOOD	2.3159	4.0280	N	I	CHECK	2.4734	0.4173	True	4.1000	4.4100	kt1	989a18637 (tf32, t_tetrakbt -300)		M=4.4680
mp-1025299	Tl2CdTe4	7	I-4 (82)	GOOD	0.0000	0.5260	M	D		0.0789	0.0858	True	0.4700	0.6600		2026-04/05 (~/bin2, all-TF32 --mp)		
mp-29889	Tl2PdCl4	7	P4/mmm (123)	GOOD	0.7780	2.9850	M	I		1.0534	0.0000	True	3.0400	3.3800		2026-04/05 (~/bin2, all-TF32 --mp)		
mp-9791	Tl3AsS3	7	R3m (160)	GOOD	0.9590	1.7920	M	I		1.2176	0.0061	True	1.8300	1.9600		2026-04/05 (~/bin2, all-TF32 --mp)		
mp-7684	Tl3AsSe3	7	R3m (160)	GOOD	0.6540	1.3190	M	D		0.8814	0.0000	True	1.3200	1.4300		2026-04/05 (~/bin2, all-TF32 --mp)		
mp-8393	Tl3SbS3	7	R3m (160)	GOOD	1.3771	2.1441	N	D		1.5925	0.0000	True	2.2500	2.3700	kt1	989a18637 (tf32, t_tetrakbt -300)		M=2.1340
mp-720166	V2O5	7	C2/m (12)	GOOD	1.1800	2.4190	M	I		1.3794	0.1275	True	2.2500	2.4200		2026-04/05 (~/bin2, all-TF32 --mp)		
mp-28483	WBr6	7	R-3 (148)	GOOD	0.8760	2.1480	M	D		1.0699	0.0000	True	1.9500	2.3500		2026-04/05 (~/bin2, all-TF32 --mp)		
mp-571518	WCl6	7	R-3 (148)	NOTCONV_MAY	1.5861	3.4960	R	I		1.7921	0.0000	True	3.2000	3.6000		989a18637 (fp32, t_tetrakbt +300)		
mp-546864	Y2CN2O2	7	P-3m1 (164)	GOOD	3.6931	5.5748	N	I	differs	3.9578	0.0538	True	5.7200	6.0400	kt1	989a18637 (tf32, t_tetrakbt -300)		M=5.7270
mp-1078049	ZnGa2S4	7	P-42m (111)	GOOD	1.8310	3.5010	M	D		1.9330	0.0086	True	3.5600	3.8600		2026-04/05 (~/bin2, all-TF32 --mp)		
mp-5350	ZnGa2S4	7	I-4 (82)	GOOD	2.1578	3.8073	N	D		2.2765	0.0000	True	3.8800	4.1900	kt1	989a18637 (tf32, t_tetrakbt -300)		M=3.8240
mp-15776	ZnGa2Se4	7	I-4 (82)	GOOD	1.3130	2.7460	M	D		1.4001	0.0000	True	2.8000	3.0800		2026-04/05 (~/bin2, all-TF32 --mp)		
mp-15777	ZnGa2Te4	7	I-4 (82)	GOOD	0.9440	1.9430	M	I		1.0183	0.0000	True	1.9600	2.1100		2026-04/05 (~/bin2, all-TF32 --mp)		
mp-22253	ZnIn2S4	7	P3m1 (156)	GOOD	0.0160	1.1400	M	D		0.1074	0.0586	True	0.9200	1.3900		2026-04/05 (~/bin2, all-TF32 --mp)		
mp-541937	ZnIn2S4	7	R3m (160)	GOOD	0.0360	1.1470	M	D		0.1358	0.0599	True	1.0600	1.4300		2026-04/05 (~/bin2, all-TF32 --mp)		
mp-22607	ZnIn2Se4	7	I-4 (82)	GOOD	0.8430	2.1320	M	D		0.9958	0.0000	True	2.1400	2.4200		2026-04/05 (~/bin2, all-TF32 --mp)		
mp-20832	ZnIn2Te4	7	I-4 (82)	GOOD	0.7350	1.7690	M	D		0.8318	0.0000	True	1.7900	1.9700		2026-04/05 (~/bin2, all-TF32 --mp)		
mp-545730	Ag2C2N2O2	8	Pmmn (59)	FAILED_MAY	1.1346	3.4361	R	I		1.3019	0.9253	True	3.2900	3.7500		989a18637 (fp32, t_tetrakbt +300)		
mp-6070	Ag2C2N2O2	8	Cmcm (63)	NOTCONV_MAY	2.2365	4.6403	R	I		2.3532	0.8343	True	4.5800	5.2200		989a18637 (fp32, t_tetrakbt +300)		
mp-6781	Ag2C2N2O2	8	P2_1/m (11)	FAILED_MAY	2.9752	5.5988	R	I		3.0653	0.2440	True	5.5900	6.1200		989a18637 (fp32, t_tetrakbt +300)		
mp-1079156	Ag2Cl2O4	8	Cmme (67)	NOTCONV_MAY	0.6565	4.2121	R	I		0.9151	0.4423	True	4.2100	4.9300		989a18637 (fp32, t_tetrakbt +300)		
mp-552169	Ag2Cl2O4	8	Cmme (67)	FAILED_MAY	0.6518	3.7989	R	D		0.9119	0.4007	True	3.6500	4.6000		989a18637 (fp32, t_tetrakbt +300)		
mp-2247	Ag2N6	8	Ibam (72)	FAILED_MAY	1.3847	3.6401	R	I		1.5736	0.3542	True	3.5500	4.0200		989a18637 (fp32, t_tetrakbt +300)		
mp-571297	Ag2N6	8	I4/mcm (140)	FAILED_MAY	1.4700	3.3300	R	D		1.6315	0.3742	True	3.2700	3.7200		989a18637 (fp32, t_tetrakbt +300)		
mp-559470	Ag2Pb2Br2O2	8	P4/nmm (129)	GOOD	0.0820	1.7240	M	D		0.1883	0.1910	True	1.0200	1.9900		2026-04/05 (~/bin2, all-TF32 --mp)		
mp-580941	Ag4I4	8	P6_3mc (186)	GOOD	1.3810	3.0910	M	D		1.3759	0.0000	True	3.1300	3.4500		2026-04/05 (~/bin2, all-TF32 --mp)		
mp-1079720	Ag4O4	8	P2_1/c (14)	GOOD	0.0220	0.6240	M	I		0.1160	0.0423	True	0.6300	0.7800		2026-04/05 (~/bin2, all-TF32 --mp)		
mp-9631	Al2Ag2O4	8	P6_3/mmc (194)	GOOD	1.5490	3.2160	M	I		1.4164	0.0000	True	3.2000	3.6000		2026-04/05 (~/bin2, all-TF32 --mp)		
mp-5782	Al2Ag2S4	8	I-42d (122)	GOOD	1.7990	3.4940	M	D		1.8992	0.0000	True	3.4400	3.8100		2026-04/05 (~/bin2, all-TF32 --mp)		
mp-14091	Al2Ag2Se4	8	I-42d (122)	GOOD	1.0360	2.6220	M	D		1.1352	0.0000	True	2.6000	2.9600		2026-04/05 (~/bin2, all-TF32 --mp)		
mp-14092	Al2Ag2Te4	8	I-42d (122)	GOOD	0.9830	2.2150	M	D		1.0469	0.0000	True	2.2900	2.5200		2026-04/05 (~/bin2, all-TF32 --mp)		
mp-25469	Al2Cl6	8	C2/m (12)	GOOD	5.0330	8.0110	M	I		5.2740	0.0000	True	8.4500	8.9800		2026-04/05 (~/bin2, all-TF32 --mp)		
mp-3098	Al2Cu2O4	8	P6_3/mmc (194)	NOTCONV_MAY	2.0411	3.8626	R	I		1.8105	0.0000	True	3.6800	3.9200		989a18637 (fp32, t_tetrakbt +300)		
mp-4979	Al2Cu2S4	8	I-42d (122)	GOOD	1.7670	3.0900	M	D		1.7035	0.0000	True	3.0600	3.3700		2026-04/05 (~/bin2, all-TF32 --mp)		
mp-8016	Al2Cu2Se4	8	I-42d (122)	GOOD	0.9320	2.3200	M	D		0.8929	0.0000	True	2.2900	2.6000		2026-04/05 (~/bin2, all-TF32 --mp)		
mp-8017	Al2Cu2Te4	8	I-42d (122)	GOOD	1.0500	2.2420	M	D		1.0470	0.0000	True	2.2800	2.4300		2026-04/05 (~/bin2, all-TF32 --mp)		
mp-468	Al2F6	8	R-3c (167)	FAILED_MAY	7.8906	13.1977	R	D		7.5923	0.0000	True	13.6000	14.5100		989a18637 (fp32, t_tetrakbt +300)		
mp-23807	Al2H2O4	8	Pmn2_1 (31)	NOTCONV_MAY	5.5967	8.6306	R	D		5.6576	0.0417	True	8.8300	9.3500		989a18637 (fp32, t_tetrakbt +300)		
mp-23933	Al2H6	8	R-3c (167)	GOOD	2.1460	5.1250	M	I		2.1977	0.0000	True	4.9800	5.6900		2026-04/05 (~/bin2, all-TF32 --mp)		
mp-9579	Al2Tl2Se4	8	I4/mcm (140)	GOOD	0.4300	1.4040	M	I		0.5837	0.0091	True	1.3900	1.5800		2026-04/05 (~/bin2, all-TF32 --mp)		
mp-23218	As2I6	8	R-3 (148)	NOTCONV_MAY	2.1000	3.4126	R	I		2.2460	0.0000	True	3.4600	3.6900		989a18637 (fp32, t_tetrakbt +300)		
mp-561703	Au2C2Cl2O2	8	Cmcm (63)	GOOD	2.9960	5.5960	M	I		3.0723	0.3002	True	5.9400	6.3900		2026-04/05 (~/bin2, all-TF32 --mp)		
mp-505366	Au4Br4	8	P4_2/ncm (138)	GOOD	1.4575	3.1240	N	D		1.6982	0.0000	True	3.1400	3.4700	kt1	989a18637 (tf32, t_tetrakbt -300)		M=3.0960
mp-570140	Au4Br4	8	I4_1/amd (141)	FAILED_MAY	1.8818	3.4749	R	D		1.9860	0.0178	True	3.4900	3.8000		989a18637 (fp32, t_tetrakbt +300)		
mp-32780	Au4Cl4	8	I4_1/amd (141)	GOOD	1.7020	3.2390	M	D		1.9094	0.0000	True	3.1800	3.5000		2026-04/05 (~/bin2, all-TF32 --mp)		
mp-27725	Au4I4	8	P4_2/ncm (138)	GOOD	1.6090	3.0740	M	I		2.0942	0.0000	True	3.0900	3.3400		2026-04/05 (~/bin2, all-TF32 --mp)		
mp-23225	B2Br6	8	P6_3/m (176)	GOOD	3.5630	6.7230	M	I		3.8356	0.0000	True	7.1800	7.5800		2026-04/05 (~/bin2, all-TF32 --mp)		
mp-23184	B2Cl6	8	P6_3/m (176)	NOTCONV_MAY	4.3942	8.3366	R	I		4.7211	0.0000	True	8.8300	9.3500		989a18637 (fp32, t_tetrakbt +300)		
mp-23189	B2I6	8	P6_3/m (176)	GOOD	2.5300	4.8700	M	I		2.6901	0.0000	True	5.1500	5.5100		2026-04/05 (~/bin2, all-TF32 --mp)		
mp-1086652	Ba2Ag2S2F2	8	P4/nmm (129)	GOOD	1.2570	2.7700	M	D		1.4324	0.0000	True	2.8200	3.1300		2026-04/05 (~/bin2, all-TF32 --mp)		
mp-1079647	Ba2Ag2Se2F2	8	P4/nmm (129)	GOOD	1.0860	2.5730	M	D		1.2693	0.0692	True	2.5900	2.9000		2026-04/05 (~/bin2, all-TF32 --mp)		
mp-16742	Ba2Ag2Te2F2	8	P4/nmm (129)	GOOD	1.3206	2.6803	N	D		1.5110	0.0785	True	2.7700	3.0600	kt1	989a18637 (tf32, t_tetrakbt -300)		M=2.6670
mp-1095151	Ba2Cd2As2F2	8	P4/nmm (129)	GOOD	0.7730	1.9500	M	D		0.9586	0.0000	True	2.1300	2.3400		2026-04/05 (~/bin2, all-TF32 --mp)		
mp-1079603	Ba2Cd2P2F2	8	P4/nmm (129)	GOOD	0.9280	2.2350	M	D		1.1489	0.0087	True	2.2600	2.4600		2026-04/05 (~/bin2, all-TF32 --mp)		
mp-1078693	Ba2Cd2Sb2F2	8	P4/nmm (129)	GOOD	0.1200	1.1760	M	D		0.2897	0.0401	True	1.2900	1.5300		2026-04/05 (~/bin2, all-TF32 --mp)		
mp-1080650	Ba2Cu2S2F2	8	P4/nmm (129)	GOOD	1.5350	3.0790	M	D		1.6223	0.0040	True	3.0300	3.3900		2026-04/05 (~/bin2, all-TF32 --mp)		
mp-9195	Ba2Cu2Se2F2	8	P4/nmm (129)	GOOD	1.3131	2.7618	N	D		1.4273	0.1123	True	2.7100	3.0500	kt1	989a18637 (tf32, t_tetrakbt -300)		M=2.7540
mp-13287	Ba2Cu2Te2F2	8	P4/nmm (129)	GOOD	0.9240	2.2050	M	D		0.9884	0.1055	True	2.1900	2.4100		2026-04/05 (~/bin2, all-TF32 --mp)		
mp-10322	Ba2Hf2N4	8	P4/nmm (129)	GOOD	1.1100	2.5920	M	I		1.2536	0.0000	True	2.6500	2.9400		2026-04/05 (~/bin2, all-TF32 --mp)		
mp-18943	Ba2Ni2O4	8	Cmcm (63)	GOOD	0.1515	2.2253	N	D	LDA≠PBE	2.3221	0.1170	True	1.9000	2.2300	kt1	989a18637 (tf32, t_tetrakbt -300)		M=2.1810
mp-7808	Ba2P6	8	C2/m (12)	GOOD	0.5070	1.4090	M	I		0.5463	0.0000	True	1.4000	1.6000		2026-04/05 (~/bin2, all-TF32 --mp)		
mp-4009	Ba2Pd2S4	8	Cmcm (63)	GOOD	0.2270	1.4500	M	D		0.6944	0.0000	True	1.4200	1.6900		2026-04/05 (~/bin2, all-TF32 --mp)		
mp-239	Ba2S6	8	P-42_1m (113)	GOOD	1.2720	3.0430	M	I		1.3913	0.0000	True	3.0100	3.4000		2026-04/05 (~/bin2, all-TF32 --mp)		
mp-7548	Ba2Se6	8	P-42_1m (113)	GOOD	0.8740	2.2490	M	I		0.9408	0.0000	True	2.2300	2.5600		2026-04/05 (~/bin2, all-TF32 --mp)		
mp-8234	Ba2Te6	8	P-42_1m (113)	GOOD	0.8100	1.6520	M	I		0.8198	0.0000	True	1.6500	1.8200		2026-04/05 (~/bin2, all-TF32 --mp)		
mp-1079320	Ba2Zn2As2F2	8	P4/nmm (129)	GOOD	0.0900	1.3360	M	D		0.2471	0.0000	True	1.3100	1.5900		2026-04/05 (~/bin2, all-TF32 --mp)		
mp-548469	Ba2Zn2S2O2	8	Cmcm (63)	GOOD	2.0444	3.9443	N	D	differs	2.2367	0.0000	True	3.9600	4.3800	kt1	989a18637 (tf32, t_tetrakbt -300)		M=4.0530
mp-3104	Ba2Zr2N4	8	P4/nmm (129)	NOTCONV_MAY	0.9404	2.4652	R	D		0.9965	0.0000	True	2.5200	2.8100		989a18637 (fp32, t_tetrakbt +300)		
mp-1078191	Ba4Te2O2	8	P4/nmm (129)	NOTCONV_MAY	1.7415	3.2306	R	D		1.7830	0.0802	True	3.2700	3.6000		989a18637 (fp32, t_tetrakbt +300)		
mp-7394	BaAg2GeS4	8	I-42m (121)	GOOD	0.3650	1.7300	M	I		0.5961	0.0000	True	1.6800	2.0400		2026-04/05 (~/bin2, all-TF32 --mp)		
mp-569790	BaAg2GeSe4	8	I222 (23)	GOOD		1.0500	M	I		0.0350	0.0000	True	1.0100	1.3200		2026-04/05 (~/bin2, all-TF32 --mp)		
mp-555166	BaAg2SnS4	8	I222 (23)	GOOD	0.3330	1.6260	M	I		0.3679	0.0000	True	1.6300	1.9300		2026-04/05 (~/bin2, all-TF32 --mp)		
mp-569114	BaAg2SnSe4	8	I222 (23)	GOOD		1.0030	M	I		0.0654	0.0000	True	1.0100	1.2900		2026-04/05 (~/bin2, all-TF32 --mp)		
mp-14006	BaGeF6	8	R-3m (166)	FAILED_MAY	5.7406	10.5687	R	D		5.6043	0.0000	True	10.8800	11.7100		989a18637 (fp32, t_tetrakbt +300)		
mp-1080511	BaMgC2O4	8	C2/m (12)	FAILED_MAY	1.0076	3.8429	R	D		1.2628	0.5066	True	3.8300	4.3700		989a18637 (fp32, t_tetrakbt +300)		
mp-613910	BaNiF6	8	R-3m (166)	GOOD	1.2830	5.3730	M	D		1.8265	0.0000	True	5.5700	6.1900		2026-04/05 (~/bin2, all-TF32 --mp)		
mp-19799	BaPbF6	8	R-3m (166)	GOOD	2.9340	6.6440	M	I		2.8927	0.0000	True	7.1000	7.6000		2026-04/05 (~/bin2, all-TF32 --mp)		
mp-5588	BaSiF6	8	R-3m (166)	GOOD	7.4520	12.1110	M	D		7.3914	0.0000	True	12.4700	13.3500		2026-04/05 (~/bin2, all-TF32 --mp)		
mp-8290	BaSnF6	8	R-3 (148)	NOTCONV_MAY	5.1803	9.6931	R	I		4.9556	0.0000	True	9.9300	10.7500		989a18637 (fp32, t_tetrakbt +300)		
mp-8291	BaTiF6	8	R-3m (166)	NOTCONV_MAY	4.3576	8.7283	R	I	vs2025	4.3236	0.0000	True	8.9000	8.6300		989a18637 (fp32, t_tetrakbt +300)		
mp-7599	Be4O4	8	P4_2/mnm (136)	GOOD	7.2310	10.4890	M	I		7.0842	0.0153	True	10.5600	11.1500		2026-04/05 (~/bin2, all-TF32 --mp)		
mp-568301	Bi2Br6	8	C2/m (12)	GOOD	2.6280	4.2080	M	D		2.8362	0.0023	True	4.3000	4.5500		2026-04/05 (~/bin2, all-TF32 --mp)		
mp-30200	Bi2CO5	8	Imm2 (44)	GOOD	0.9450	2.5920	M	I		1.0853	0.1159	True	2.7900	3.0900		2026-04/05 (~/bin2, all-TF32 --mp)		
mp-22849	Bi2I6	8	R-3 (148)	GOOD	2.3600	3.4900	M	I		2.5265	0.0000	True	3.6200	3.7800		2026-04/05 (~/bin2, all-TF32 --mp)		
mp-569157	Bi2I6	8	P-31m (162)	GOOD	2.1700	3.3330	M	I		2.4790	0.0026	True	3.4800	3.6200		2026-04/05 (~/bin2, all-TF32 --mp)		
mp-568388	Bi4I4	8	C2/m (12)	FAILED_MAY	0.6401	1.4414	R	D		0.8318	0.0270	True	1.5100	1.6400		989a18637 (fp32, t_tetrakbt +300)		
mp-23435	Bi4Te2I2	8	R-3m (166)	FAILED_MAY	0.0141	0.3312	R	I		0.1682	0.1280	True	0.2500	0.3600		989a18637 (fp32, t_tetrakbt +300)		
mp-23297	Br2F6	8	Cmc2_1 (36)	DRIFT_GOOD	2.0334	5.9014	N	I	differs	2.2110	0.0000	True	6.2400	6.7800	kt1	989a18637 (tf32, t_tetrakbt -300)		M=5.7600
mp-11875	C4O4	8	P2_13 (198)	GOOD	5.9205	12.1057	N	D	differs	6.1541	0.6618	True	13.0400	13.5100	kt1	989a18637 (tf32, t_tetrakbt -300)		M=12.2930
mp-729933	C4O4	8	P2_12_12_1 (19)	GOOD	5.7110	11.7520	M	I		5.9510	0.6698	True	12.6900	13.2000		2026-04/05 (~/bin2, all-TF32 --mp)		
mp-569416	C8	8	R-3m (166)	INVALID_STRUCTURE	1.7970	4.9680	M		path-metal LDA≠PBE vs2025	0.1056	0.0021	True	0.2800	1.3000		2026-04/05 (~/bin2, all-TF32 --mp)	graphite-like fragment (invalid structure); the bands cross E_F on the path	
mp-570002	C8	8	Im-3m (229)	GOOD	3.0640	4.5870	M	I	path<mesh(mesh)	3.0049	0.7655	True	4.6300	4.8500		2026-04/05 (~/bin2, all-TF32 --mp)		
mp-7801	Ca2Ge2N4	8	I-42d (122)	GOOD	2.7380	4.1050	M	D		2.6622	0.0000	True	4.0800	4.3900		2026-04/05 (~/bin2, all-TF32 --mp)		
mp-642725	Ca2H2Cl2O2	8	P6_3mc (186)	GOOD	5.2390	8.2700	M	D		5.3295	0.1040	True	8.2800	8.9600		2026-04/05 (~/bin2, all-TF32 --mp)		
mp-9122	Ca2P6	8	P-1 (2)	GOOD	0.0760	0.4370	M	D		0.0049	0.0000	True	0.4600	0.6100		2026-04/05 (~/bin2, all-TF32 --mp)		
mp-7204	Ca2Zn2S2O2	8	P6_3mc (186)	GOOD	2.4870	4.4160	M	D		2.6853	0.0107	True	4.4200	4.8400		2026-04/05 (~/bin2, all-TF32 --mp)		
mp-28553	Ca4I2N2	8	P6_3/mmc (194)	GOOD	2.2610	3.5450	M	D		2.3510	0.0298	True	3.5600	3.9000		2026-04/05 (~/bin2, all-TF32 --mp)		
mp-1079707	Ca4O4	8	Cmce (64)	INVALID_STRUCTURE	2.1287	4.8484	R	D	differs	2.0869	0.2098	True	4.5600	5.2200		989a18637 (fp32, t_tetrakbt +300)		M=4.7230
mp-20463	CaPbF6	8	Fm-3m (225)	NOTCONV_MAY	3.5510	8.3203	R	I	vs2025	3.4631	0.0000	True	7.4100	8.5300		989a18637 (fp32, t_tetrakbt +300)		
mp-7922	CaPdF6	8	R-3 (148)	NOTCONV_MAY	2.0231	6.3141	R	I		2.0505	0.0000	True	6.4900	7.2000		989a18637 (fp32, t_tetrakbt +300)		
mp-8255	CaPtF6	8	R-3 (148)	GOOD	2.4823	7.0897	N	I	CHECK	2.6570	0.0000	True	7.3500	8.0500	kt1	989a18637 (tf32, t_tetrakbt -300)		M=6.6110
mp-4782	CaSnF6	8	R-3 (148)	NOTCONV_MAY	5.4967	10.6140	R	D		5.4180	0.0000	True	10.8200	11.7400		989a18637 (fp32, t_tetrakbt +300)		
mp-8224	CaSnF6	8	Fm-3m (225)	NOTCONV_MAY	5.4602	10.6624	R	D		5.3881	0.0013	True	10.9300	11.8700		989a18637 (fp32, t_tetrakbt +300)		
mp-4953	Cd2Ge2As4	8	I-42d (122)	GOOD	0.1320	0.3800	M	D		0.0085	0.0000	True	0.2600	0.6000		2026-04/05 (~/bin2, all-TF32 --mp)		
mp-3668	Cd2Ge2P4	8	I-42d (122)	GOOD	0.6210	1.5720	M	D		0.6565	0.0000	True	1.5900	1.7900		2026-04/05 (~/bin2, all-TF32 --mp)		
mp-644222	Cd2H2Cl2O2	8	P6_3mc (186)	GOOD	2.1950	4.7490	M	I		2.4655	0.1243	True	4.7000	5.3200		2026-04/05 (~/bin2, all-TF32 --mp)		
mp-3078	Cd2Si2As4	8	I-42d (122)	FAILED_MAY	0.3930	1.3785	R	D		0.4002	0.0000	True	1.4200	1.6300		989a18637 (fp32, t_tetrakbt +300)		
mp-4666	Cd2Si2P4	8	I-42d (122)	GOOD	1.2660	1.9820	M	D		1.4257	0.0000	True	2.0500	2.1600		2026-04/05 (~/bin2, all-TF32 --mp)		
mp-3829	Cd2Sn2As4	8	I-42d (122)	SUSPECT_GOOD	0.1111	0.0591	N	D	QSGW<LDA	0.0063	0.0000	True	0.0100	0.2700	kt1	989a18637 (tf32, t_tetrakbt -300)	CdSnAs2: QSGW80 (0.05-0.06 eV in M, R and N) below LDA (0.11 eV); experiment 0.26 eV. A small-gap chalcopyrite with s-p band ordering at Γ; to be checked	M=0.0630;R=0.0517
mp-5213	Cd2Sn2P4	8	I-42d (122)	GOOD	0.1730	1.0030	M	D		0.2695	0.0000	True	0.9600	1.2100		2026-04/05 (~/bin2, all-TF32 --mp)		
mp-1087540	CdCu2SiTe4	8	I-42m (121)	GOOD	0.1710	1.0780	M	D		0.3000	0.0000	True	1.0100	1.2600		2026-04/05 (~/bin2, all-TF32 --mp)		
mp-13984	CdPdF6	8	R-3 (148)	NOTCONV_MAY	1.7588	5.4716	R	D		1.7444	0.0000	True	5.2800	6.1800		989a18637 (fp32, t_tetrakbt +300)		
mp-5858	CdPtF6	8	R-3 (148)	GOOD	2.1130	5.7330	M	D		2.2005	0.0000	True	6.1100	6.9100		2026-04/05 (~/bin2, all-TF32 --mp)		
mp-13907	CdSnF6	8	R-3 (148)	NOTCONV_MAY	3.7721	8.2159	R	D		3.8568	0.0000	True	8.1400	9.0300		989a18637 (fp32, t_tetrakbt +300)		
mp-29504	Cl4F4	8	P2_1/c (14)	NOTCONV_MAY	1.8466	5.9476	R	D		2.0897	0.0612	True	5.7100	6.5800		989a18637 (fp32, t_tetrakbt +300)		
mp-19178	Co2Ag2O4	8	P6_3/mmc (194)	GOOD	0.4150	1.8370	M	I	path<mesh(mesh) vs2025	1.3320	0.0000	True	1.0400	1.5600		2026-04/05 (~/bin2, all-TF32 --mp)		
mp-510421	Cr2O6	8	Ama2 (40)	NOTCONV_MAY	1.9072	4.2376	R	I		2.2756	0.0462	True	4.4700	4.7400		989a18637 (fp32, t_tetrakbt +300)		
mp-715566	Cr2O6	8	Ama2 (40)	GOOD	1.8490	4.3650	M	I		2.0520	0.0566	True	4.3900	4.6700		2026-04/05 (~/bin2, all-TF32 --mp)		
mp-23454	Cs2Ag2Br4	8	Cmcm (63)	GOOD	1.7880	4.0680	M	I		2.0566	0.0213	True	4.1200	4.6900		2026-04/05 (~/bin2, all-TF32 --mp)		
mp-571100	Cs2Ag2Br4	8	P4/nmm (129)	FAILED_MAY	1.5817	3.9456	R	I		1.7972	0.0126	True	3.9400	4.5100		989a18637 (fp32, t_tetrakbt +300)		
mp-10101	Cs2Ag2C4	8	P4_2/mmc (131)	GOOD	2.5300	4.8330	M	D		2.6118	0.3893	True	4.8500	5.2800		2026-04/05 (~/bin2, all-TF32 --mp)		
mp-542772	Cs2Ag2Cl4	8	Cmcm (63)	NOTCONV_MAY	2.0937	4.7349	R	I		2.3353	0.0035	True	4.6900	5.3300		989a18637 (fp32, t_tetrakbt +300)		
mp-567558	Cs2Ag2Cl4	8	P4/nmm (129)	GOOD	2.0180	4.6630	M	I		2.2010	0.0000	True	4.6600	5.3000		2026-04/05 (~/bin2, all-TF32 --mp)		
mp-14069	Cs2Al2O4	8	Fd-3m (227)	GOOD	4.3240	7.0600	M	D		4.2774	0.0000	True	7.2900	7.9000		2026-04/05 (~/bin2, all-TF32 --mp)		
mp-29506	Cs2Bi2O4	8	C2/c (15)	GOOD	2.2820	4.1260	M	D		2.3187	0.0000	True	4.2400	4.5000		2026-04/05 (~/bin2, all-TF32 --mp)		
mp-552131	Cs2Cl2O4	8	Cmcm (63)	GOOD	2.1220	5.5590	M	I		2.3727	0.3536	True	6.2100	6.7400		2026-04/05 (~/bin2, all-TF32 --mp)		
mp-553310	Cs2Cu2O4	8	Cmcm (63)	GOOD	0.8650	3.1550	M	I		0.9672	0.0000	True	3.6100	4.0000		2026-04/05 (~/bin2, all-TF32 --mp)		
mp-5038	Cs2Ga2S4	8	C2/c (15)	GOOD	2.8820	4.9770	M	I		3.0626	0.0000	True	5.1100	5.5300		2026-04/05 (~/bin2, all-TF32 --mp)		
mp-24668	Cs2H2F4	8	I4/mcm (140)	NOTCONV_MAY	6.2821	10.6602	R	D		6.5123	0.0000	True	10.8900	11.7000		989a18637 (fp32, t_tetrakbt +300)		
mp-23057	Cs2Li2Br4	8	P4/nmm (129)	GOOD	4.0060	7.0230	M	I		4.1375	0.0071	True	6.9500	7.4700		2026-04/05 (~/bin2, all-TF32 --mp)		
mp-23364	Cs2Li2Cl4	8	P4/nmm (129)	DRIFT_GOOD	4.8799	7.9575	N	I	differs	5.0329	0.0092	True	8.1600	8.7300	kt1	989a18637 (tf32, t_tetrakbt -300)		M=7.8380
mp-510557	Cs2N6	8	I4/mcm (140)	FAILED_MAY	4.0796	6.6484	R	I		4.2395	0.0000	True	6.8400	7.2000		989a18637 (fp32, t_tetrakbt +300)		
mp-8978	Cs2Nb2N4	8	Fd-3m (227)	GOOD	1.4150	2.4980	M	I		1.5196	0.0078	True	2.6000	2.8400		2026-04/05 (~/bin2, all-TF32 --mp)		
mp-510273	Cs2Sb2O4	8	C2/c (15)	NOTCONV_MAY	2.3466	4.3120	R	I		2.3758	0.0000	True	4.5500	4.8700		989a18637 (fp32, t_tetrakbt +300)		
mp-1079694	Cs4I4	8	Pnma (62)	GOOD	2.8390	5.4090	M	D	N:TIMEOUT	3.1232	0.1131	True	5.5600	6.0600		2026-04/05 (~/bin2, all-TF32 --mp)	N timed out (2 h) at iteration 3 with 5.43 eV, agreeing with M 5.41; bands from that iteration (the May band plot was of the April iteration 5, 3.30 eV)	
mp-8361	Cs4Te4	8	Pbam (55)	FAILED_MAY	0.9305	2.5285	R	I		1.0019	0.0000	True	2.4700	2.8800		989a18637 (fp32, t_tetrakbt +300)		
mp-9820	CsAsF6	8	R-3 (148)	GOOD	5.5440	10.6610	M	I		5.1559	0.0000	True	11.3800	12.1600		2026-04/05 (~/bin2, all-TF32 --mp)		
mp-27422	CsBiF6	8	R-3 (148)	NOTCONV_MAY	2.9127	7.0774	R	I		2.7486	0.0000	True	7.4700	8.1100		989a18637 (fp32, t_tetrakbt +300)		
mp-541226	CsBrF6	8	R-3 (148)	NOTCONV_MAY	4.0401	7.1928	R	I		3.9858	0.0000	True	7.9700	7.8200		989a18637 (fp32, t_tetrakbt +300)		
mp-1079080	CsCd4As3	8	P4/mmm (123)	GOOD	0.0690	0.7980	M	D		0.2198	0.0000	True	0.7500	0.9700		2026-04/05 (~/bin2, all-TF32 --mp)		
mp-11980	CsNbF6	8	R-3 (148)	NOTCONV_MAY	5.0718	9.2270	R	I		5.2004	0.0000	True	9.6500	10.2000		989a18637 (fp32, t_tetrakbt +300)		
mp-9636	CsSbF6	8	R-3 (148)	SUSPECT_GOOD	5.2279	10.1987	N	I	CHECK	5.0381	0.0000	True	10.6500	11.3800	kt1	989a18637 (tf32, t_tetrakbt -300)		M=9.5220;R=10.1988
mp-1101093	CsZn4P3	8	P4/mmm (123)	GOOD	0.2900	1.1030	M	D		0.1202	0.0000	True	0.8200	1.3600		2026-04/05 (~/bin2, all-TF32 --mp)		
mp-12954	Cu2B2S4	8	I-42d (122)	GOOD	1.6595	2.6637	N	D		1.7425	0.0000	True	2.7200	2.9000	kt1	989a18637 (tf32, t_tetrakbt -300)		M=2.6820
mp-983565	Cu2B2Se4	8	I-42d (122)	GOOD	1.4090	2.2710	M	D		1.4870	0.0054	True	2.3400	2.4900		2026-04/05 (~/bin2, all-TF32 --mp)		
mp-23116	Cu2Bi2Se2O2	8	P4/nmm (129)	GOOD	0.1720	0.8520	M	I		0.3006	0.0913	True	0.8200	0.9400		2026-04/05 (~/bin2, all-TF32 --mp)		
mp-562090	Cu2C2Cl2O2	8	Pmn2_1 (31)	GOOD	2.3120	5.4450	M	I		2.3871	0.2735	True	5.7200	6.2000		2026-04/05 (~/bin2, all-TF32 --mp)		
mp-559044	Cu2C2S2N2	8	P6_3mc (186)	GOOD	2.0350	3.5560	M	D		2.0768	0.1628	True	3.5200	3.8900		2026-04/05 (~/bin2, all-TF32 --mp)		
mp-1078469	Cu2P2N4	8	I-42d (122)	GOOD	1.8960	3.1470	M	I		1.8223	0.0117	True	3.0600	3.3400		2026-04/05 (~/bin2, all-TF32 --mp)		
mp-557510	Cu3TeS3Cl	8	R3m (160)	GOOD	0.7310	1.6490	M	I		0.7673	0.0479	True	1.6200	1.8500		2026-04/05 (~/bin2, all-TF32 --mp)		
mp-871	Fe4Si4	8	P2_13 (198)	GOOD	0.1240	0.2820	M	D		0.1802	0.0000	True	0.2800	0.3200		2026-04/05 (~/bin2, all-TF32 --mp)		
mp-5342	Ga2Ag2S4	8	I-42d (122)	GOOD	0.8820	2.3710	M	D		0.9622	0.0000	True	2.3100	2.6700		2026-04/05 (~/bin2, all-TF32 --mp)		
mp-556916	Ga2Ag2S4	8	Cc (9)	GOOD	0.7970	2.2380	M	D		1.0205	0.0026	True	2.2000	2.5700		2026-04/05 (~/bin2, all-TF32 --mp)		
mp-5518	Ga2Ag2Se4	8	I-42d (122)	DRIFT_GOOD	0.1621	1.5009	N	D	differs	0.2492	0.0000	True	1.3600	1.8300	kt1	989a18637 (tf32, t_tetrakbt -300)		M=1.5540
mp-4899	Ga2Ag2Te4	8	I-42d (122)	GOOD	0.1350	1.2380	M	D		0.1926	0.0000	True	1.1700	1.4800		2026-04/05 (~/bin2, all-TF32 --mp)		
mp-30952	Ga2Cl6	8	C2/m (12)	NOTCONV_MAY	3.8808	7.3530	R	D		4.1775	0.0000	True	7.5900	8.1900		989a18637 (fp32, t_tetrakbt +300)		
mp-571266	Ga2Cl6	8	P-1 (2)	FAILED_MAY	3.9192	7.6812	R	I		4.2073	0.0015	True	8.0000	8.6000		989a18637 (fp32, t_tetrakbt +300)		
mp-5238	Ga2Cu2S4	8	I-42d (122)	GOOD	0.7840	1.9320	M	D		0.7026	0.0000	True	1.9000	2.1900		2026-04/05 (~/bin2, all-TF32 --mp)		
mp-4840	Ga2Cu2Se4	8	I-42d (122)	GOOD	0.0770	1.2310	M	D		0.0398	0.0000	True	1.0500	1.4700		2026-04/05 (~/bin2, all-TF32 --mp)		
mp-3839	Ga2Cu2Te4	8	I-42d (122)	GOOD	0.2230	1.2190	M	D		0.2058	0.0000	True	1.2300	1.4800		2026-04/05 (~/bin2, all-TF32 --mp)		
mp-588	Ga2F6	8	R-3c (167)	NOTCONV_MAY	4.9815	9.7742	R	I		4.7140	0.0000	True	10.0000	10.9100		989a18637 (fp32, t_tetrakbt +300)		
mp-23803	Ga2H2O4	8	Pmn2_1 (31)	DRIFT_GOOD	3.3351	5.8409	N	D		3.0016	0.0144	True	5.9300	6.3900	kt1	989a18637 (tf32, t_tetrakbt -300)		M=5.8490
mp-2507	Ga4S4	8	P6_3/mmc (194)	GOOD	1.5830	3.0850	M	I		2.0036	0.0000	True	3.0300	3.2200		2026-04/05 (~/bin2, all-TF32 --mp)		
mp-556742	Ga4S4	8	P6_3/mmc (194)	GOOD	1.5820	3.1810	M	I		2.0183	0.0009	True	3.1200	3.3100		2026-04/05 (~/bin2, all-TF32 --mp)		
mp-1572	Ga4Se4	8	P-6m2 (187)	GOOD	0.8050	2.3100	M	D		1.2456	0.0003	True	2.2700	2.6100		2026-04/05 (~/bin2, all-TF32 --mp)		
mp-1943	Ga4Se4	8	P6_3/mmc (194)	GOOD	0.8150	2.2940	M	D		1.2387	0.0000	True	2.3000	2.6300		2026-04/05 (~/bin2, all-TF32 --mp)		
mp-10009	Ga4Te4	8	P6_3/mmc (194)	GOOD	0.3730	1.3880	M	I		0.7853	0.0044	True				2026-04/05 (~/bin2, all-TF32 --mp)		
mp-1025397	Ge4Ru4	8	P2_13 (198)	GOOD	0.1410	0.2650	M	I		0.1291	0.0066	True	0.2700	0.2900		2026-04/05 (~/bin2, all-TF32 --mp)		
mp-2242	Ge4S4	8	Pnma (62)	GOOD	1.0100	1.7000	M	I		1.2368	0.0000	True	1.7700	1.8500		2026-04/05 (~/bin2, all-TF32 --mp)		
mp-700	Ge4Se4	8	Pnma (62)	GOOD	0.7960	1.3950	M	D		0.9017	0.0000	True	1.4600	1.5200		2026-04/05 (~/bin2, all-TF32 --mp)		
mp-1080459	Ge4Te4	8	Pnma (62)	GOOD	0.3900	0.7280	M	I		0.1550	0.0280	True	0.8000	0.8200		2026-04/05 (~/bin2, all-TF32 --mp)		
mp-643364	H2Pb2Cl2O2	8	C2/m (12)	GOOD	2.7860	4.3650	M	I		2.8977	0.1343	True	4.5400	4.8500		2026-04/05 (~/bin2, all-TF32 --mp)		
mp-730101	H8	8	P2_12_12_1 (19)	INVALID_STRUCTURE	9.7102	15.2306	R	D		9.7207	0.0000	True				989a18637 (fp32, t_tetrakbt +300)		
mp-9922	Hf2S6	8	P2_1/m (11)	FAILED_MAY	0.8751	2.2956	R	I		1.1185	0.0000	True	2.3800	2.6300		989a18637 (fp32, t_tetrakbt +300)		
mp-15622	Hf2Se6	8	P2_1/m (11)	GOOD	0.2930	1.3770	M	I		0.3217	0.0041	True	1.3600	1.5500		2026-04/05 (~/bin2, all-TF32 --mp)		
mp-1224	Hg4O4	8	Pnma (62)	GOOD	1.1030	2.4870	M	I		1.2057	0.0000	True	2.5000	2.7600		2026-04/05 (~/bin2, all-TF32 --mp)		
mp-1546049	I2Cl6	8	P-1 (2)	GOOD	1.4750	3.8310	M	I		1.9894	0.0000	True	4.1300	4.4700		2026-04/05 (~/bin2, all-TF32 --mp)		
mp-27729	I2Cl6	8	P-1 (2)	GOOD	1.6210	4.3480	M	I		1.7960	0.0000	True	4.6500	4.9800		2026-04/05 (~/bin2, all-TF32 --mp)		
mp-19833	In2Ag2S4	8	I-42d (122)	GOOD	0.2290	1.5870	M	D		0.3773	0.0000	True	1.3400	1.8100		2026-04/05 (~/bin2, all-TF32 --mp)		
mp-22386	In2Ag2Te4	8	I-42d (122)	GOOD	0.0420	0.9640	M	D		0.0650	0.0000	True	0.8500	1.2200		2026-04/05 (~/bin2, all-TF32 --mp)		
mp-570219	In2Br6	8	C2/m (12)	FAILED_MAY	2.3343	4.6128	R	I		2.4945	0.0000	True	4.7600	5.1800		989a18637 (fp32, t_tetrakbt +300)		
mp-6949	In2F6	8	R-3c (167)	NOTCONV_MAY	4.0279	8.1379	R	D		4.0113	0.0000	True	8.1500	9.0100		989a18637 (fp32, t_tetrakbt +300)		
mp-504535	In2H2O4	8	Pmn2_1 (31)	GOOD	1.8800	3.8880	M	D		1.7764	0.0028	True	3.8200	4.2200		2026-04/05 (~/bin2, all-TF32 --mp)		
mp-632711	In2H2O4	8	Pnnm (58)	GOOD	1.9400	4.0640	M	D		1.8336	0.0132	True	3.9300	4.3200		2026-04/05 (~/bin2, all-TF32 --mp)		
mp-19795	In4S4	8	Pnnm (58)	GOOD	1.2680	2.1970	M	I		1.3548	0.0000	True	2.2600	2.4300		2026-04/05 (~/bin2, all-TF32 --mp)		
mp-630528	In4S4	8	P2_1/c (14)	GOOD	0.2140	0.8650	M	I		0.3413	0.0278	True	0.9200	1.0600		2026-04/05 (~/bin2, all-TF32 --mp)		
mp-1079260	In4Se4	8	P-6m2 (187)	GOOD	0.5042	1.8005	N	D		0.6561	0.0018	True	1.7100	2.0400	kt1	989a18637 (tf32, t_tetrakbt -300)		M=1.8060
mp-20485	In4Se4	8	P6_3/mmc (194)	GOOD	0.3050	1.4460	M	D		0.4590	0.0000	True	1.3800	1.7100		2026-04/05 (~/bin2, all-TF32 --mp)		
mp-22604	InAsF6	8	R-3 (148)	FAILED_MAY	3.3480	6.9504	R	I		3.3819	0.2500	True	7.2800	7.7100		989a18637 (fp32, t_tetrakbt +300)		
mp-559521	InBi2S4Cl	8	C2/m (12)	GOOD	1.4120	2.2740	M	I		1.5740	0.0000	True	2.5900	2.7200		2026-04/05 (~/bin2, all-TF32 --mp)		
mp-27397	Ir2Br6	8	C2/m (12)	GOOD	1.2650	3.0610	M	I		1.5501	0.0000	True	3.0300	3.5100		2026-04/05 (~/bin2, all-TF32 --mp)		
mp-27666	Ir2Cl6	8	C2/m (12)	GOOD	1.6230	3.9620	M	I		1.8970	0.0008	True	3.7300	4.2900		2026-04/05 (~/bin2, all-TF32 --mp)		
mp-2437	Ir2F6	8	R-3c (167)	NOTCONV_MAY	0.9989	4.3715	R	I		1.1411	0.0000	True	3.2700	4.6000		989a18637 (fp32, t_tetrakbt +300)		
mp-1084785	K2Al2O4	8	Fd-3m (227)	GOOD	2.6950	5.6340	M	D		2.9467	0.0659	True	5.7900	6.5400		2026-04/05 (~/bin2, all-TF32 --mp)		
mp-10165	K2Al2Te4	8	I4/mcm (140)	GOOD	1.6350	2.9150	M	I		1.7064	0.0047	True	3.0400	3.2300		2026-04/05 (~/bin2, all-TF32 --mp)		
mp-9486	K2AlF5	8	P4/mmm (123)	GOOD	6.4190	11.0870	M	I		6.3263	0.0000	True	11.4600	12.3800		2026-04/05 (~/bin2, all-TF32 --mp)		
mp-30988	K2Bi2O4	8	C2/c (15)	GOOD	1.7000	3.2100	M	D		1.8514	0.0000	True	3.3400	3.5700		2026-04/05 (~/bin2, all-TF32 --mp)		
mp-1079645	K2CdSnSe4	8	I-42m (121)	GOOD	1.4390	2.9060	M	I		1.6721	0.0000	True	2.9900	3.3100		2026-04/05 (~/bin2, all-TF32 --mp)		
mp-31368	K2Cl2O4	8	Cmcm (63)	GOOD	2.0970	5.9560	M	I		2.3478	0.3385	True	6.4600	7.0200		2026-04/05 (~/bin2, all-TF32 --mp)		
mp-5256	K2Cu2C4	8	P4_2/mmc (131)	GOOD	1.9420	3.9990	M	D		1.9301	0.2960	True	3.7900	4.2900		2026-04/05 (~/bin2, all-TF32 --mp)		
mp-3982	K2Cu2O4	8	Cmcm (63)	NOTCONV_MAY	0.7302	3.4838	R	I		0.8706	0.0000	True	3.6500	4.0600		989a18637 (fp32, t_tetrakbt +300)		
mp-23846	K2H2F4	8	I4/mcm (140)	GOOD	6.8870	11.7480	M	D		6.9658	0.0000	True	12.0900	12.9700		2026-04/05 (~/bin2, all-TF32 --mp)		
mp-24428	K2H4N2	8	P2_1/m (11)	NOTCONV_MAY	1.9349	5.0245	R	D		2.0676	0.0000	True	4.9100	5.7300		989a18637 (fp32, t_tetrakbt +300)		
mp-19851	K2In2Te4	8	I4/mcm (140)	GOOD	0.8910	2.0330	M	I		0.9892	0.0000	True	2.1200	2.3000		2026-04/05 (~/bin2, all-TF32 --mp)		
mp-28994	K2Li4As2	8	Pmmn (59)	GOOD	0.6440	1.8130	M	D		0.6878	0.0000	True	1.8200	2.1000		2026-04/05 (~/bin2, all-TF32 --mp)		
mp-827	K2N6	8	I4/mcm (140)	GOOD	4.0310	7.3150	M	D		4.1465	0.0000	True	7.6500	8.0000		2026-04/05 (~/bin2, all-TF32 --mp)		
mp-7938	K2Nb2S4	8	P6_3/mmc (194)	GOOD	0.7130	1.5170	M	I		0.8124	0.0086	True	1.4000	1.5200		2026-04/05 (~/bin2, all-TF32 --mp)		
mp-10417	K2Sb2O4	8	C2/c (15)	GOOD	1.8800	3.6200	M	D		2.0110	0.0000	True	3.8700	4.1900		2026-04/05 (~/bin2, all-TF32 --mp)		
mp-11703	K2Sb2S4	8	C2/c (15)	GOOD	1.4427	2.7673	N	D		1.6242	0.0000	True	2.8800	3.0600	kt1	989a18637 (tf32, t_tetrakbt -300)		M=2.8020
mp-568968	K2SnHgSe4	8	I-42m (121)	GOOD	1.2670	2.6160	M	I		1.4785	0.0000	True	2.6500	2.9100		2026-04/05 (~/bin2, all-TF32 --mp)		
mp-14206	K3Ag3As2	8	R-3m (166)	GOOD	1.1071	1.9771	N	D		1.2533	0.0000	True	2.0000	2.2000	kt1	989a18637 (tf32, t_tetrakbt -300)		M=1.9350
mp-14205	K3Cu3As2	8	R-3m (166)	GOOD	1.2800	2.1310	M	I		1.2741	0.0000	True	2.1100	2.2800		2026-04/05 (~/bin2, all-TF32 --mp)		
mp-7439	K3Cu3P2	8	R-3m (166)	GOOD	1.2750	1.9860	M	I		1.2873	0.0000	True	2.1500	2.3300		2026-04/05 (~/bin2, all-TF32 --mp)		
mp-9273	K3Sb2Au3	8	R-3m (166)	FAILED_MAY	0.9858	1.6243	R	I		1.1046	0.0000	True	1.6400	1.7700		989a18637 (fp32, t_tetrakbt +300)		
mp-9911	K3SbS4	8	I-43m (217)	GOOD	1.9964	4.1716	N	I		2.1493	0.0080	True	4.2400	4.6700	kt1	989a18637 (tf32, t_tetrakbt -300)		M=4.1710
mp-19052	K3VO4	8	I-42m (121)	NOTCONV_MAY	3.5126	6.1754	R	I		3.6294	0.0215	True	6.1600	6.7800		989a18637 (fp32, t_tetrakbt +300)		
mp-7642	K4Ag2As2	8	Cmcm (63)	GOOD	1.0200	2.0830	M	I		1.0719	0.0000	True	2.0400	2.3000		2026-04/05 (~/bin2, all-TF32 --mp)		
mp-9778	K4Ag2P2	8	Cmcm (63)	FAILED_MAY	1.1004	2.1876	R	I		1.2320	0.0000	True	2.2000	2.4400		989a18637 (fp32, t_tetrakbt +300)		
mp-1084770	K4Bi2Au2	8	Cmcm (63)	GOOD	0.8420	1.7050	M	I		0.8705	0.0000	True	1.6700	1.8800		2026-04/05 (~/bin2, all-TF32 --mp)		
mp-1079679	K4Cd2Sn2	8	Ama2 (40)	GOOD	0.0033	0.4448	N	I		0.0595	0.0000	True	0.4000	0.5400	kt1	989a18637 (tf32, t_tetrakbt -300)		M=0.4560
mp-15684	K4Cu2As2	8	Cmcm (63)	GOOD	0.9580	2.0640	M	I		1.0699	0.0000	True	2.0500	2.3200		2026-04/05 (~/bin2, all-TF32 --mp)		
mp-8446	K4Cu2P2	8	Cmcm (63)	FAILED_MAY	1.0734	2.1602	R	I		1.1450	0.0000	True	2.1600	2.4000		989a18637 (fp32, t_tetrakbt +300)		
mp-10381	K4Cu2Sb2	8	Cmcm (63)	GOOD	1.0672	2.0417	N	I		1.1104	0.0148	True	2.0300	2.2400	kt1	989a18637 (tf32, t_tetrakbt -300)		M=2.0390
mp-2672	K4O4	8	Cmce (64)	GOOD	2.3180	5.4360	M	I		2.3575	0.0000	True	5.3500	6.1800		2026-04/05 (~/bin2, all-TF32 --mp)		
mp-9687	K4P2Au2	8	Cmcm (63)	FAILED_MAY	0.8069	1.8127	R	I		0.9515	0.0000	True	1.8200	2.0400		989a18637 (fp32, t_tetrakbt +300)		
mp-863757	K4Sb2Au2	8	Cmcm (63)	FAILED_MAY	0.8718	1.7791	R	I		1.0032	0.0000	True	1.7800	1.9700		989a18637 (fp32, t_tetrakbt +300)		
mp-2072	K4Te4	8	P6_3/mmc (194)	GOOD	0.5470	2.2810	M	D		0.6709	0.0000	True	2.1500	2.6600		2026-04/05 (~/bin2, all-TF32 --mp)		
mp-27999	K5CuSb2	8	R-3m (166)	SUSPECT_GOOD	0.6354	1.6462	N	I	CHECK	0.7465	0.0009	True	1.6300	1.9000	kt1	989a18637 (tf32, t_tetrakbt -300)		M=1.8990;R=1.6462
mp-14018	K6As2	8	P6_3/mmc (194)	GOOD	0.0420	0.9970	M	D		0.1118	0.0000	True	0.7200	1.1600		2026-04/05 (~/bin2, all-TF32 --mp)		
mp-569940	K6Bi2	8	P6_3/mmc (194)	GOOD	0.0010	0.7840	M	D		0.0369	0.0004	True	0.5800	0.9600		2026-04/05 (~/bin2, all-TF32 --mp)		
mp-7897	K6P2	8	P6_3/mmc (194)	GOOD	0.1480	1.1440	M	I		0.2117	0.0000	True	0.8600	1.2600		2026-04/05 (~/bin2, all-TF32 --mp)		
mp-14017	K6Sb2	8	P6_3/mmc (194)	GOOD	0.3050	1.2960	M	D		0.3894	0.0000	True	1.1100	1.4800		2026-04/05 (~/bin2, all-TF32 --mp)		
mp-12015	KAg2AsO4	8	I-42m (121)	GOOD	0.0443	2.4210	N	I	CHECK	0.2116	0.0000	True	2.1900	2.8600	kt1	989a18637 (tf32, t_tetrakbt -300)		M=2.8300
mp-12532	KAg2PS4	8	I-42m (121)	GOOD	1.0040	2.6390	M	I		1.2500	0.0000	True	2.4800	2.8700		2026-04/05 (~/bin2, all-TF32 --mp)		
mp-9490	KAg2SbS4	8	I-42m (121)	GOOD	0.3820	1.8220	M	I		0.5786	0.0059	True	1.7000	2.1100		2026-04/05 (~/bin2, all-TF32 --mp)		
mp-4266	KAsF6	8	R-3 (148)	GOOD	5.1760	10.3240	M	D		4.8825	0.0000	True	11.1100	11.8600		2026-04/05 (~/bin2, all-TF32 --mp)		
mp-7569	KAsF6	8	R-3m (166)	NOTCONV_MAY	5.1277	10.5437	R	D		4.8371	0.0010	True	11.0600	11.8100		989a18637 (fp32, t_tetrakbt +300)		
mp-4608	KPF6	8	R-3 (148)	GOOD	7.2579	12.5467	N	D	CHECK	7.0368	0.0000	True	12.9400	13.8100	kt1	989a18637 (tf32, t_tetrakbt -300)		M=12.0940
mp-643033	KPH2SO3	8	Cm (8)	GOOD	4.1740	7.1400	M	I		4.5259	0.0000	True	7.3600	7.8900		2026-04/05 (~/bin2, all-TF32 --mp)		
mp-1087504	KZn4P3	8	R-3m (166)	GOOD	0.3610	1.4220	M	I		0.5011	0.0000	True	1.5900	1.7700		2026-04/05 (~/bin2, all-TF32 --mp)		
mp-4586	Li2Al2Te4	8	I-42d (122)	GOOD	2.3060	3.4850	M	D		2.4411	0.0000	True	3.5200	3.7100		2026-04/05 (~/bin2, all-TF32 --mp)		
mp-555874	Li2As2S4	8	Cc (9)	GOOD	1.0237	1.9430	N	D		1.0664	0.0000	True	1.9300	2.0500	kt1	989a18637 (tf32, t_tetrakbt -300)		M=1.9780
mp-1078724	Li2As2Se4	8	Cc (9)	GOOD	0.7540	1.4090	M	D		0.7505	0.0000	True	1.4500	1.5500		2026-04/05 (~/bin2, all-TF32 --mp)		
mp-14232	Li2B2O4	8	I-42d (122)	NOTCONV_MAY	7.0632	10.3822	R	I		7.2811	0.0000	True	10.5900	11.1500		989a18637 (fp32, t_tetrakbt +300)		
mp-1205315	Li2Bi2O4	8	P4/nmm (129)	GOOD	0.8070	1.9070	M	I		0.7695	0.0429	True	1.8100	2.0000		2026-04/05 (~/bin2, all-TF32 --mp)		
mp-7611	Li2CaGeO4	8	I-42m (121)	GOOD	3.9820	6.6930	M	I		4.1135	0.0000	True	6.8400	7.4300		2026-04/05 (~/bin2, all-TF32 --mp)		
mp-7610	Li2CaSiO4	8	I-42m (121)	GOOD	5.1130	7.8640	M	I		5.1897	0.0000	True	8.0000	8.6300		2026-04/05 (~/bin2, all-TF32 --mp)		
mp-5048	Li2Ga2Te4	8	I-42d (122)	GOOD	1.5690	2.8100	M	I		1.5885	0.0000	True	2.8300	3.0200		2026-04/05 (~/bin2, all-TF32 --mp)		
mp-19896	Li2GePbS4	8	I-42m (121)	GOOD	2.0930	3.3500	M	I		2.2649	0.0000	True	3.2900	3.5300		2026-04/05 (~/bin2, all-TF32 --mp)		
mp-5488	Li2In2O4	8	I4_1/amd (141)	GOOD	1.9540	3.8550	M	I		1.8143	0.0000	True	3.7200	4.0900		2026-04/05 (~/bin2, all-TF32 --mp)		
mp-20187	Li2In2Se4	8	I-42d (122)	GOOD	1.4630	2.9500	M	D		1.5731	0.0000	True	3.0200	3.3100		2026-04/05 (~/bin2, all-TF32 --mp)		
mp-20782	Li2In2Te4	8	I-42d (122)	GOOD	1.3040	2.4770	M	D		1.3847	0.0000	True	2.5700	2.7800		2026-04/05 (~/bin2, all-TF32 --mp)		
mp-3924	Li2Nb2O4	8	P6_3/mmc (194)	DRIFT_GOOD	1.5841	2.7444	N	I	differs	1.5795	0.0000	True	2.5500	2.5800	kt1	989a18637 (tf32, t_tetrakbt -300)		M=2.7970
mp-7936	Li2Nb2S4	8	P6_3/mmc (194)	GOOD	0.7920	1.4020	M	I	path<mesh(mesh)	0.7135	0.0000	True	1.2500	1.2700		2026-04/05 (~/bin2, all-TF32 --mp)		
mp-3524	Li2P2N4	8	I-42d (122)	GOOD	3.6180	5.5140	M	I		3.8016	0.0000	True	5.6600	5.9200		2026-04/05 (~/bin2, all-TF32 --mp)		
mp-1079885	Li2Sb2S4	8	C2/c (15)	GOOD	0.1220	0.7770	M	I		0.0927	0.0000	True	0.7600	0.8000		2026-04/05 (~/bin2, all-TF32 --mp)		
mp-5840	Li2Sc2O4	8	I4_1/amd (141)	NOTCONV_MAY	3.7890	6.8173	R	I		3.9040	0.0000	True	6.8700	7.5500		989a18637 (fp32, t_tetrakbt +300)		
mp-8179	Li2Tl2O4	8	I4_1/amd (141)	GOOD	0.3740	1.3910	M	I		0.4020	0.0234	True	1.2000	1.3100		2026-04/05 (~/bin2, all-TF32 --mp)		
mp-558312	Li4O4	8	P6_3/mmc (194)	DRIFT_GOOD	1.5160	5.4163	N	D	differs	1.6379	0.1427	True	5.5500	6.2800	kt1	989a18637 (tf32, t_tetrakbt -300)		M=5.6130
mp-841	Li4O4	8	P6_3/mmc (194)	GOOD	1.9820	5.8430	M	D		1.9743	0.0000	True	5.9200	6.6300		2026-04/05 (~/bin2, all-TF32 --mp)		
mp-29025	Li5Br2N	8	Immm (71)	FAILED_MAY	2.4474	4.4876	R	I		2.0781	0.1192	True	4.5100	4.9700		989a18637 (fp32, t_tetrakbt +300)		
mp-29151	Li5NCl2	8	R-3m (166)	FAILED_MAY	2.0600	4.0796	R	I		1.9425	0.0469	True	4.0900	4.4600		989a18637 (fp32, t_tetrakbt +300)		
mp-757	Li6As2	8	P6_3/mmc (194)	GOOD	0.7480	1.7190	M	I	path<mesh(mesh)	0.6365	0.0000	True	1.6000	1.7500		2026-04/05 (~/bin2, all-TF32 --mp)		
mp-2341	Li6N2	8	P6_3/mmc (194)	GOOD	1.4111	2.8651	N	I	differs path<mesh(mesh)	1.2180	0.0039	True	2.6800	2.9900	kt1	989a18637 (tf32, t_tetrakbt -300)		M=2.8060
mp-736	Li6P2	8	P6_3/mmc (194)	GOOD	0.7750	1.8220	M	I	path<mesh(mesh)	0.6996	0.0000	True	1.7300	1.8900		2026-04/05 (~/bin2, all-TF32 --mp)		
mp-7955	Li6Sb2	8	P6_3/mmc (194)	GOOD	0.6250	1.4490	M	I	path<mesh(mesh)	0.4833	0.0000	True	1.3400	1.4800		2026-04/05 (~/bin2, all-TF32 --mp)		
mp-9144	LiAsF6	8	R-3 (148)	GOOD	5.5520	10.8110	M	I		5.1404	0.0000	True	11.5600	12.2700		2026-04/05 (~/bin2, all-TF32 --mp)		
mp-1079483	LiAuF6	8	R-3 (148)	NOTCONV_MAY	1.9047	6.0500	R	I		1.8673	0.0000	True	6.2300	7.0100		989a18637 (fp32, t_tetrakbt +300)		
mp-27419	LiBiF6	8	R-3 (148)	FAILED_MAY	2.6619	6.7314	R	I		2.5394	0.0000	True	7.2600	7.9300		989a18637 (fp32, t_tetrakbt +300)		
mp-1078799	LiNbF6	8	R-3 (148)	GOOD	4.9948	9.1566	N	I	CHECK	4.7889	0.0000	True	9.4700	10.0100	kt1	989a18637 (tf32, t_tetrakbt -300)		M=8.7060
mp-9143	LiPF6	8	R-3 (148)	NOTCONV_MAY	8.0469	13.5161	R	I		7.5394	0.0000	True	13.8800	14.6300		989a18637 (fp32, t_tetrakbt +300)		
mp-3980	LiSbF6	8	R-3 (148)	NOTCONV_MAY	5.1110	10.1612	R	I		4.9334	0.0000	True	10.6000	11.3300		989a18637 (fp32, t_tetrakbt +300)		
mp-1080679	LiTaF6	8	R-3 (148)	NOTCONV_MAY	6.2459	10.9718	R	I		5.9172	0.0000	True	10.9000	12.0600		989a18637 (fp32, t_tetrakbt +300)		
mp-1016200	Mg2Ge2As4	8	I-42d (122)	GOOD	0.5740	1.6280	M	D		0.5541	0.0069	True	1.6500	1.8700		2026-04/05 (~/bin2, all-TF32 --mp)		
mp-34903	Mg2Ge2P4	8	I-42d (122)	GOOD	1.3350	2.1930	M	D		1.4962	0.0135	True	2.1900	2.3400		2026-04/05 (~/bin2, all-TF32 --mp)		
mp-864954	Mg2Mo2N4	8	P6_3/mmc (194)	GOOD	0.9470	1.5780	M	I	path<mesh(mesh)	0.7411	0.0000	True	1.4000	1.3500		2026-04/05 (~/bin2, all-TF32 --mp)		
mp-1016197	Mg2Si2As4	8	I-42d (122)	GOOD	1.1310	1.8310	M	D		1.3032	0.0000	True	1.9000	2.0200		2026-04/05 (~/bin2, all-TF32 --mp)		
mp-2961	Mg2Si2P4	8	I-42d (122)	GOOD	1.2170	2.1280	M	D		1.3728	0.0000	True	2.1900	2.3200		2026-04/05 (~/bin2, all-TF32 --mp)		
mp-7589	Mg4N2F2	8	I4_1/amd (141)	NOTCONV_MAY	2.3409	4.7003	R	I		2.1274	0.0913	True	4.6900	5.2200		989a18637 (fp32, t_tetrakbt +300)		
mp-19734	MgPbF6	8	R-3 (148)	NOTCONV_MAY	3.1473	7.3108	R	I		3.0406	0.0000	True	7.4800	8.1200		989a18637 (fp32, t_tetrakbt +300)		
mp-7921	MgPdF6	8	R-3 (148)	NOTCONV_MAY	1.8210	5.9120	R	D		1.8285	0.0000	True	6.0300	6.8300		989a18637 (fp32, t_tetrakbt +300)		
mp-562561	Mo2O6	8	P2_1/m (11)	GOOD	1.7490	3.6390	M	I		1.6843	0.0279	True	3.8500	4.0600		2026-04/05 (~/bin2, all-TF32 --mp)		
mp-796276	Mo2O6	8	Cmcm (63)	SUSPECT_GOOD	1.1370	0.9808	N	I	differs QSGW<LDA	0.4534	0.0530	True	1.2600	1.3500	kt1	989a18637 (tf32, t_tetrakbt -300)	the CBM at Γ is a strongly dispersive interlayer (nearly-free-electron-like) state, which QSGW80 leaves near 1 eV while the Mo d bands go up: hence QSGW < LDA. Depends on how the basis describes the interlayer space (no empty spheres); to be checked	M=1.0690;R=0.9810
mp-1095181	N6Cl2	8	Cmc2_1 (36)	NOTCONV_MAY	2.2286	6.5071	R	I		2.3595	0.5766	True	7.1700	7.4200		989a18637 (fp32, t_tetrakbt +300)		
mp-154	N8	8	P2_13 (198)	GOOD	7.3190	13.9300	M	I		7.3768	0.0000	True	14.7900	15.2500		2026-04/05 (~/bin2, all-TF32 --mp)		
mp-25	N8	8	Pa-3 (205)	NOTCONV_MAY	7.1187	13.3923	R	I		7.3685	0.0018	True	14.3600	14.8500		989a18637 (fp32, t_tetrakbt +300)		
mp-10166	Na2Al2Se4	8	I4/mcm (140)	GOOD	2.0020	3.8220	M	I		2.1498	0.0209	True	3.8600	4.2100		2026-04/05 (~/bin2, all-TF32 --mp)		
mp-10163	Na2Al2Te4	8	I4/mcm (140)	GOOD	1.2290	2.3100	M	I		1.2875	0.0060	True	2.4300	2.5800		2026-04/05 (~/bin2, all-TF32 --mp)		
mp-20343	Na2Au2O4	8	Cmcm (63)	NOTCONV_MAY	0.8347	3.2825	R	I		1.0830	0.0263	True	3.4800	3.8400		989a18637 (fp32, t_tetrakbt +300)		
mp-22984	Na2Bi2O4	8	C2/c (15)	GOOD	1.0400	2.3150	M	D		1.1849	0.0000	True	2.3000	2.4300		2026-04/05 (~/bin2, all-TF32 --mp)		
mp-561075	Na2CdSnS4	8	C2 (5)	GOOD	1.6580	3.4740	M	D		1.9250	0.0021	True	3.4700	3.8600		2026-04/05 (~/bin2, all-TF32 --mp)		
mp-30965	Na2Cl2O4	8	C2/c (15)	GOOD	2.1972	6.2194	N	D	differs	2.4465	0.2857	True	6.4400	7.0700	kt1	989a18637 (tf32, t_tetrakbt -300)		M=6.4030
mp-867515	Na2Co2O4	8	P6_3/mmc (194)	NOTCONV_MAY	0.7237	3.6781	R	I	LDA≠PBE	2.1151	0.0139	True				989a18637 (fp32, t_tetrakbt +300)	bands drawn again from the converged sigm (the plot was of iteration 10, before the extension to 19)	
mp-10164	Na2Ga2Te4	8	I4/mcm (140)	GOOD	0.1220	1.0990	M	I		0.2017	0.0044	True	1.1300	1.3100		2026-04/05 (~/bin2, all-TF32 --mp)		
mp-22483	Na2In2Te4	8	I4/mcm (140)	GOOD	0.5480	1.5430	M	I		0.6416	0.0000	True	1.6100	1.7600		2026-04/05 (~/bin2, all-TF32 --mp)		
mp-3744	Na2Nb2O4	8	P6_3/mmc (194)	GOOD	1.4312	2.6987	N	I		1.3781	0.0000	True	2.4800	2.5400	kt1	989a18637 (tf32, t_tetrakbt -300)		M=2.7100
mp-7937	Na2Nb2S4	8	P6_3/mmc (194)	GOOD	0.6010	1.3710	M	I		0.6240	0.0000	True	1.2800	1.3400		2026-04/05 (~/bin2, all-TF32 --mp)		
mp-7939	Na2Nb2Se4	8	P6_3/mmc (194)	GOOD	0.5210	1.2100	M	I		0.5017	0.0000	True	1.0900	1.1800		2026-04/05 (~/bin2, all-TF32 --mp)		
mp-10572	Na2P2N4	8	I-42d (122)	GOOD	4.6191	6.9102	N	I		4.6851	0.0000	True	7.1000	7.4700	kt1	989a18637 (tf32, t_tetrakbt -300)		M=6.9040
mp-5414	Na2Sb2S4	8	C2/c (15)	GOOD	0.7990	1.8070	M	I		0.8857	0.0000	True	1.8200	1.9300		2026-04/05 (~/bin2, all-TF32 --mp)		
mp-557179	Na2Sb2S4	8	C2/m (12)	GOOD	0.8320	1.4390	M	D	path<mesh(mesh) vs2025	0.4528	0.0232	True	0.9300	0.9900		2026-04/05 (~/bin2, all-TF32 --mp)		
mp-1078419	Na3PSe4	8	I-43m (217)	GOOD	1.0080	2.7260	M	D		1.1169	0.0000	True	2.7800	3.0800		2026-04/05 (~/bin2, all-TF32 --mp)		
mp-8703	Na3SbSe4	8	I-43m (217)	GOOD	0.9190	2.5380	M	D		0.9871	0.0000	True	2.6300	2.9200		2026-04/05 (~/bin2, all-TF32 --mp)		
mp-7392	Na4Ag2Sb2	8	Cmcm (63)	GOOD	0.5490	1.2230	M	I		0.6550	0.0000	True	1.2200	1.3700		2026-04/05 (~/bin2, all-TF32 --mp)		
mp-7773	Na4As2Au2	8	Cmcm (63)	GOOD	0.2612	0.8718	N	I		0.4175	0.0000	True	0.8200	0.9700	kt1	989a18637 (tf32, t_tetrakbt -300)		M=0.8770
mp-1078709	Na4Bi2Au2	8	Cmcm (63)	GOOD	0.2300	0.7180	M	I		0.3070	0.0000	True	0.6800	0.7700		2026-04/05 (~/bin2, all-TF32 --mp)		
mp-15685	Na4Cu2As2	8	Cmcm (63)	GOOD	0.5880	1.3420	M	I		0.6543	0.0000	True	1.2900	1.4600		2026-04/05 (~/bin2, all-TF32 --mp)		
mp-7639	Na4Cu2P2	8	Cmcm (63)	GOOD	0.5800	1.3920	M	I		0.6562	0.0000	True	1.3500	1.5400		2026-04/05 (~/bin2, all-TF32 --mp)		
mp-2400	Na4S4	8	P6_3/mmc (194)	GOOD	1.0670	3.3560	M	D		1.2566	0.0000	True	3.3900	3.9500		2026-04/05 (~/bin2, all-TF32 --mp)		
mp-7774	Na4Sb2Au2	8	Cmcm (63)	GOOD	0.2100	0.7740	M	I		0.3618	0.0000	True	0.7300	0.8700		2026-04/05 (~/bin2, all-TF32 --mp)		
mp-15668	Na4Se4	8	P6_3/mmc (194)	GOOD	0.3170	2.2710	M	D		0.4942	0.0000	True	2.0000	2.6300		2026-04/05 (~/bin2, all-TF32 --mp)		
mp-1136	Na6As2	8	P6_3/mmc (194)	GOOD	0.0840	1.1340	M	D		0.0926	0.0005	True	1.0300	1.3900		2026-04/05 (~/bin2, all-TF32 --mp)		
mp-1598	Na6P2	8	P6_3/mmc (194)	GOOD	0.3880	1.3950	M	D		0.4033	0.0000	True	1.3700	1.7000		2026-04/05 (~/bin2, all-TF32 --mp)		
mp-7956	Na6Sb2	8	P6_3/mmc (194)	GOOD	0.3580	1.3960	M	D		0.3946	0.0000	True	1.4000	1.6900		2026-04/05 (~/bin2, all-TF32 --mp)		
mp-1079088	NaAsF6	8	R-3 (148)	SUSPECT_GOOD	5.4723	11.0724	N	I		5.1368	0.0000	True	11.6700	12.4300	kt1	989a18637 (tf32, t_tetrakbt -300)		M=11.1070;R=11.0737
mp-1087215	NaAsF6	8	Fm-3m (225)	NOTCONV_MAY	5.3166	11.1874	R	D		4.9494	0.0099	True	11.8200	12.5800		989a18637 (fp32, t_tetrakbt +300)		
mp-27420	NaBiF6	8	R-3 (148)	NOTCONV_MAY	2.8570	7.2412	R	I		2.7315	0.0000	True	7.6500	8.4500		989a18637 (fp32, t_tetrakbt +300)		
mp-10474	NaPF6	8	Fm-3m (225)	SUSPECT_GOOD	7.2040	12.7810	N	D		7.0251	0.0000	True	13.2800	14.1100	kt1	989a18637 (tf32, t_tetrakbt -300)		M=12.7480;R=12.7804
mp-5955	NaSbF6	8	Fm-3m (225)	NOTCONV_MAY	5.0543	10.6238	R	D		4.8826	0.0000	True	11.1600	11.9500		989a18637 (fp32, t_tetrakbt +300)		
mp-550070	Nb2Br4O2	8	C2 (5)	GOOD	0.7000	2.3790	M	I		0.9072	0.2210	True	2.1200	2.4500		2026-04/05 (~/bin2, all-TF32 --mp)		
mp-549720	Nb2I4O2	8	C2 (5)	GOOD	0.5970	1.6910	M	I		0.8426	0.1450	True	1.7200	1.9800		2026-04/05 (~/bin2, all-TF32 --mp)		
mp-5621	NbCu3S4	8	P-43m (215)	GOOD	1.6080	2.6840	M	I		1.6385	0.0000	True	2.8200	2.9600		2026-04/05 (~/bin2, all-TF32 --mp)		
mp-4043	NbCu3Se4	8	P-43m (215)	GOOD	1.3190	2.2930	M	I		1.3600	0.0000	True	2.3700	2.4800		2026-04/05 (~/bin2, all-TF32 --mp)		
mp-991676	NbCu3Te4	8	P-43m (215)	GOOD	0.9240	1.5750	M	I		0.9169	0.0000	True	1.6800	1.7400		2026-04/05 (~/bin2, all-TF32 --mp)		
mp-1091384	NbTl3S4	8	I-43m (217)	GOOD	2.2910	3.4460	M	I		2.4580	0.0000	True	3.4600	3.6500		2026-04/05 (~/bin2, all-TF32 --mp)		
mp-1025396	NbTl3Se4	8	I-43m (217)	GOOD	1.9800	2.9730	M	D		2.1041	0.0000	True	2.9500	3.0900		2026-04/05 (~/bin2, all-TF32 --mp)		
mp-12957	O8	8	C2/m (12)	GOOD	1.3220	4.1868	N	I	differs	1.3316	0.0000	True	4.7900	4.6700	kt1	989a18637 (tf32, t_tetrakbt -300)		M=4.3490
mp-27529	P2I6	8	P6_3 (173)	GOOD	2.0010	3.8040	M	D		2.2858	0.0000	True	3.9600	4.3200		2026-04/05 (~/bin2, all-TF32 --mp)		
mp-560008	P2N2F4	8	Cmc2_1 (36)	NOTCONV_MAY	5.6303	9.1335	R	D		5.6193	0.0000	True	9.3900	9.9900		989a18637 (fp32, t_tetrakbt +300)		
mp-1954	P3N5	8	Imm2 (44)	GOOD	2.4770	4.2630	M	I		2.5967	0.0985	True	4.5000	4.7900		2026-04/05 (~/bin2, all-TF32 --mp)		
mp-12883	P8	8	C2/m (12)	GOOD	3.0420	5.0420	M	I		3.5367	0.1546	True	5.1600	5.3800		2026-04/05 (~/bin2, all-TF32 --mp)		
mp-20878	Pb4O4	8	Pbcm (57)	GOOD	2.1080	3.1680	M	I		2.1562	0.0102	True	3.2800	3.4600		2026-04/05 (~/bin2, all-TF32 --mp)		
mp-550714	Pb4O4	8	Pca2_1 (29)	GOOD	2.1840	3.3720	M	I		2.2283	0.0214	True	3.5100	3.7100		2026-04/05 (~/bin2, all-TF32 --mp)		
mp-1078500	Pb4S4	8	Pnma (62)	GOOD	1.1160	1.7180	M	I		1.2177	0.0310	True	1.6700	1.7700		2026-04/05 (~/bin2, all-TF32 --mp)		
mp-1079172	Pb4Se4	8	Pnma (62)	GOOD	1.0900	1.7500	M	D		1.0663	0.0526	True	1.6700	1.7800		2026-04/05 (~/bin2, all-TF32 --mp)		
mp-20458	PtPbF6	8	R-3m (166)	FAILED_MAY	1.7060	5.1098	R	I		1.9378	0.0000	True	5.1600	5.7700		989a18637 (fp32, t_tetrakbt +300)		
mp-14070	Rb2Al2O4	8	Fd-3m (227)	FAILED_MAY	3.2778	6.3530	R	D		3.3757	0.0000	True	6.4600	7.1300		989a18637 (fp32, t_tetrakbt +300)		
mp-7472	Rb2Au2O4	8	Cmcm (63)	NOTCONV_MAY	1.3908	4.0764	R	I		1.4785	0.0000	True	4.3400	4.7100		989a18637 (fp32, t_tetrakbt +300)		
mp-29521	Rb2Bi2O4	8	C2/c (15)	GOOD	1.9813	3.6709	N	D	CHECK	2.1177	0.0000	True	3.7800	4.0200	kt1	989a18637 (tf32, t_tetrakbt -300)		M=3.9290
mp-549590	Rb2Cl2O4	8	Cmcm (63)	GOOD	2.1487	6.1196	N	I	differs	2.4078	0.3453	True	6.4700	7.0000	kt1	989a18637 (tf32, t_tetrakbt -300)		M=6.0400
mp-5425	Rb2Cu2C4	8	P4_2/mmc (131)	GOOD	1.9510	4.0140	M	D		1.9577	0.2990	True	3.8600	4.3200		2026-04/05 (~/bin2, all-TF32 --mp)		
mp-7467	Rb2Cu2O4	8	Cmcm (63)	FAILED_MAY	0.8009	3.5350	R	I		0.9211	0.0000	True	3.7200	4.1100		989a18637 (fp32, t_tetrakbt +300)		
mp-29764	Rb2H2F4	8	I4/mcm (140)	FAILED_MAY	6.5865	11.3142	R	I		6.6961	0.0000	True	11.6200	12.3900		989a18637 (fp32, t_tetrakbt +300)		
mp-697144	Rb2H4N2	8	P2_1/m (11)	FAILED_MAY	1.8052	4.7774	R	I		1.9074	0.0000	True	4.7200	5.4500		989a18637 (fp32, t_tetrakbt +300)		
mp-22255	Rb2In2Te4	8	I4/mcm (140)	GOOD	1.0140	2.2280	M	I		1.1111	0.0000	True	2.2500	2.4800		2026-04/05 (~/bin2, all-TF32 --mp)		
mp-28237	Rb2Li2Br4	8	Cmcm (63)	GOOD	4.0750	6.9420	M	D		4.3220	0.0048	True	7.2000	7.7700		2026-04/05 (~/bin2, all-TF32 --mp)		
mp-28243	Rb2Li2Cl4	8	Cmcm (63)	GOOD	4.8870	8.0250	M	D		5.1482	0.0047	True	8.3600	8.9800		2026-04/05 (~/bin2, all-TF32 --mp)		
mp-743	Rb2N6	8	I4/mcm (140)	GOOD	4.0510	6.8930	M	I		4.1608	0.0000	True				2026-04/05 (~/bin2, all-TF32 --mp)		
mp-10418	Rb2Sb2O4	8	C2/c (15)	GOOD	2.1540	4.1000	M	D		2.2483	0.0000	True	4.2700	4.5800		2026-04/05 (~/bin2, all-TF32 --mp)		
mp-7650	Rb2Sc2O4	8	P6_3/mmc (194)	GOOD	3.3484	6.0557	N	I	differs vs2025	3.4524	0.0000	True	1.3900	1.6400	kt1	989a18637 (tf32, t_tetrakbt -300)	the 2025 2nd-shot value (1.64 eV) is below LDA (3.35 eV): the 2025 value is wrong	M=6.2100
mp-1080691	Rb2SnHgTe4	8	I-42m (121)	GOOD	0.5310	1.5670	M	I		0.6905	0.0000	True	1.6100	1.8100		2026-04/05 (~/bin2, all-TF32 --mp)		
mp-16764	Rb2Y2Te4	8	P6_3/mmc (194)	GOOD	1.2660	2.5810	M	I		1.3563	0.0000	True	2.6100	2.8400		2026-04/05 (~/bin2, all-TF32 --mp)		
mp-9274	Rb3Sb2Au3	8	R-3m (166)	FAILED_MAY	1.1188	1.8275	R	I		1.2228	0.0000	True	1.8500	1.9900		989a18637 (fp32, t_tetrakbt +300)		
mp-8360	Rb4Te4	8	Pbam (55)	FAILED_MAY	0.7428	2.2709	R	I		0.8332	0.0000	True	2.1500	2.5600		989a18637 (fp32, t_tetrakbt +300)		
mp-16319	Rb6Sb2	8	P6_3/mmc (194)	GOOD	0.5960	0.9060	M	I		0.0878	0.0000	True	0.6700	1.1100		2026-04/05 (~/bin2, all-TF32 --mp)		
mp-1179832	Rb8	8	I4/mmm (139)	INVALID_STRUCTURE					no-result	0.5882	0.4525	True						
mp-9819	RbAsF6	8	R-3 (148)	GOOD	5.4230	10.5320	M	D		5.0030	0.0000	True	11.3200	12.0700		2026-04/05 (~/bin2, all-TF32 --mp)		
mp-696736	RbBe2F5	8	P1 (1)	FAILED_MAY	6.9758	11.9512	R	D		7.0887	0.0025	True	12.3000	13.1500		989a18637 (fp32, t_tetrakbt +300)		
mp-27421	RbBiF6	8	R-3 (148)	GOOD	2.8018	6.9888	N	I	CHECK	2.6387	0.0000	True	7.3900	8.0900	kt1	989a18637 (tf32, t_tetrakbt -300)		M=6.6520
mp-9821	RbSbF6	8	R-3 (148)	NOTCONV_MAY	5.1063	10.1074	R	I		4.9025	0.0000	True	10.5600	11.3100		989a18637 (fp32, t_tetrakbt +300)		
mp-975140	RbZn4P3	8	P4/mmm (123)	GOOD	0.0130	1.1800	M	D		0.1948	0.0000	True	0.9900	1.4400		2026-04/05 (~/bin2, all-TF32 --mp)		
mp-27871	Rh2Br6	8	C2/m (12)	GOOD	1.0160	2.6110	M	I		1.2459	0.0000	True	2.5700	3.0300		2026-04/05 (~/bin2, all-TF32 --mp)		
mp-27770	Rh2Cl6	8	C2/m (12)	GOOD	1.3329	3.3964	N	I		1.5202	0.0000	True	3.2400	3.8000	kt1	989a18637 (tf32, t_tetrakbt -300)		M=3.3880
mp-2068	Rh2F6	8	R-3c (167)	GOOD	0.7726	3.9996	N	I	CHECK vs2025	0.8673	0.0000	True	2.0500	3.6000	kt1	989a18637 (tf32, t_tetrakbt -300)		M=3.6170
mp-28099	S4Br4	8	Aea2 (41)	GOOD	1.9640	4.0970	M	I		2.2486	0.0000	True	4.1800	4.6100		2026-04/05 (~/bin2, all-TF32 --mp)		
mp-236	S4N4	8	P2_1/c (14)	GOOD	2.9080	5.4070	M	I		2.9469	0.5087	True	5.7200	5.9500		2026-04/05 (~/bin2, all-TF32 --mp)		
mp-1880	Sb2F6	8	Ama2 (40)	NOTCONV_MAY	4.4795	7.3059	R	I		4.4396	0.0000	True	7.4500	7.9300		989a18637 (fp32, t_tetrakbt +300)		
mp-23281	Sb2I6	8	R-3 (148)	GOOD	2.0240	2.8990	M	I		2.1928	0.0000	True	3.0700	3.1600		2026-04/05 (~/bin2, all-TF32 --mp)		
mp-1080747	Sc2Al2C2O2	8	P6_3mc (186)	GOOD	1.1057	2.6351	N	I		1.2167	0.0000	True			kt1	989a18637 (tf32, t_tetrakbt -300)		M=2.6310
mp-972937	Sc2Al2C2O2	8	R-3m (166)	GOOD	0.2800	1.5380	M	I		0.3695	0.0155	True	1.5500	1.9100		2026-04/05 (~/bin2, all-TF32 --mp)		
mp-23309	Sc2Cl6	8	R-3 (148)	DRIFT_GOOD	3.5925	7.0244	N	I	CHECK	3.9071	0.0000	True	6.9800	7.7600	kt1	989a18637 (tf32, t_tetrakbt -300)		M=6.2960
mp-3642	Sc2Cu2O4	8	P6_3/mmc (194)	GOOD	2.4000	4.1690	M	I		2.3292	0.0000	True	3.8100	4.2800		2026-04/05 (~/bin2, all-TF32 --mp)		
mp-1078300	Sc2F6	8	R-3c (167)	NOTCONV_MAY	6.0513	11.9396	R	D		6.1057	0.0000	True	11.5300	12.8800		989a18637 (fp32, t_tetrakbt +300)		
mp-13312	Sc2Tl2S4	8	P6_3/mmc (194)	GOOD	0.8180	1.6090	M	I		0.9331	0.0000	True	1.6100	1.7600		2026-04/05 (~/bin2, all-TF32 --mp)		
mp-570589	Se4Br4	8	Aea2 (41)	FAILED_MAY	1.3942	3.1728	R	I		1.5077	0.0059	True	3.0600	3.5200		989a18637 (fp32, t_tetrakbt +300)		
mp-1078181	Si2Br6	8	C2/m (12)	GOOD	3.8070	6.4830	M	I		3.8434	0.0041	True	6.8700	7.3300		2026-04/05 (~/bin2, all-TF32 --mp)		
mp-1078195	Si2I6	8	R-3 (148)	SUSPECT_GOOD	2.7798	4.9401	N	I	CHECK	2.9930	0.0000	True	5.2400	5.5900	kt1	989a18637 (tf32, t_tetrakbt -300)		M=5.1580;R=4.9402
mp-8311	Si3NiP4	8	I-42m (121)	GOOD	0.2730	0.7080	M	I		0.3365	0.0000	True	0.7700	0.8200		2026-04/05 (~/bin2, all-TF32 --mp)		
mp-2488	Si4Os4	8	P2_13 (198)	GOOD	0.4970	0.8210	M	I		0.5126	0.0000	True	0.8600	0.9000		2026-04/05 (~/bin2, all-TF32 --mp)		
mp-189	Si4Ru4	8	P2_13 (198)	GOOD	0.2310	0.4080	M	I		0.2299	0.0000	True	0.4100	0.4400		2026-04/05 (~/bin2, all-TF32 --mp)		
mp-8289	Sn2F6	8	Fm-3m (225)	GOOD	2.7860	5.8800	M	I		2.7336	0.0000	True	5.9100	6.5500		2026-04/05 (~/bin2, all-TF32 --mp)		
mp-1078644	Sn4O4	8	Cmc2_1 (36)	GOOD	1.3260	2.2330	M	I		1.3265	0.1254	True	2.3000	2.4300		2026-04/05 (~/bin2, all-TF32 --mp)		
mp-2231	Sn4S4	8	Pnma (62)	GOOD	1.0100	1.4290	M	I		0.9048	0.0000	True	1.3400	1.3900		2026-04/05 (~/bin2, all-TF32 --mp)		
mp-691	Sn4Se4	8	Pnma (62)	FAILED_MAY	0.7922	1.2433	R	I	path<mesh(noLDA)	0.6072	0.0000	True	1.1900	1.2400		989a18637 (fp32, t_tetrakbt +300)		
mp-1078562	Sr2Ag2S2F2	8	P4/nmm (129)	GOOD	1.0690	2.6480	M	D		1.2533	0.0122	True	2.6800	2.9800		2026-04/05 (~/bin2, all-TF32 --mp)		
mp-1080438	Sr2Ag2Te2F2	8	P4/nmm (129)	GOOD	1.0890	2.4640	M	D		1.2847	0.0931	True	2.5200	2.7700		2026-04/05 (~/bin2, all-TF32 --mp)		
mp-12444	Sr2Cu2S2F2	8	P4/nmm (129)	GOOD	1.5050	3.0380	M	D		1.5126	0.0000	True	3.0000	3.3200		2026-04/05 (~/bin2, all-TF32 --mp)		
mp-21228	Sr2Cu2Se2F2	8	P4/nmm (129)	GOOD	1.0770	2.5820	M	D		1.1975	0.1185	True	2.5700	2.8900		2026-04/05 (~/bin2, all-TF32 --mp)		
mp-1091416	Sr2Cu2Te2F2	8	P4/nmm (129)	GOOD	1.4450	2.6990	M	D		1.5171	0.1236	True	2.7400	2.9500		2026-04/05 (~/bin2, all-TF32 --mp)		
mp-1080045	Sr2H2Br2O2	8	C2/m (12)	FAILED_MAY	4.1380	6.9773	R	D		4.3210	0.0735	True	7.0200	7.5900		989a18637 (fp32, t_tetrakbt +300)		
mp-24066	Sr2H2Cl2O2	8	P6_3mc (186)	NOTCONV_MAY	4.7696	7.8644	R	D		4.9843	0.1017	True	7.8900	8.5300		989a18637 (fp32, t_tetrakbt +300)		
mp-11108	Sr2P6	8	C2/m (12)	GOOD	0.0210	0.3480	M	D		0.0000	0.0047	True	0.3900	0.5400		2026-04/05 (~/bin2, all-TF32 --mp)		
mp-1175	Sr2S6	8	Aea2 (41)	GOOD	0.8780	2.7380	M	D		1.0931	0.0323	True	2.7000	3.1300		2026-04/05 (~/bin2, all-TF32 --mp)		
mp-9517	Sr2Ti2N4	8	P4/nmm (129)	GOOD	0.6950	2.0450	M	D		0.7925	0.0000	True	1.9700	2.3400		2026-04/05 (~/bin2, all-TF32 --mp)		
mp-1080135	Sr2Zn2As2F2	8	P4/nmm (129)	GOOD	0.5410	1.8030	M	D		0.6936	0.0000	True	1.8800	2.0800		2026-04/05 (~/bin2, all-TF32 --mp)		
mp-555718	SrNiF6	8	R-3m (166)	FAILED_MAY	1.1923	5.2215	R	I		1.7074	0.0000	True	5.2100	5.9600		989a18637 (fp32, t_tetrakbt +300)		
mp-29027	Ta2I4O2	8	C2/m (12)	FAILED_MAY	0.7406	1.8765	R	I		0.8866	0.1694	True	1.8600	2.1300		989a18637 (fp32, t_tetrakbt +300)		
mp-10748	TaCu3S4	8	P-43m (215)	GOOD	1.8850	3.0670	M	I		1.9288	0.0000	True	3.1700	3.3400		2026-04/05 (~/bin2, all-TF32 --mp)		
mp-4081	TaCu3Se4	8	P-43m (215)	GOOD	1.5710	2.6300	M	I		1.5988	0.0000	True	2.7100	2.8500		2026-04/05 (~/bin2, all-TF32 --mp)		
mp-9295	TaCu3Te4	8	P-43m (215)	GOOD	1.1150	1.8070	M	I		1.1407	0.0000	True	1.9400	2.0100		2026-04/05 (~/bin2, all-TF32 --mp)		
mp-7562	TaTl3S4	8	I-43m (217)	GOOD	2.3760	3.5380	M	I		2.5302	0.0000	True	3.6100	3.8200		2026-04/05 (~/bin2, all-TF32 --mp)		
mp-10644	TaTl3Se4	8	I-43m (217)	GOOD	2.1040	3.0660	M	D		2.2527	0.0000	True	3.1400	3.3000		2026-04/05 (~/bin2, all-TF32 --mp)		
mp-2552	Te2O6	8	R-3c (167)	GOOD	1.4462	3.6162	N	I	CHECK	1.1636	0.0201	True	3.7000	4.1400	kt1	989a18637 (tf32, t_tetrakbt -300)		M=3.1740
mp-573321	Te2Pd2I4	8	P-1 (2)	FAILED_MAY	0.4656	1.1377	R	I		0.5915	0.0156	True	1.1200	1.2700		989a18637 (fp32, t_tetrakbt +300)		
mp-569766	Te4I4	8	C2/m (12)	GOOD	0.6480	1.5230	M	I		0.7185	0.0000	True	1.5800	1.7200		2026-04/05 (~/bin2, all-TF32 --mp)		
mp-1079574	Te4Pb4	8	Pnma (62)	GOOD	0.7960	1.2440	M	I		0.8024	0.0555	True	1.2900	1.3400		2026-04/05 (~/bin2, all-TF32 --mp)		
mp-685022	Te4Pb4	8	Pnma (62)	FAILED_MAY	0.6661	1.0627	R	I		0.7233	0.0549	True	1.0600	1.1100		989a18637 (fp32, t_tetrakbt +300)		
mp-9920	Ti2S6	8	P2_1/m (11)	GOOD	0.1080	1.1450	M	I		0.2261	0.0000	True	1.0800	1.3400		2026-04/05 (~/bin2, all-TF32 --mp)		
mp-623024	TiCdF6	8	R-3 (148)	NOTCONV_MAY	4.3945	8.8264	R	D	vs2025	4.3774	0.0000	True	8.7100	9.1900		989a18637 (fp32, t_tetrakbt +300)		
mp-27801	Tl2Ag2I4	8	I4/mcm (140)	GOOD	1.4380	2.7360	M	D		1.5665	0.0328	True	2.7400	2.9900		2026-04/05 (~/bin2, all-TF32 --mp)		
mp-568890	Tl2CdGeTe4	8	I-42m (121)	GOOD	0.2670	0.9340	M	I		0.3589	0.0047	True	0.9600	1.0800		2026-04/05 (~/bin2, all-TF32 --mp)		
mp-570076	Tl2CdSnTe4	8	I-42m (121)	FAILED_MAY	0.2841	0.9464	R	I		0.3742	0.0094	True	0.9800	1.1000		989a18637 (fp32, t_tetrakbt +300)		
mp-9580	Tl2Ga2Se4	8	I4/mcm (140)	GOOD	0.4330	1.3560	M	D		0.5597	0.0163	True	1.3900	1.5700		2026-04/05 (~/bin2, all-TF32 --mp)		
mp-3785	Tl2Ga2Te4	8	I4/mcm (140)	GOOD	0.4520	1.0850	M	D		0.5556	0.0000	True	1.1300	1.2300		2026-04/05 (~/bin2, all-TF32 --mp)		
mp-569246	Tl2HgGeTe4	8	I-42m (121)	GOOD	0.0150	0.5730	M	I		0.0945	0.0080	True	0.6000	0.7000		2026-04/05 (~/bin2, all-TF32 --mp)		
mp-1078621	Tl2In2S4	8	I4/mcm (140)	GOOD	0.7272	1.7557	N	D		0.9477	0.0155	True	1.7700	1.9500	kt1	989a18637 (tf32, t_tetrakbt -300)		M=1.7640
mp-20042	Tl2In2S4	8	P6_3/mmc (194)	GOOD	0.4830	1.1670	M	I	path<mesh(mesh)	0.4735	0.0000	True	0.9900	1.0900		2026-04/05 (~/bin2, all-TF32 --mp)		
mp-22232	Tl2In2Se4	8	I4/mcm (140)	GOOD	0.5470	1.4440	M	D		0.7384	0.0000	True	1.4900	1.6500		2026-04/05 (~/bin2, all-TF32 --mp)		
mp-22791	Tl2In2Te4	8	I4/mcm (140)	GOOD	0.4898	1.1814	N	I		0.5401	0.0000	True	1.2300	1.3500	kt1	989a18637 (tf32, t_tetrakbt -300)		M=1.1770
mp-870	Tl2N6	8	I4/mcm (140)	FAILED_MAY	1.4795	2.9588	R	I		1.7584	0.3106	True	3.0800	3.2800		989a18637 (fp32, t_tetrakbt +300)		
mp-1079426	Tl2SiHgSe4	8	I-42m (121)	GOOD	0.8280	1.7460	M	I		0.9421	0.0217	True	1.7700	1.9400		2026-04/05 (~/bin2, all-TF32 --mp)		
mp-1078676	Tl2SnHgSe4	8	I-42m (121)	GOOD	0.6440	1.6150	M	D		0.7879	0.0028	True	1.5800	1.7400		2026-04/05 (~/bin2, all-TF32 --mp)		
mp-570051	Tl2SnHgTe4	8	I-42m (121)	FAILED_MAY	0.0762	0.6451	R	I		0.1565	0.0127	True	0.6700	0.7700		989a18637 (fp32, t_tetrakbt +300)		
mp-29047	Tl3VO4	8	Imm2 (44)	FAILED_MAY	2.3314	3.5886	R	I		2.5955	0.0000	True	3.6500	3.8400		989a18637 (fp32, t_tetrakbt +300)		
mp-5513	Tl3VS4	8	I-43m (217)	GOOD	1.8950	2.9460	M	I		1.9554	0.0000	True	2.9600	3.0400		2026-04/05 (~/bin2, all-TF32 --mp)		
mp-1025549	Tl3VSe4	8	I-43m (217)	DRIFT_GOOD	1.5232	2.3089	N	I		1.5636	0.0000	True	2.3900	2.4900	kt1	989a18637 (tf32, t_tetrakbt -300)		M=2.3300
mp-720	Tl4F4	8	Pbcm (57)	FAILED_MAY	2.9033	4.7316	R	I		3.1999	0.0000	True	4.8100	5.1300		989a18637 (fp32, t_tetrakbt +300)		
mp-322	Tl4S4	8	I4/mcm (140)	GOOD	0.4610	1.4300	M	I		0.6741	0.0515	True	1.5100	1.6400		2026-04/05 (~/bin2, all-TF32 --mp)		
mp-1836	Tl4Se4	8	I4/mcm (140)	GOOD	0.0660	0.8400	M	I		0.2096	0.0000	True	0.8800	1.0200		2026-04/05 (~/bin2, all-TF32 --mp)		
mp-555911	TlAsF6	8	R-3 (148)	FAILED_MAY	4.5940	8.4643	R	I		4.6814	0.0000	True	8.8500	9.3000		989a18637 (fp32, t_tetrakbt +300)		
mp-8348	TlSbF6	8	R-3m (166)	FAILED_MAY	4.1437	7.8049	R	I		4.3490	0.0000	True	8.1400	8.6100		989a18637 (fp32, t_tetrakbt +300)		
mp-19412	VAg3O4	8	I-42m (121)	GOOD	0.3970	2.1060	M	I		0.5826	0.0307	True	1.9100	2.2800		2026-04/05 (~/bin2, all-TF32 --mp)		
mp-510657	VCu3O4	8	I-42m (121)	GOOD	0.2190	0.7170	M	I		0.1102	0.1069	True	0.6300	0.6100		2026-04/05 (~/bin2, all-TF32 --mp)		
mp-3762	VCu3S4	8	P-43m (215)	GOOD	0.9980	1.9590	M	I		1.0358	0.0000	True	2.1000	2.2700		2026-04/05 (~/bin2, all-TF32 --mp)		
mp-21855	VCu3Se4	8	P-43m (215)	GOOD	0.7820	1.6570	M	I		0.8173	0.0000	True	1.7300	1.8600		2026-04/05 (~/bin2, all-TF32 --mp)		
mp-991652	VCu3Te4	8	P-43m (215)	GOOD	0.5260	1.1350	M	I		0.5741	0.0000	True	1.1700	1.2400		2026-04/05 (~/bin2, all-TF32 --mp)		
mp-19443	W2O6	8	P4/nmm (129)	GOOD	0.2760	1.7690	M	D		1.1503	0.0059	True	1.8600	2.0800		2026-04/05 (~/bin2, all-TF32 --mp)		
mp-12903	Y2Ag2Te4	8	P-42_1m (113)	GOOD	0.7779	1.5835	N	I		0.8975	0.0000	True	1.5400	1.6900	kt1	989a18637 (tf32, t_tetrakbt -300)		M=1.5800
mp-27455	Y2Cl6	8	C2/m (12)	NOTCONV_MAY	4.5445	7.8789	R	I		4.9311	0.0000	True	8.0200	8.6400		989a18637 (fp32, t_tetrakbt +300)		
mp-2918	Y2Cu2O4	8	P6_3/mmc (194)	NOTCONV_MAY	2.7276	4.4631	R	I		2.6528	0.0003	True	4.2300	4.6100		989a18637 (fp32, t_tetrakbt +300)		
mp-626151	Y2H2O4	8	P2_1/m (11)	FAILED_MAY	4.0528	6.1079	R	I		4.0550	0.0000	True	5.9100	6.2800		989a18637 (fp32, t_tetrakbt +300)		
mp-571442	Y2I6	8	R-3 (148)	FAILED_MAY	2.7980	4.8368	R	I		3.0414	0.0000	True	4.9000	5.3100		989a18637 (fp32, t_tetrakbt +300)		
mp-546011	Y2Zn2As2O2	8	P4/nmm (129)	GOOD	1.1070	1.9620	M	I		1.2015	0.0000	True	1.9900	2.1200		2026-04/05 (~/bin2, all-TF32 --mp)		
mp-12509	Y2Zn2P2O2	8	R-3m (166)	GOOD	1.1990	2.0400	M	I		1.3049	0.0000	True	2.1700	2.3400		2026-04/05 (~/bin2, all-TF32 --mp)		
mp-553243	YBi2BrO4	8	P4/mmm (123)	GOOD	1.2930	2.5300	M	I		1.3400	0.0000	True	2.5700	2.7700		2026-04/05 (~/bin2, all-TF32 --mp)		
mp-552604	YBi2ClO4	8	P4/mmm (123)	FAILED_MAY	1.3097	2.6286	R	I		1.3216	0.0000	True	2.6700	2.8800		989a18637 (fp32, t_tetrakbt +300)		
mp-551816	YBi2IO4	8	P4/mmm (123)	FAILED_MAY	1.2486	2.4607	R	I		1.4248	0.0000	True	2.5300	2.7200		989a18637 (fp32, t_tetrakbt +300)		
mp-4008	Zn2Ge2As4	8	I-42d (122)	GOOD	0.0076	1.0320	N	D		0.0000	0.0000	True	0.9800	1.2800	kt1	989a18637 (tf32, t_tetrakbt -300)		M=1.0280
mp-4524	Zn2Ge2P4	8	I-42d (122)	GOOD	1.1170	1.9630	M	I		1.1782	0.0000	True	1.9300	2.0600		2026-04/05 (~/bin2, all-TF32 --mp)		
mp-3595	Zn2Si2As4	8	I-42d (122)	NOTCONV_MAY	0.9515	1.7131	R	D		0.8902	0.0000	True	1.7300	1.8500		989a18637 (fp32, t_tetrakbt +300)		
mp-4763	Zn2Si2P4	8	I-42d (122)	GOOD	1.1990	1.9810	M	D		1.3641	0.0000	True	2.0600	2.1700		2026-04/05 (~/bin2, all-TF32 --mp)		
mp-4175	Zn2Sn2P4	8	I-42d (122)	NOTCONV_MAY	0.6569	1.5775	R	D		0.7059	0.0000	True	1.6100	1.8000		989a18637 (fp32, t_tetrakbt +300)		
mp-10281	Zn4S4	8	P6_3mc (186)	GOOD	1.9530	3.6840	M	D		2.0471	0.0011	True	3.6900	4.0800		2026-04/05 (~/bin2, all-TF32 --mp)		
mp-1079889	ZnAg2SnS4	8	I-42m (121)	GOOD	0.0070	1.2990	M	D		0.2182	0.0000	True	1.0500	1.5900		2026-04/05 (~/bin2, all-TF32 --mp)		
mp-6408	ZnCu2GeS4	8	I-42m (121)	GOOD	0.4030	1.4710	M	D		0.3562	0.0000	True	1.4200	1.7100		2026-04/05 (~/bin2, all-TF32 --mp)		
mp-1078498	ZnCu2SiTe4	8	I-42m (121)	GOOD	0.1654	0.9444	N	I		0.1590	0.0000	True	0.9100	1.1200	kt1	989a18637 (tf32, t_tetrakbt -300)		M=0.9590
mp-1079541	ZnCu2SnS4	8	I-4 (82)	GOOD	0.1250	1.1250	M	D		0.0944	0.0000	True	0.9200	1.3000		2026-04/05 (~/bin2, all-TF32 --mp)		
mp-13610	ZnPbF6	8	R-3 (148)	NOTCONV_MAY	1.9332	5.7015	R	D		1.9566	0.0000	True	5.5100	6.3900		989a18637 (fp32, t_tetrakbt +300)		
mp-13983	ZnPdF6	8	R-3 (148)	NOTCONV_MAY	1.5683	5.1026	R	D		1.5286	0.0000	True	4.8200	5.7900		989a18637 (fp32, t_tetrakbt +300)		
mp-8256	ZnPtF6	8	R-3 (148)	NOTCONV_MAY	2.0073	6.0023	R	D		2.0919	0.0000	True	5.9200	6.8300		989a18637 (fp32, t_tetrakbt +300)		
mp-13903	ZnSnF6	8	R-3 (148)	NOTCONV_MAY	3.6964	8.3653	R	D		3.7163	0.0000	True	8.4200	9.3500		989a18637 (fp32, t_tetrakbt +300)		
mp-9921	Zr2S6	8	P2_1/m (11)	DRIFT_GOOD	1.0295	2.3291	N	I	differs	1.0951	0.0000	True	2.3800	2.6000	kt1	989a18637 (tf32, t_tetrakbt -300)		M=2.4100
mp-1683	Zr2Se6	8	P2_1/m (11)	GOOD	0.4400	1.5190	M	I		0.3975	0.0000	True	1.5300	1.6700		2026-04/05 (~/bin2, all-TF32 --mp)		
