mpid	formula	natom	sg	category	lda	gap	adopt	di	flag	mp_pbe	ehull	icsd	old1	old2	host	version	dbnote	mlo_n	mlo_gapM	mlo_dVBM	mlo_dCBM	mlo_rms_m2d	mlo_max	mlo_check	mlo_variant	mlo_es	mlo_version	others
mp-1056418	Sr	1	P6/mmm (191)	TOO_LARGE	0.4365	1.6717	R	I	vs2025	0.3719	1.3997	True	0.0400	0.6500		989a18637 (fp32, t_tetrakbt +300)		13	1.8798	0.0519	0.2611	0.2399	0.8411	SKIPPED	b2	False	27d52b5af	
mp-23231	AgBr	2	Fm-3m (225)	GOOD	0.5288	2.4392	N	I		0.7304	0.0000	True	2.3600	2.8400	kr7	b695fa65c (tf32, t_tetrakbt -300)		18	2.4391	-0.0000	-0.0000	0.0008	0.0090	PASS	b1	False	fb2da026b	M=2.4390
mp-22922	AgCl	2	Fm-3m (225)	GOOD	0.7519	2.9231	N	I		0.9522	0.0000	True	2.8000	3.3500	kr7	b695fa65c (tf32, t_tetrakbt -300)		18	2.9232	0.0000	0.0000	0.0008	0.0086	PASS	b1	False	fb2da026b	M=2.9160
mp-22919	AgI	2	Fm-3m (225)	GOOD	0.5478	2.1029	N	I	differs	0.7684	0.0950	True	2.0800	2.4500	kr7	b695fa65c (tf32, t_tetrakbt -300)		18	2.1032	-0.0000	0.0000	0.0007	0.0061	PASS	b1	False	fb2da026b	M=1.9570
mp-22925	AgI	2	F-43m (216)	GOOD	1.1284	3.0061	N	D		1.3674	0.0024	True	2.9200	3.4100	kr7	b695fa65c (tf32, t_tetrakbt -300)		22	3.0062	-0.0001	0.0000	0.0007	0.0101	PASS	b2all	False	fb2da026b	M=3.0130
mp-2172	AlAs	2	F-43m (216)	GOOD	1.3568	2.2125	N	I		1.5007	0.0000	True	2.2900	2.4400	kr7	b695fa65c (tf32, t_tetrakbt -300)		22	2.2122	-0.0000	0.0000	0.0039	0.0323	PASS	b2	False	fb2da026b	M=2.2160
mp-1330	AlN	2	Fm-3m (225)	GOOD	4.3075	6.3701	N	I		4.4245	0.1720	True	6.6200	6.9000	kr7	b695fa65c (tf32, t_tetrakbt -300)		13	6.3699	-0.0001	-0.0001	0.0041	0.0255	PASS	b1	False	a1d6c0e11	M=6.3870
mp-1550	AlP	2	F-43m (216)	GOOD	1.4611	2.4800	N	I		1.6293	0.0000	True	2.5800	2.7300	kr7	b695fa65c (tf32, t_tetrakbt -300)		18	2.4799	-0.0000	0.0003	0.0074	0.0500	PASS	b1	False	96ec5c1ee	M=2.4900
mp-2624	AlSb	2	F-43m (216)	GOOD	1.1934	1.8926	N	I		1.2262	0.0000	True	1.9400	2.0500	kr7	b695fa65c (tf32, t_tetrakbt -300)		22	1.8783	0.0000	0.0019	0.0056	0.0595	PASS	b2	False	fb2da026b	M=1.8880
mp-10044	BAs	2	F-43m (216)	GOOD	1.1727	1.8638	N	I		1.2015	0.0804	True	1.9200	1.9900	kr7	b695fa65c (tf32, t_tetrakbt -300)		13	1.8475	0.0000	0.0051	0.0053	0.0276	PASS	b1	False	5baf562f0	M=1.8670
mp-1639	BN	2	F-43m (216)	GOOD	4.3880	6.3444	N	I	differs	4.4513	0.0774	True	6.5200	6.7800	kr7	b695fa65c (tf32, t_tetrakbt -300)		8	6.3445	-0.0001	0.0000	0.0065	0.0376	PASS	b1	False	0c4d16ceb	M=6.2500
mp-685145	BN	2	Fmm2 (42)	GOOD	3.5934	5.9549	E	I	differs	3.7682	0.0013	True	6.0800	6.4700	kr7	0601771b4 (tf32, t_tetrakbt -300) with ES, ES rule es-c		16	5.8929	0.0049	-0.0000	0.0582	0.2413	FAIR	b2all	True	c9932cbfc	M=5.8710;N=5.9555
mp-1479	BP	2	F-43m (216)	GOOD	1.2230	2.0540	N	I		1.2436	0.0000	True	2.1000	2.1800	kr7	b695fa65c (tf32, t_tetrakbt -300)		13	2.0179	-0.0001	0.0098	0.0036	0.0146	PASS	b1	False	96ec5c1ee	M=2.0630
mp-1342	BaO	2	Fm-3m (225)	FAILED_MAY	1.9922	4.1880	N	D		2.0906	0.0000	True	4.1700	4.6100	kt1	989a18637 (tf32, t_tetrakbt -300)		16	4.1872	0.0007	-0.0001	0.0030	0.0192	PASS	b1	False	fb2da026b	R=4.1883
mp-1500	BaS	2	Fm-3m (225)	FAILED_MAY	2.0523	3.9202	N	I		2.1513	0.0000	True	3.9400	4.3200	kt1	989a18637 (tf32, t_tetrakbt -300)		25	3.9201	-0.0001	0.0002	0.0092	0.0554	PASS	b2	False	fb2da026b	R=3.9202
mp-10680	BaSe	2	Pm-3m (221)	GOOD	1.1841	2.6888	N	I	differs	1.2126	0.2013	True	2.7100	3.0400	kr7	b695fa65c (tf32, t_tetrakbt -300)		21	2.6886	0.0000	0.0000	0.0047	0.0436	PASS	b1	False	a1d6c0e11	M=2.7510
mp-1253	BaSe	2	Fm-3m (225)	FAILED_MAY	1.8721	3.5732	N	I		1.9488	0.0000	True	3.5800	3.9600	kt1	989a18637 (tf32, t_tetrakbt -300)		25	3.5733	0.0001	0.0005	0.0123	0.0733	PASS	b2	False	fb2da026b	R=3.5734
mp-1000	BaTe	2	Fm-3m (225)	GOOD	1.5464	2.9637	N	I		1.5921	0.0000	True	2.9700	3.2800	kr7	b695fa65c (tf32, t_tetrakbt -300)		34	2.9636	-0.0000	0.0000	0.0029	0.0154	PASS	b2d	False	7d5dfe714	M=2.9330
mp-2600	BaTe	2	Pm-3m (221)	FAILED_MAY	0.7665	1.9478	N	I		0.7769	0.1651	True	1.9600	2.2200	kt1	989a18637 (tf32, t_tetrakbt -300)		25	1.9477	0.0001	0.0001	0.0021	0.0133	PASS	b2	False	fb2da026b	R=1.9476
mp-1794	BeO	2	Fm-3m (225)	GOOD	8.1897	11.0979	N	I	CHECK	8.1681	0.4815	True	11.2400	11.6900	kr7	b695fa65c (tf32, t_tetrakbt -300)		8	11.0982	-0.0007	-0.0000	0.0120	0.0797	PASS	b1	False	0c4d16ceb	M=11.3690
mp-422	BeS	2	F-43m (216)	GOOD	2.9347	4.6359	N	I	differs	3.1433	0.0000	True	4.8100	5.0500	kr7	b695fa65c (tf32, t_tetrakbt -300)		13	4.6364	-0.0001	0.0002	0.0020	0.0197	PASS	b1	False	614ab5eb8	M=4.5800
mp-1541	BeSe	2	F-43m (216)	GOOD	2.5123	3.9343	N	I		2.6701	0.0000	True	4.0900	4.2900	kr7	b695fa65c (tf32, t_tetrakbt -300)		17	3.9335	0.0000	-0.0001	0.0035	0.0138	PASS	b2	False	96ec5c1ee	M=3.9350
mp-252	BeTe	2	F-43m (216)	GOOD	1.9259	2.8585	N	I		2.0172	0.0000	True	2.9600	3.0900	kr7	b695fa65c (tf32, t_tetrakbt -300)		17	2.8581	0.0000	0.0001	0.0032	0.0407	PASS	b2	False	fb2da026b	M=2.8810
mp-169	C2	2	R-3m (166)	NOTCONV_MAY	1.6639	2.5192	N		path-metal LDA≠PBE vs2025	0.1981	0.0008	True	0.3500	0.3500	kt1	989a18637 (tf32, t_tetrakbt -300)	graphite-like: the bands cross E_F at K, which the 8x8x8 mesh misses; a semimetal, the gap on the mesh is not physical	8	0.1916	-0.0051	-0.0018	0.0058	0.0307	PASS	b1	False	fb2da026b	R=2.5190
mp-66	C2	2	Fd-3m (227)	GOOD	4.1726	5.7984	N	I		4.1144	0.1123	True	5.8700	6.0200	kr7	b695fa65c (tf32, t_tetrakbt -300)		8	5.7964	-0.0001	-0.0009	0.0119	0.0428	PASS	b1	False	614ab5eb8	M=5.8080
mp-2605	CaO	2	Fm-3m (225)	NOTCONV_MAY	3.5181	6.6015	N	I		3.6363	0.0000	True	6.6900	7.3300	kt1	989a18637 (tf32, t_tetrakbt -300)		13	6.6015	-0.0000	-0.0001	0.0032	0.0287	PASS	b1	False	fb2da026b	R=6.6014
mp-1672	CaS	2	Fm-3m (225)	GOOD	2.1768	4.3403	N	I		2.3766	0.0000	True	4.4100	4.8300	kr7	b695fa65c (tf32, t_tetrakbt -300)		18	4.3405	-0.0001	-0.0000	0.0011	0.0089	PASS	b1	False	0c4d16ceb	M=4.3850
mp-1415	CaSe	2	Fm-3m (225)	FAILED_MAY	1.9161	3.8477	N	I		2.0764	0.0000	True	3.9400	4.2900	kt1	989a18637 (tf32, t_tetrakbt -300)		18	3.8476	-0.0001	-0.0000	0.0035	0.0204	PASS	b1	False	fb2da026b	R=3.8481
mp-1519	CaTe	2	Fm-3m (225)	FAILED_MAY	1.4520	2.9634	N	I		1.5527	0.0000	True	3.0600	3.3100	kt1	989a18637 (tf32, t_tetrakbt -300)		22	2.9637	-0.0000	0.0002	0.0055	0.0481	PASS	b2	False	fb2da026b	R=2.9634
mp-2469	CdS	2	F-43m (216)	GOOD	0.8229	2.3347	N	D		1.0453	0.0027	True	2.2200	2.6800	kr7	b695fa65c (tf32, t_tetrakbt -300)		18	2.3451	-0.0000	0.0104	0.0072	0.0425	PASS	b1	False	fb2da026b	M=2.3360
mp-370	CdS	2	Fm-3m (225)	GOOD	0.4826	1.3048	N	I		0.2793	0.1334	True	0.9900	1.6200	kr7	b695fa65c (tf32, t_tetrakbt -300)		18	1.2910	0.0010	-0.0000	0.0020	0.0108	PASS	b1	False	614ab5eb8	M=1.3290
mp-2691	CdSe	2	F-43m (216)	GOOD	0.2879	1.7253	N	D		0.5095	0.0006	True	1.5300	2.0600	kr7	b695fa65c (tf32, t_tetrakbt -300)		18	1.7422	-0.0000	0.0172	0.0113	0.0545	PASS	b1	False	fb2da026b	M=1.7360
mp-406	CdTe	2	F-43m (216)	GOOD	0.4051	1.6737	N	D		0.5867	0.0000	True	1.6000	1.9800	kr7	b695fa65c (tf32, t_tetrakbt -300)		22	1.6742	0.0001	0.0005	0.0029	0.0202	PASS	b2	False	614ab5eb8	M=1.6640
mp-2667	CsAu	2	Pm-3m (221)	FAILED_MAY	0.9280	2.3662	N	I		1.0233	0.0000	True	2.4900	2.7200	kt1	989a18637 (tf32, t_tetrakbt -300)		21	2.3663	0.0000	0.0002	0.0012	0.0126	PASS	b1	False	fb2da026b	R=2.3664
mp-22906	CsBr	2	Pm-3m (221)	FAILED_MAY	4.2650	6.9712	N	D		4.2433	0.0000	True	7.1300	7.6400	kt1	989a18637 (tf32, t_tetrakbt -300)		25	6.9710	-0.0001	-0.0001	0.0011	0.0095	PASS	b2	False	fb2da026b	R=6.9711
mp-571222	CsBr	2	Fm-3m (225)	FAILED_MAY	4.1044	7.0497	N	D		4.2575	0.0051	True	7.2500	7.8300	kt1	989a18637 (tf32, t_tetrakbt -300)		34	7.0497	-0.0001	-0.0001	0.0031	0.0286	PASS	b2d	False	fb2da026b	R=7.0498
mp-22865	CsCl	2	Pm-3m (221)	FAILED_MAY	5.0411	7.9776	N	D		4.9884	0.0000	True	8.1400	8.7100	kt1	989a18637 (tf32, t_tetrakbt -300)		25	7.9776	-0.0001	-0.0001	0.0012	0.0096	PASS	b2	False	fb2da026b	R=7.9775
mp-573697	CsCl	2	Fm-3m (225)	FAILED_MAY	4.6308	7.8125	N	I		4.8482	0.0071	True	8.0000	8.6000	kt1	989a18637 (tf32, t_tetrakbt -300)		34	7.8121	0.0000	-0.0001	0.0032	0.0274	PASS	b2d	False	fb2da026b	R=7.8126
mp-1784	CsF	2	Fm-3m (225)	FAILED_MAY	5.2453	8.8721	N	I		5.2626	0.0000	True	8.9300	9.7300	kt1	989a18637 (tf32, t_tetrakbt -300)		21	8.8720	0.0000	-0.0001	0.0080	0.1049	OK	b2	False	1fd34b1c0	R=8.8718
mp-8455	CsF	2	Pm-3m (221)	FAILED_MAY	6.0063	9.6353	N	D		5.9380	0.1088	True	9.7200	10.5400	kt1	989a18637 (tf32, t_tetrakbt -300)		21	9.6354	-0.0001	0.0001	0.0031	0.0261	PASS	b2	False	fb2da026b	R=9.6365
mp-1057286	CsH	2	Fm-3m (225)	GOOD	1.9565	4.6667	N	D	differs	2.3476	0.0000	True	4.5500	5.2300	kr7	b695fa65c (tf32, t_tetrakbt -300)		29	4.6666	0.0001	-0.0001	0.0059	0.0239	PASS	b2d	False	7d5dfe714	M=4.5960
mp-632319	CsH	2	Pm-3m (221)	FAILED_MAY	2.3024	4.7017	N	I		2.5693	0.0161	True	4.6600	5.2600	kt1	989a18637 (tf32, t_tetrakbt -300)		16	4.7016	-0.0001	0.0000	0.0039	0.0225	PASS	b1	False	fb2da026b	R=4.7018
mp-1056920	CsI	2	Pm-3m (221)	GOOD	3.4042	5.8361	N	I	differs	3.6770	0.0325	True	5.9900	6.4500	kr7	b695fa65c (tf32, t_tetrakbt -300)		25	5.8358	0.0000	-0.0000	0.0032	0.0175	PASS	b2	False	614ab5eb8	M=5.7480
mp-614603	CsI	2	Fm-3m (225)	FAILED_MAY	3.5944	6.0853	E	D	CHECK	3.8556	0.0000	True	6.4900	6.9900	kt1	0601771b4 (tf32, t_tetrakbt -300) with ES, ES rule es-c		29	6.0850	-0.0000	0.0000	0.0013	0.0111	PASS	b1	True	a45169f3c	E1=6.0848;N=6.3065;R=6.3070
mp-22913	CuBr	2	F-43m (216)	DRIFT_GOOD	0.4387	2.4335	N	D		0.4871	0.0000	True	2.0800	2.8300	kt1	989a18637 (tf32, t_tetrakbt -300)		22	2.4337	-0.0001	-0.0001	0.0009	0.0055	PASS	b2all	False	fb2da026b	M=2.4100
mp-570354	CuBr	2	Fm-3m (225)	GOOD	0.1550	1.9334	N	I		0.2019	0.1805	True	1.6800	2.2200	kr7	b695fa65c (tf32, t_tetrakbt -300)		18	1.9334	-0.0000	0.0000	0.0017	0.0178	PASS	b1	False	614ab5eb8	M=1.9250
mp-22914	CuCl	2	F-43m (216)	GOOD	0.5751	2.7041	N	D		0.5646	0.0023	True	2.3900	3.1100	kr7	b695fa65c (tf32, t_tetrakbt -300)		18	2.7330	-0.0001	0.0289	0.0104	0.0887	PASS	b1	False	fb2da026b	M=2.7270
mp-571386	CuCl	2	Fm-3m (225)	GOOD	0.3566	2.3046	N	I		0.3261	0.1781	True	1.9000	2.5800	kr7	b695fa65c (tf32, t_tetrakbt -300)		18	2.3047	-0.0000	-0.0000	0.0013	0.0106	PASS	b1	False	614ab5eb8	M=2.3240
mp-22895	CuI	2	F-43m (216)	GOOD	1.1090	2.8047	N	D	differs	1.1763	0.0071	True	2.7000	3.1100	kr7	b695fa65c (tf32, t_tetrakbt -300)		22	2.8048	-0.0001	-0.0000	0.0028	0.0285	PASS	b2all	False	fb2da026b	M=2.8570
mp-2534	GaAs	2	F-43m (216)	GOOD	0.0000	1.0525	N	D		0.1839	0.0000	True	1.0300	1.3300	kr7	b695fa65c (tf32, t_tetrakbt -300)		23	1.0593	0.0000	0.0068	0.0072	0.0649	PASS	b1	False	fb2da026b	M=1.0440
mp-2853	GaN	2	Fm-3m (225)	GOOD	0.2195	1.5313	N	I		0.4207	0.4790	True	1.6000	1.8000	kr7	b695fa65c (tf32, t_tetrakbt -300)		18	1.4905	-0.0000	-0.0001	0.0041	0.0174	PASS	b1	False	fb2da026b	M=1.5070
mp-2490	GaP	2	F-43m (216)	GOOD	1.4960	2.2860	N	I		1.5917	0.0000	True	2.3300	2.4700	kr7	b695fa65c (tf32, t_tetrakbt -300)		23	2.2726	0.0000	0.0018	0.0060	0.0973	PASS	b1	False	fb2da026b	M=2.2910
mp-10759	GeSe	2	Fm-3m (225)	GOOD	0.1316	0.1953	N	I		0.0153	0.0612	True	0.0900	0.1000	kr7	b695fa65c (tf32, t_tetrakbt -300)		18	0.0992	-0.0010	-0.0000	0.0037	0.0140	PASS	b1	False	a1d6c0e11	M=0.1950
mp-2612	GeTe	2	Fm-3m (225)	GOOD	0.4105	0.4368	N	D		0.3492	0.0203	True	0.4500	0.4400	kr7	b695fa65c (tf32, t_tetrakbt -300)		18	0.4367	0.0001	-0.0000	0.0055	0.0231	PASS	b1	False	fb2da026b	M=0.4410
mp-938	GeTe	2	R3m (160)	GOOD	0.5443	0.6732	N	I		0.5649	0.0000	True	0.9200	0.9100	kr7	b695fa65c (tf32, t_tetrakbt -300)		18	0.8747	0.0052	0.0004	0.0020	0.0120	PASS	b1	False	614ab5eb8	M=0.6620
mp-632291	H2	2	I4/mmm (139)	GOOD	8.3099	14.4785	E	I	differs vs2025	8.8499	0.0030	True	8.2900	8.2900	kr7	0601771b4 (tf32, t_tetrakbt -300) with ES, ES rule es-a	MLO by hand from 2026-10-07 (variant x_s_only): H s + EH2 s + ES s only (6 MLOs), max 0.114 eV (inner 0.109); the standard b2 (EH2 s,p) 0.525 eV with a singular MLO overlap	6	14.4690	0.0094	-0.0018	0.0326	0.1143	FAIR	x_s_only	True	d2878d537	M=14.6320;N=14.6757
mp-20351	InP	2	F-43m (216)	GOOD	0.3653	1.2286	N	D		0.4664	0.0000	True	1.2300	1.4400	kr7	b695fa65c (tf32, t_tetrakbt -300)		23	1.2363	-0.0000	0.0078	0.0060	0.0427	PASS	b1	False	fb2da026b	M=1.2300
mp-23251	KBr	2	Fm-3m (225)	FAILED_MAY	4.2674	7.2771	N	D		4.3207	0.0000	True	7.4200	8.0300	kt1	989a18637 (tf32, t_tetrakbt -300)		25	7.2767	-0.0002	-0.0000	0.0026	0.0301	PASS	b2	False	fb2da026b	R=7.2775
mp-570891	KBr	2	Pm-3m (221)	FAILED_MAY	3.7427	6.5175	N	I		3.8779	0.0731	True	6.6200	7.2100	kt1	989a18637 (tf32, t_tetrakbt -300)		25	6.5173	0.0000	-0.0000	0.0018	0.0174	PASS	b2	False	fb2da026b	R=6.5172
mp-23193	KCl	2	Fm-3m (225)	GOOD	4.9598	8.3072	N	D	differs	5.0448	0.0000	True	8.4700	9.1400	kr7	b695fa65c (tf32, t_tetrakbt -300)		25	8.3072	-0.0001	-0.0001	0.0022	0.0171	PASS	b2	False	fb2da026b	M=8.1910
mp-23289	KCl	2	Pm-3m (221)	GOOD	4.6603	7.7847	N	I		4.8003	0.0776	True	7.9100	8.5800	kr7	b695fa65c (tf32, t_tetrakbt -300)		25	7.7844	0.0001	-0.0001	0.0020	0.0150	PASS	b2	False	fb2da026b	M=7.7630
mp-463	KF	2	Fm-3m (225)	GOOD	6.1115	10.4949	N	D		5.9494	0.0000	True	10.5300	11.5700	kr7	b695fa65c (tf32, t_tetrakbt -300)		16	10.4949	-0.0000	-0.0001	0.0029	0.0299	PASS	b1	False	614ab5eb8	M=10.5160
mp-8454	KF	2	Pm-3m (221)	GOOD	6.3129	10.5786	N	I		6.2747	0.1030	True	10.4800	11.5600	kr7	b695fa65c (tf32, t_tetrakbt -300)		16	10.5784	-0.0001	-0.0001	0.0040	0.0361	PASS	b1	False	614ab5eb8	M=10.5440
mp-24084	KH	2	Fm-3m (225)	GOOD	3.0675	6.3826	N	D	differs	3.4349	0.0000	True	6.3000	7.1300	kr7	b695fa65c (tf32, t_tetrakbt -300)		16	6.3786	0.0039	-0.0000	0.0100	0.0557	PASS	b1	False	fb2da026b	M=6.3250
mp-22898	KI	2	Fm-3m (225)	FAILED_MAY	3.6734	6.3362	N	D		3.8513	0.0000	True	6.4700	7.0200	kt1	989a18637 (tf32, t_tetrakbt -300)		34	6.3360	-0.0001	-0.0001	0.0026	0.0178	PASS	b2d	False	fb2da026b	R=6.3362
mp-22901	KI	2	Pm-3m (221)	FAILED_MAY	3.0812	5.4342	N	I		3.2404	0.0603	True	5.5200	6.0200	kt1	989a18637 (tf32, t_tetrakbt -300)		25	5.4341	0.0000	-0.0000	0.0023	0.0157	PASS	b2	False	fb2da026b	R=5.4337
mp-23259	LiBr	2	Fm-3m (225)	GOOD	5.0697	7.6616	N	D	differs	4.9234	0.0099	True	7.8400	8.3100	kr7	b695fa65c (tf32, t_tetrakbt -300)		13	7.6592	-0.0016	0.0002	0.0033	0.0221	PASS	b1	False	fb2da026b	M=7.5950
mp-22905	LiCl	2	Fm-3m (225)	DRIFT_GOOD	6.4146	9.4256	N	D		6.2500	0.0243	True	9.5900	10.1300	kt1	989a18637 (tf32, t_tetrakbt -300)		13	9.4249	-0.0016	-0.0000	0.0036	0.0271	PASS	b1	False	fb2da026b	M=9.3840
mp-1138	LiF	2	Fm-3m (225)	GOOD	8.7915	13.6764	N	D	differs	8.7161	0.0000	True	13.9900	14.8500	kr7	b695fa65c (tf32, t_tetrakbt -300)		8	13.6737	0.0025	-0.0002	0.0045	0.0381	PASS	b1	False	a1d6c0e11	M=13.4830
mp-23703	LiH	2	Fm-3m (225)	GOOD	2.6257	5.5512	N	D	vs2025	2.9810	0.0000	True	2.6300	2.6300	kr7	b695fa65c (tf32, t_tetrakbt -300)	2025 values equal to LDA (the 2025 QSGW of LiH had not run)	8	5.5513	-0.0001	-0.0000	0.0145	0.0535	PASS	b1	False	fb2da026b	M=5.5460
mp-22899	LiI	2	Fm-3m (225)	GOOD	4.2942	6.2417	N	I		4.2306	0.0287	True	6.4000	6.7100	kr7	b695fa65c (tf32, t_tetrakbt -300)		13	6.2317	-0.0011	0.0000	0.0038	0.0460	PASS	b1	False	fb2da026b	M=6.2180
mp-1009129	MgO	2	P-6m2 (187)	GOOD	3.0397	5.8869	N	I	CHECK	3.0483	0.3375	True	5.8500	6.4300	kr7	b695fa65c (tf32, t_tetrakbt -300)		13	5.8770	-0.0004	-0.0000	0.0032	0.0171	PASS	b1	False	a1d6c0e11	M=6.1220
mp-1265	MgO	2	Fm-3m (225)	GOOD	4.8916	8.1828	N	D	differs	4.4292	0.0000	True	8.2900	8.8900	kr7	b695fa65c (tf32, t_tetrakbt -300)	May 8.33 vs 8.18 eV: traced to the old all-TF32 --mp of the May production (README, reliability of M)	13	8.1829	-0.0001	-0.0000	0.0024	0.0121	PASS	b1	False	a1d6c0e11	M=8.3260
mp-1315	MgS	2	Fm-3m (225)	GOOD	2.5675	4.5243	N	I		2.7574	0.0000	True	4.6700	4.9800	kr7	b695fa65c (tf32, t_tetrakbt -300)		18	4.5244	-0.0000	-0.0001	0.0016	0.0090	PASS	b1	False	a1d6c0e11	M=4.5160
mp-10760	MgSe	2	Fm-3m (225)	GOOD	1.6527	3.2345	N	I		1.7609	0.0101	True	3.3600	3.6200	kr7	b695fa65c (tf32, t_tetrakbt -300)		18	3.2341	-0.0001	-0.0001	0.0020	0.0081	PASS	b1	False	a1d6c0e11	M=3.2550
mp-22916	NaBr	2	Fm-3m (225)	GOOD	4.1093	7.0408	N	D		4.0895	0.0000	True	7.2000	7.7500	kr7	b695fa65c (tf32, t_tetrakbt -300)		18	7.0435	-0.0001	0.0027	0.0098	0.0668	PASS	b1	False	fb2da026b	M=7.0770
mp-22851	NaCl	2	Pm-3m (221)	GOOD	3.8849	6.9487	N	I	differs	3.9793	0.1544	True	7.0800	7.6900	kr7	b695fa65c (tf32, t_tetrakbt -300)		18	6.9487	0.0000	0.0000	0.0009	0.0068	PASS	b1	False	fb2da026b	M=6.7900
mp-22862	NaCl	2	Fm-3m (225)	GOOD	5.0218	8.4156	N	D	differs	5.0037	0.0000	True	8.5700	9.2400	kr7	b695fa65c (tf32, t_tetrakbt -300)		18	8.4157	-0.0001	0.0001	0.0021	0.0188	PASS	b1	False	fb2da026b	M=8.3460
mp-682	NaF	2	Fm-3m (225)	NOTCONV_MAY	6.4281	11.4844	N	D		6.0951	0.0000	True	11.7200	12.7000	kt1	989a18637 (tf32, t_tetrakbt -300)		13	11.4844	-0.0001	-0.0001	0.0011	0.0103	PASS	b1	False	fb2da026b	R=11.4842
mp-23870	NaH	2	Fm-3m (225)	DRIFT_GOOD	3.4695	6.7177	N	I		3.7652	0.0000	True	6.4200	7.3000	kt1	989a18637 (tf32, t_tetrakbt -300)		13	6.7175	-0.0000	-0.0000	0.0079	0.0266	PASS	b1	False	fb2da026b	M=6.7320
mp-23268	NaI	2	Fm-3m (225)	GOOD	3.5083	5.9464	N	D		3.5687	0.0000	True	6.0700	6.5300	kr7	b695fa65c (tf32, t_tetrakbt -300)		22	5.9464	-0.0001	-0.0001	0.0024	0.0121	PASS	b2	False	fb2da026b	M=5.9080
mp-21276	PbS	2	Fm-3m (225)	GOOD	0.3335	0.7473	N	D		0.4671	0.0000	True	0.7300	0.7600	kr7	b695fa65c (tf32, t_tetrakbt -300)		18	0.7475	-0.0000	-0.0001	0.0014	0.0077	PASS	b1	False	fb2da026b	M=0.7520
mp-2201	PbSe	2	Fm-3m (225)	GOOD	0.3026	0.7100	N	D		0.4266	0.0000	True	0.7100	0.8000	kr7	b695fa65c (tf32, t_tetrakbt -300)		18	0.7101	0.0000	0.0000	0.0028	0.0175	PASS	b1	False	fb2da026b	M=0.7220
mp-30373	RbAu	2	Pm-3m (221)	FAILED_MAY	0.1676	1.4787	N	I		0.3699	0.0000	True	1.5600	1.7900	kt1	989a18637 (tf32, t_tetrakbt -300)		21	1.4788	0.0000	0.0000	0.0006	0.0047	PASS	b1	False	fb2da026b	R=1.4788
mp-22867	RbBr	2	Fm-3m (225)	FAILED_MAY	4.0836	7.1032	N	D		4.1920	0.0000	True	7.2800	7.8500	kt1	989a18637 (tf32, t_tetrakbt -300)		25	7.1030	-0.0000	-0.0000	0.0053	0.0753	PASS	b2	False	fb2da026b	R=7.1034
mp-23303	RbBr	2	Pm-3m (221)	FAILED_MAY	3.9408	6.7125	N	I		3.9211	0.0316	True	6.9000	7.4100	kt1	989a18637 (tf32, t_tetrakbt -300)		25	6.7128	0.0001	-0.0001	0.0016	0.0127	PASS	b2	False	fb2da026b	R=6.7125
mp-23295	RbCl	2	Fm-3m (225)	FAILED_MAY	4.6792	7.9828	N	D		4.8388	0.0000	True	8.1600	8.7900	kt1	989a18637 (tf32, t_tetrakbt -300)		25	7.9829	-0.0001	-0.0000	0.0032	0.0455	PASS	b2	False	fb2da026b	R=7.9827
mp-23299	RbCl	2	Pm-3m (221)	FAILED_MAY	4.8003	7.8856	N	I		4.7794	0.0298	True	8.0800	8.6600	kt1	989a18637 (tf32, t_tetrakbt -300)		30	7.8856	0.0000	-0.0000	0.0034	0.0207	PASS	b2	False	fb2da026b	R=7.8855
mp-2064	RbF	2	Pm-3m (221)	GOOD	6.4986	10.4809	N	D	CHECK	5.9050	0.0516	True	10.4900	11.3900	kr7	b695fa65c (tf32, t_tetrakbt -300)		13	10.4809	-0.0003	-0.0001	0.0082	0.0718	PASS	b1	False	fb2da026b	M=10.2760
mp-24721	RbH	2	Fm-3m (225)	GOOD	2.5273	5.5077	N	D	differs	2.9164	0.0000	True	5.4000	6.1200	kr7	b695fa65c (tf32, t_tetrakbt -300)		16	5.5038	0.0040	0.0000	0.0118	0.0715	PASS	b1	False	fb2da026b	M=5.4310
mp-22903	RbI	2	Fm-3m (225)	FAILED_MAY	3.5627	6.1055	E	D	differs	3.7765	0.0000	True	6.4600	6.9900	kt1	0601771b4 (tf32, t_tetrakbt -300) with ES, ES rule es-c		23	6.1057	-0.0000	0.0000	0.0018	0.0268	PASS	b1	True	f16f0ea3d	E1=6.1041;N=6.2771;R=6.2770
mp-23302	RbI	2	Pm-3m (221)	FAILED_MAY	3.1368	5.5631	N	I		3.3463	0.0297	True	5.7000	6.1600	kt1	989a18637 (tf32, t_tetrakbt -300)		25	5.5631	0.0000	-0.0000	0.0016	0.0117	PASS	b2	False	fb2da026b	R=5.5630
mp-149	Si2	2	Fd-3m (227)	GOOD	0.5310	1.2008	N	I		0.6103	0.0000	True	1.2500	1.3200	kr7	b695fa65c (tf32, t_tetrakbt -300)		18	1.1500	-0.0001	-0.0009	0.0047	0.0299	PASS	b1	False	96ec5c1ee	M=1.1990
mp-8062	SiC	2	F-43m (216)	GOOD	1.3216	2.3531	N	I		1.3710	0.0002	True	2.4600	2.5700	kr7	b695fa65c (tf32, t_tetrakbt -300)		13	2.3517	-0.0000	0.0000	0.0030	0.0111	PASS	b1	False	614ab5eb8	M=2.3420
mp-10013	SnS	2	F-43m (216)	GOOD	0.0589	0.5446	N	I		0.1654	0.2784	True	0.4300	0.6400	kr7	b695fa65c (tf32, t_tetrakbt -300)		18	0.5483	0.0001	0.0040	0.0125	0.0702	PASS	b1	False	5baf562f0	M=0.5490
mp-1876	SnS	2	Fm-3m (225)	GOOD	0.6263	0.7798	N	D	path<mesh(mesh) vs2025	0.0492	0.0916	True	0.0600	0.0800	kr7	b695fa65c (tf32, t_tetrakbt -300)		18	0.2218	0.0041	-0.0019	0.0016	0.0091	PASS	b1	False	0c4d16ceb	M=0.7890
mp-2693	SnSe	2	Fm-3m (225)	GOOD	0.5802	0.7942	N	D	path<mesh(mesh) vs2025	0.1655	0.0412	True	0.1100	0.0800	kr7	b695fa65c (tf32, t_tetrakbt -300)		18	0.2467	-0.0030	-0.0075	0.0035	0.0198	PASS	b1	False	fb2da026b	M=0.7890
mp-16364	SnTe	2	F-43m (216)	GOOD	0.0123	0.3201	E	I		0.0774	0.2525	True	0.4000	0.4000	kr7	0601771b4 (tf32, t_tetrakbt -300) with ES, ES rule es-c		20	0.3197	0.0004	-0.0000	0.0008	0.0027	PASS	b1	True	f16f0ea3d	E1=0.3160;M=0.3040;N=0.3054
mp-1883	SnTe	2	Fm-3m (225)	GOOD	0.0040	0.0533	N	D	CHECK	0.0419	0.0000	True	0.0700	0.0600	kr7	b695fa65c (tf32, t_tetrakbt -300)		18	0.0532	0.0002	0.0000	0.0040	0.0159	PASS	b1	False	0c4d16ceb	M=0.3660
mp-2472	SrO	2	Fm-3m (225)	GOOD	3.1821	5.5444	N	I	differs	3.2760	0.0000	True	5.5700	6.0200	kr7	b695fa65c (tf32, t_tetrakbt -300)		16	5.5443	-0.0001	-0.0002	0.0069	0.0600	PASS	b1	False	fb2da026b	M=5.4280
mp-10627	SrS	2	Pm-3m (221)	GOOD	1.6204	3.2803	N	I		1.7896	0.2996	True	3.3400	3.6600	kr7	b695fa65c (tf32, t_tetrakbt -300)		18	3.2799	-0.0000	-0.0000	0.0024	0.0180	PASS	b1	False	a1d6c0e11	M=3.3260
mp-1087	SrS	2	Fm-3m (225)	FAILED_MAY	2.3036	4.1724	N	I		2.4968	0.0000	True	4.2300	4.6000	kt1	989a18637 (tf32, t_tetrakbt -300)	bands drawn again (job_band had failed without atmpnu)	21	4.1725	-0.0001	0.0000	0.0030	0.0197	PASS	b1	False	a1d6c0e11	R=4.1725
mp-2758	SrSe	2	Fm-3m (225)	FAILED_MAY	2.0770	3.7673	N	I		2.2313	0.0000	True	3.8400	4.1600	kt1	989a18637 (tf32, t_tetrakbt -300)		18	3.7670	0.0000	0.0001	0.0073	0.0749	PASS	b1	False	fb2da026b	R=3.7675
mp-10653	SrTe	2	Pm-3m (221)	GOOD	0.3454	1.3600	N	D		0.4699	0.2415	True	1.4100	1.6000	kr7	b695fa65c (tf32, t_tetrakbt -300)		18	1.3598	0.0001	-0.0000	0.0019	0.0134	PASS	b1	False	a1d6c0e11	M=1.3630
mp-1958	SrTe	2	Fm-3m (225)	FAILED_MAY	1.6545	2.9903	N	I		1.7616	0.0000	True	3.0400	3.3100	kt1	989a18637 (tf32, t_tetrakbt -300)		22	2.9904	0.0000	0.0004	0.0078	0.0531	PASS	b2	False	fb2da026b	R=2.9899
mp-19717	TePb	2	Fm-3m (225)	GOOD	0.7402	1.0938	N	D		0.8063	0.0000	True	1.1500	1.2000	kr7	b695fa65c (tf32, t_tetrakbt -300)		18	1.0936	0.0004	0.0002	0.0036	0.0159	PASS	b1	False	fb2da026b	M=1.1010
mp-22875	TlBr	2	Pm-3m (221)	GOOD	1.8512	3.1688	N	D	differs	1.9861	0.0046	True	3.2100	3.4800	kr7	b695fa65c (tf32, t_tetrakbt -300)		23	3.1689	0.0001	0.0000	0.0016	0.0155	PASS	b1	False	fb2da026b	M=3.0660
mp-568560	TlBr	2	Fm-3m (225)	GOOD	2.0603	3.5626	N	D	differs	2.2962	0.0047	True	3.5900	3.8900	kr7	b695fa65c (tf32, t_tetrakbt -300)		23	3.5628	0.0001	0.0004	0.0027	0.0232	PASS	b1	False	614ab5eb8	M=3.7260
mp-23167	TlCl	2	Pm-3m (221)	GOOD	2.0075	3.4662	N	D		2.1811	0.0013	True	3.5000	3.7900	kr7	b695fa65c (tf32, t_tetrakbt -300)		23	3.4662	0.0000	0.0000	0.0015	0.0141	PASS	b1	False	fb2da026b	M=3.4810
mp-569639	TlCl	2	Fm-3m (225)	NOTCONV_MAY	2.2610	3.9418	N	D		2.5369	0.0062	True	3.9800	4.3000	kt1	989a18637 (tf32, t_tetrakbt -300)		23	3.9420	0.0001	0.0002	0.0012	0.0082	PASS	b1	False	fb2da026b	R=3.9426
mp-23197	TlI	2	Pm-3m (221)	FAILED_MAY	1.6079	2.7212	N	I		1.8108	0.0208	True	2.7100	2.9200	kt1	989a18637 (tf32, t_tetrakbt -300)		23	2.6746	-0.0017	0.0001	0.0010	0.0090	PASS	b1	False	fb2da026b	R=2.7213
mp-571102	TlI	2	Fm-3m (225)	GOOD	1.9726	3.2629	N	D		2.2076	0.0000	True	3.3100	3.5500	kr7	b695fa65c (tf32, t_tetrakbt -300)		23	3.2639	0.0016	0.0024	0.0083	0.0749	PASS	b1	False	614ab5eb8	M=3.2520
mp-2114	YN	2	Fm-3m (225)	GOOD	0.1151	0.9884	N	I		0.1421	0.0000	True	0.9200	1.1800	kr7	b695fa65c (tf32, t_tetrakbt -300)		13	0.9878	-0.0001	-0.0001	0.0023	0.0129	PASS	b1	False	fb2da026b	M=0.9970
mp-1986	ZnO	2	F-43m (216)	NOTCONV_MAY	0.6488	3.0374	N	D		0.6311	0.0081	True	2.7000	3.4700	kt1	989a18637 (tf32, t_tetrakbt -300)		13	3.0377	-0.0004	-0.0000	0.0006	0.0057	PASS	b1	False	fb2da026b	R=3.0379
mp-2229	ZnO	2	Fm-3m (225)	GOOD	0.7348	2.7825	N	I		0.7195	0.1473	True	2.6800	3.1200	kr7	b695fa65c (tf32, t_tetrakbt -300)		13	2.7826	-0.0001	0.0000	0.0015	0.0086	PASS	b1	False	fb2da026b	M=2.7440
mp-10695	ZnS	2	F-43m (216)	GOOD	1.9181	3.6949	N	D		2.0186	0.0001	True	3.7000	4.0700	kr7	b695fa65c (tf32, t_tetrakbt -300)		18	3.7179	-0.0000	0.0230	0.0079	0.0588	PASS	b1	False	a1d6c0e11	M=3.6770
mp-1190	ZnSe	2	F-43m (216)	GOOD	1.0598	2.7483	N	D		1.1687	0.0000	True	2.7400	3.1400	kr7	b695fa65c (tf32, t_tetrakbt -300)		18	2.7765	-0.0001	0.0281	0.0110	0.0691	PASS	b1	False	a1d6c0e11	M=2.7290
mp-2176	ZnTe	2	F-43m (216)	GOOD	1.0106	2.4489	N	D		1.0782	0.0000	True	2.4900	2.7900	kr7	b695fa65c (tf32, t_tetrakbt -300)		22	2.4497	0.0001	0.0009	0.0034	0.0281	PASS	b2	False	fb2da026b	M=2.4340
mp-9519	AgCN	3	R3m (160)	GOOD	3.5923	6.8156	N	I		3.6601	0.3442	True	6.9200	7.4100	kr7	b695fa65c (tf32, t_tetrakbt -300)		29	6.7985	-0.0014	0.0001	0.0041	0.0319	PASS	b2d	False	1fd34b1c0	M=6.7750
mp-7188	Al2Os	3	I4/mmm (139)	GOOD	0.4057	0.9839	N	I	path<mesh(mesh)	0.2899	0.0000	True	0.8500	0.9300	kr7	b695fa65c (tf32, t_tetrakbt -300)		27	0.8042	-0.0158	0.0007	0.0033	0.0197	PASS	b1	False	614ab5eb8	M=1.0060
mp-29196	AuCN	3	P6mm (183)	GOOD	1.7703	3.8122	E	I	differs	1.8610	0.2506	True	3.8000	4.1900	kr7	0601771b4 (tf32, t_tetrakbt -300) with ES, ES rule es-c		19	3.7798	-0.0008	0.0002	0.0021	0.0290	PASS	b1	True	f16f0ea3d	E1=3.7968;M=3.8770;N=3.8180
mp-1018141	BaC2	3	R-3m (166)	DRIFT_GOOD	1.3251	3.2898	N	I		1.3861	0.2412	True	3.3100	3.7300	kt1	989a18637 (tf32, t_tetrakbt -300)		32	3.2897	-0.0000	-0.0000	0.0062	0.0298	PASS	b2	False	a1d6c0e11	M=3.2540
mp-1735	BaC2	3	I4/mmm (139)	GOOD	1.5192	3.8636	N	I		1.6220	0.1598	True	3.9700	4.4000	kr7	b695fa65c (tf32, t_tetrakbt -300)		32	3.8613	0.0044	0.0001	0.0071	0.0592	PASS	b2	False	0c4d16ceb	M=3.8720
mp-568662	BaCl2	3	Fm-3m (225)	FAILED_MAY	5.2135	7.9983	E	I		5.4291	0.0000	True	8.0500	8.6600	kr7	0601771b4 (tf32, t_tetrakbt -300) with ES, ES rule es-c		34	7.9981	0.0001	-0.0000	0.0006	0.0053	PASS	b1	True	a45169f3c	E1=7.9959;N=8.0029;R=8.0030
mp-1029	BaF2	3	Fm-3m (225)	GOOD	6.5207	10.2686	E	I	CHECK	6.6029	0.0000	True	10.2300	11.1800	kr7	0601771b4 (tf32, t_tetrakbt -300) with ES, ES rule es-c		21	10.2565	0.0003	-0.0001	0.0011	0.0090	PASS	b1	True	f16f0ea3d	E1=10.2611;M=10.6210;N=10.3650
mp-10616	BaLiAs	3	P-6m2 (187)	GOOD	0.4918	1.3890	N	D		0.5928	0.0000	True	1.3400	1.6100	kr7	b695fa65c (tf32, t_tetrakbt -300)		33	1.3893	-0.0001	0.0006	0.0021	0.0082	PASS	b2	False	a1d6c0e11	M=1.4020
mp-10615	BaLiP	3	P-6m2 (187)	GOOD	0.5821	1.5104	N	D		0.6982	0.0333	True	1.4400	1.7100	kr7	b695fa65c (tf32, t_tetrakbt -300)		25	1.5117	0.0001	0.0016	0.0166	0.0842	PASS	b1	False	a1d6c0e11	M=1.4900
mp-1006878	BaO2	3	Cmmm (65)	GOOD	2.3127	5.1682	N	I	differs	2.3171	0.1200	True	5.0800	5.7300	kr7	b695fa65c (tf32, t_tetrakbt -300)		29	5.1680	-0.0000	-0.0001	0.0053	0.0345	PASS	b2	False	839fa113b	M=5.0130
mp-1105	BaO2	3	I4/mmm (139)	NOTCONV_MAY	2.1298	4.9266	N	D		2.2352	0.0000	True	4.9500	5.5300	kr7	b695fa65c (tf32, t_tetrakbt -300)		24	4.9269	-0.0001	0.0001	0.0033	0.0225	PASS	b2	False	a1d6c0e11	R=4.9268
mp-1569	Be2C	3	Fm-3m (225)	GOOD	1.1997	2.0939	N	I		1.1643	0.0000	True	2.1900	2.2800	kr7	b695fa65c (tf32, t_tetrakbt -300)		12	2.0943	-0.0002	0.0003	0.0040	0.0140	PASS	b1	False	0c4d16ceb	M=2.0950
mp-22965	BiTeI	3	P3m1 (156)	GOOD	1.1872	1.8771	N	I		1.2751	0.1160	True	1.9100	1.9800	kr7	b695fa65c (tf32, t_tetrakbt -300)		27	1.8558	0.0034	0.0125	0.0033	0.0184	PASS	b1	False	fb2da026b	M=1.8800
mp-30068	CIN	3	R3m (160)	GOOD	4.3214	7.4904	E	D	CHECK	4.4204	0.5058	True	7.8900	8.3300	kr7	0601771b4 (tf32, t_tetrakbt -300) with ES, ES rule es-c		32	7.5214	0.0028	-0.0001	0.0034	0.0163	PASS	b2all	True	d90296348	M=7.7100;N=7.6069
mp-28240	CSO	3	R3m (160)	GOOD	4.7516	8.2758	E	I	CHECK	4.9077	0.1054	True	9.0300	9.4000	kr7	0601771b4 (tf32, t_tetrakbt -300) with ES, ES rule es-c		24	8.2753	0.0004	0.0029	0.0049	0.0389	PASS	b2	True	f16f0ea3d	E1=8.3633;M=8.4420;N=8.5609
mp-2482	CaC2	3	I4/mmm (139)	GOOD	1.2163	3.5155	N	I		1.3408	0.0029	True	3.5300	4.0300	kr7	b695fa65c (tf32, t_tetrakbt -300)		17	3.5169	0.0016	0.0030	0.0033	0.0260	PASS	b1	False	fb2da026b	M=3.4680
mp-2741	CaF2	3	Fm-3m (225)	GOOD	6.9294	11.1175	N	I	differs	7.1157	0.0000	True	11.1100	12.1200	kr7	b695fa65c (tf32, t_tetrakbt -300)		24	11.1175	-0.0000	-0.0001	0.0037	0.0215	PASS	b2	False	fb2da026b	M=11.0410
mp-30031	CaI2	3	P-3m1 (164)	FAILED_MAY	3.4710	6.0920	E	I		3.8983	0.0000	True	6.2300	6.6700	kr7	0601771b4 (tf32, t_tetrakbt -300) with ES, ES rule es-c		32	6.0969	0.0000	0.0052	0.0109	0.0572	PASS	b2	True	a45169f3c	E1=6.0918;N=6.0842;R=6.0846
mp-634859	CaO2	3	I4/mmm (139)	GOOD	2.7169	6.3893	N	I	differs	2.7813	0.0000	True	6.3000	7.1100	kr7	b695fa65c (tf32, t_tetrakbt -300)		20	6.3615	-0.0001	0.0009	0.0013	0.0088	PASS	b1	False	614ab5eb8	M=6.2550
mp-568690	CdBr2	3	R-3m (166)	NOTCONV_MAY	2.6015	4.8637	N	I		2.8798	0.0001	True	4.9300	5.4100	kr7	b695fa65c (tf32, t_tetrakbt -300)		27	4.9174	-0.0003	0.0634	0.0145	0.0816	PASS	b1	False	614ab5eb8	R=4.8636
mp-22881	CdCl2	3	R-3m (166)	NOTCONV_MAY	3.2987	5.9938	N	I		3.5244	0.0000	True	6.0200	6.5700	kr7	b695fa65c (tf32, t_tetrakbt -300)		27	6.0510	-0.0003	0.0618	0.0120	0.0865	PASS	b1	False	fb2da026b	R=5.9944
mp-241	CdF2	3	Fm-3m (225)	GOOD	2.8994	6.4821	N	I	differs	2.8987	0.0000	True	6.2600	7.1700	kr7	b695fa65c (tf32, t_tetrakbt -300)		17	6.4822	-0.0000	0.0001	0.0006	0.0104	PASS	b1	False	fb2da026b	M=6.4180
mp-567259	CdI2	3	P-3m1 (164)	GOOD	2.1845	3.9636	E	I		2.4003	0.0005	True	4.0400	4.3600	kr7	0601771b4 (tf32, t_tetrakbt -300) with ES, ES rule es-c		28	3.9824	-0.0005	0.0026	0.0016	0.0135	PASS	b1	True	a45169f3c	E1=3.9603;M=3.9860;N=3.9698
mp-7988	Cs2O	3	R-3m (166)	FAILED_MAY	0.8318	2.2791	N	I		0.5832	0.0000	True	2.0300	2.4700	kr7	b695fa65c (tf32, t_tetrakbt -300)		36	2.2791	0.0004	0.0004	0.0062	0.0455	PASS	b2	False	614ab5eb8	R=2.2794
mp-567677	GeI2	3	P-6m2 (187)	GOOD	2.0152	3.0939	E	I	path<mesh(mesh)	1.9650	0.1196	True	3.0700	3.1300	kr7	0601771b4 (tf32, t_tetrakbt -300) with ES, ES rule es-c		31	2.9618	0.0004	0.0009	0.0010	0.0075	PASS	b1	True	a45169f3c	E1=3.0912;M=3.1150;N=3.0924
mp-644272	HCN	3	Imm2 (44)	GOOD	6.4462	10.6995	E	I	CHECK	6.5771	0.4638	True	11.7400	12.1900	kr7	0601771b4 (tf32, t_tetrakbt -300) with ES, ES rule es-c		24	10.6993	0.0001	-0.0001	0.0088	0.0603	PASS	b2	True	a45169f3c	E1=10.7154;M=11.1080;N=11.0539
mp-644385	HCN	3	I4mm (107)	GOOD	6.6780	11.2979	E	I	CHECK	6.7846	0.4607	True	12.1000	12.5100	kr7	0601771b4 (tf32, t_tetrakbt -300) with ES, ES rule es-c		26	11.2961	0.0016	-0.0001	0.0115	0.0514	PASS	b2all	True	a45169f3c	E1=10.9551;M=11.3040;N=11.3762
mp-550893	HfO2	3	Fm-3m (225)	GOOD	3.5630	5.7483	N	D	differs	3.8020	0.0836	True	5.8600	6.2600	kr7	b695fa65c (tf32, t_tetrakbt -300)		32	5.7483	-0.0000	-0.0002	0.0021	0.0110	PASS	b2all	False	614ab5eb8	M=5.6790
mp-985829	HfS2	3	P-3m1 (164)	GOOD	0.9828	2.4548	N	I		1.2325	0.0000	True	2.4100	2.7400	kr7	b695fa65c (tf32, t_tetrakbt -300)		34	2.4516	-0.0000	-0.0000	0.0012	0.0060	PASS	b1	False	614ab5eb8	M=2.4710
mp-985831	HfSe2	3	P-3m1 (164)	GOOD	0.3895	1.6182	N	I		0.5549	0.0000	True	1.6000	1.8800	kr7	b695fa65c (tf32, t_tetrakbt -300)		34	1.6183	-0.0000	0.0000	0.0019	0.0225	PASS	b1	False	614ab5eb8	M=1.6040
mp-11869	HfSnPd	3	F-43m (216)	GOOD	0.3966	0.4461	N	I		0.0338	0.0000	True	0.4300	0.4600	kr7	b695fa65c (tf32, t_tetrakbt -300)		34	0.4469	-0.0000	0.0008	0.0016	0.0139	PASS	b1	False	a1d6c0e11	M=0.4400
mp-569360	Hg3	3	C2/m (12)	UNKNOWN_MAY		0.0000	N	metal		0.0610	0.0063	True			kt1	989a18637 (tf32, t_tetrakbt -300)		27				0.0036	0.0419	PASS	b1	False	fb2da026b	R=0.0000
mp-8177	HgF2	3	Fm-3m (225)	DRIFT_GOOD	0.7936	3.5957	N	I	differs	0.9687	0.0000	True	3.3300	4.0000	kt1	989a18637 (tf32, t_tetrakbt -300)		17	3.5957	-0.0000	-0.0001	0.0003	0.0032	PASS	b1	False	fb2da026b	M=3.6760
mp-2278	HgO2	3	C2/m (12)	NOTCONV_MAY	0.0223	1.7668	N	I		0.1687	0.3817	True	1.4600	2.0300	kr7	b695fa65c (tf32, t_tetrakbt -300)		17	1.7618	0.0000	0.0001	0.0007	0.0047	PASS	b1	False	fb2da026b	R=1.7657
mp-971	K2O	3	Fm-3m (225)	GOOD	1.7372	3.9839	N	I	differs	1.7052	0.0000	True	3.6800	4.4600	kr7	b695fa65c (tf32, t_tetrakbt -300)		36	3.9842	-0.0001	0.0000	0.0026	0.0140	PASS	b2	False	614ab5eb8	M=3.8360
mp-1062676	K2Pt	3	Fm-3m (225)	GOOD	1.3204	2.9937	E	I	differs	1.3119	0.0000	True	2.8500	3.3500	kr7	0601771b4 (tf32, t_tetrakbt -300) with ES, ES rule es-c		37	2.9937	-0.0000	0.0000	0.0005	0.0036	PASS	b1	True	f16f0ea3d	E1=2.9783;M=3.0460;N=3.0504
mp-1022	K2S	3	Fm-3m (225)	GOOD	2.1368	4.3537	E	I		2.3215	0.0000	True	4.2800	4.9000	kr7	0601771b4 (tf32, t_tetrakbt -300) with ES, ES rule es-c		37	4.3537	0.0000	-0.0001	0.0006	0.0023	PASS	b1	True	f16f0ea3d	E1=4.3466;M=4.3440;N=4.3460
mp-8426	K2Se	3	Fm-3m (225)	FAILED_MAY	1.9521	4.1003	E	I		2.0925	0.0000	True	4.0600	4.6200	kr7	0601771b4 (tf32, t_tetrakbt -300) with ES, ES rule es-c		37	4.0984	0.0001	0.0000	0.0005	0.0027	PASS	b1	True	a45169f3c	E1=4.0856;N=4.1130;R=4.1128
mp-1747	K2Te	3	Fm-3m (225)	FAILED_MAY	1.9537	3.8827	E	I		2.1372	0.0000	True	3.9000	4.3400	kr7	0601771b4 (tf32, t_tetrakbt -300) with ES, ES rule es-c		37	3.8810	0.0000	0.0001	0.0005	0.0040	PASS	b1	True	f16f0ea3d	E1=3.8749;N=3.9302;R=3.9303
mp-20134	KCN	3	Cm (8)	GOOD	4.8108	8.7468	N	I	differs	5.0425	0.1691	True	9.0400	9.7100	kr7	b695fa65c (tf32, t_tetrakbt -300)		28	8.7476	-0.0001	0.0009	0.0091	0.0717	PASS	b2	False	fb2da026b	M=8.6860
mp-15687	KZnAs	3	P-6m2 (187)	FAILED_MAY	0.1399	1.3033	N	I		0.1991	0.0091	True	1.1600	1.5000	kr7	b695fa65c (tf32, t_tetrakbt -300)		38	1.3037	-0.0001	0.0004	0.0039	0.0199	PASS	b2	False	0c4d16ceb	R=1.3036
mp-10161	KZnSb	3	P-6m2 (187)	GOOD	0.2810	1.3948	N	I		0.3446	0.0122	True	1.3200	1.5700	kr7	b695fa65c (tf32, t_tetrakbt -300)		43	1.3962	0.0000	0.0014	0.0034	0.0218	PASS	b2	False	a1d6c0e11	M=1.3960
mp-1960	Li2O	3	Fm-3m (225)	GOOD	4.8026	7.9657	N	I	differs	4.8986	0.0000	True	7.9700	8.6300	kr7	b695fa65c (tf32, t_tetrakbt -300)		12	7.9689	-0.0000	0.0031	0.0025	0.0163	PASS	b1	False	fb2da026b	M=8.0760
mp-1153	Li2S	3	Fm-3m (225)	GOOD	3.1778	5.2859	N	I		3.3862	0.0000	True	5.4100	5.8000	kr7	b695fa65c (tf32, t_tetrakbt -300)		17	5.2896	-0.0001	0.0036	0.0124	0.0863	PASS	b1	False	a1d6c0e11	M=5.2540
mp-2286	Li2Se	3	Fm-3m (225)	GOOD	2.8086	4.6723	N	I	differs	2.9746	0.0000	True	4.7700	5.1300	kr7	b695fa65c (tf32, t_tetrakbt -300)		25	4.6722	-0.0001	0.0000	0.0034	0.0159	PASS	b2	False	fb2da026b	M=4.5750
mp-2530	Li2Te	3	Fm-3m (225)	GOOD	2.3869	3.8708	E	I	differs	2.4914	0.0000	True	3.9100	4.1700	kr7	0601771b4 (tf32, t_tetrakbt -300) with ES, ES rule es-c		18	3.8707	0.0000	-0.0000	0.0010	0.0040	PASS	b1	True	f16f0ea3d	E1=3.8548;M=3.8150;N=3.8250
mp-5920	LiAlGe	3	F-43m (216)	GOOD	0.2800	0.4711	N	I		0.0527	0.0000	True			kr7	b695fa65c (tf32, t_tetrakbt -300)		22	0.4723	-0.0001	0.0012	0.0027	0.0095	PASS	b1	False	614ab5eb8	M=0.4750
mp-3161	LiAlSi	3	F-43m (216)	GOOD	0.0256	0.4849	N	I		0.1121	0.0000	True	0.4500	0.6100	kr7	b695fa65c (tf32, t_tetrakbt -300)		22	0.4855	-0.0000	0.0007	0.0016	0.0069	PASS	b1	False	614ab5eb8	M=0.4810
mp-11390	LiGaSi	3	F-43m (216)	GOOD	0.1117	0.5410	N	I		0.1885	0.0746	True	0.5900	0.6500	kr7	b695fa65c (tf32, t_tetrakbt -300)		27	0.5418	-0.0001	0.0007	0.0025	0.0135	PASS	b1	False	a1d6c0e11	M=0.5310
mp-12558	LiMgAs	3	F-43m (216)	GOOD	1.2930	2.2853	N	I		1.3738	0.0000	True	2.3400	2.5300	kr7	b695fa65c (tf32, t_tetrakbt -300)		22	2.2907	-0.0000	0.0050	0.0067	0.0403	PASS	b1	False	a1d6c0e11	M=2.2860
mp-570213	LiMgBi	3	F-43m (216)	GOOD	0.4296	1.3923	E	D		0.3587	0.0000	True	1.4000	1.5900	kr7	0601771b4 (tf32, t_tetrakbt -300) with ES, ES rule es-c		23	1.3923	0.0001	-0.0000	0.0011	0.0037	PASS	b1	True	a45169f3c	E1=1.3942;M=1.3620;N=1.3882
mp-9124	LiZnAs	3	F-43m (216)	GOOD	0.5087	1.6952	N	D		0.5518	0.0000	True	1.6600	1.8600	kr7	b695fa65c (tf32, t_tetrakbt -300)		27	1.6988	-0.0001	0.0034	0.0041	0.0336	PASS	b1	False	614ab5eb8	M=1.6850
mp-7575	LiZnN	3	F-43m (216)	GOOD	0.7493	2.0243	N	D		0.5187	0.0000	True	1.9200	2.2500	kr7	b695fa65c (tf32, t_tetrakbt -300)		17	2.0243	-0.0001	-0.0000	0.0007	0.0037	PASS	b1	False	614ab5eb8	M=2.0080
mp-10182	LiZnP	3	F-43m (216)	GOOD	1.1836	1.9329	N	I		1.3386	0.0000	True	1.9600	2.1100	kr7	b695fa65c (tf32, t_tetrakbt -300)		22	1.9355	-0.0002	0.0025	0.0038	0.0272	PASS	b1	False	a1d6c0e11	M=1.9310
mp-408	Mg2Ge	3	Fm-3m (225)	GOOD	0.1407	0.6504	N	I		0.1689	0.0000	True	0.7000	0.7800	kr7	b695fa65c (tf32, t_tetrakbt -300)		27	0.6543	-0.0001	0.0039	0.0061	0.0527	PASS	b1	False	614ab5eb8	M=0.6480
mp-1367	Mg2Si	3	Fm-3m (225)	GOOD	0.1625	0.6350	N	I		0.2180	0.0000	True	0.6400	0.7100	kr7	b695fa65c (tf32, t_tetrakbt -300)		27	0.6366	-0.0000	0.0022	0.0042	0.0380	PASS	b1	False	a1d6c0e11	M=0.6350
mp-30034	MgBr2	3	P-3m1 (164)	GOOD	4.1229	6.8845	N	D	differs	4.4707	0.0000	True	7.0600	7.5600	kr7	b695fa65c (tf32, t_tetrakbt -300)		31	6.9186	0.0002	0.0341	0.0106	0.0776	PASS	b2	False	614ab5eb8	M=6.9550
mp-570259	MgCl2	3	P-3m1 (164)	DRIFT_GOOD	5.2563	8.4842	N	D	differs	5.5713	0.0006	True	8.6700	9.2600	kt1	989a18637 (tf32, t_tetrakbt -300)		31	8.5154	0.0004	0.0325	0.0100	0.0915	PASS	b2	False	fb2da026b	M=8.3810
mp-23205	MgI2	3	P-3m1 (164)	GOOD	3.4443	5.5550	N	I		3.6124	0.0000	True	5.7100	6.0400	kr7	b695fa65c (tf32, t_tetrakbt -300)		39	5.5483	0.0001	0.0000	0.0020	0.0171	PASS	b2all	False	fb2da026b	M=5.5310
mp-1434	MoS2	3	R3m (160)	GOOD	1.1754	1.7648	N	I	differs path<mesh(mesh)	1.3839	0.0000	True	1.7200	1.6900	kr7	b695fa65c (tf32, t_tetrakbt -300)		27	1.5823	-0.0000	-0.0024	0.0014	0.0079	PASS	b1	False	96ec5c1ee	M=1.7120
mp-2352	Na2O	3	Fm-3m (225)	GOOD	2.0716	4.8239	N	D	differs	1.8730	0.0000	True	4.6400	5.4500	kr7	b695fa65c (tf32, t_tetrakbt -300)		22	4.8235	0.0002	-0.0001	0.0012	0.0058	PASS	b1	False	fb2da026b	M=4.9880
mp-648	Na2S	3	Fm-3m (225)	GOOD	2.3645	4.6800	N	D		2.4395	0.0000	True	4.6500	5.2100	kr7	b695fa65c (tf32, t_tetrakbt -300)		35	4.6804	-0.0001	0.0000	0.0023	0.0090	PASS	b2	False	614ab5eb8	M=4.6880
mp-1266	Na2Se	3	Fm-3m (225)	GOOD	1.9560	4.0841	E	D	differs	2.0153	0.0000	True	4.1200	4.6600	kr7	0601771b4 (tf32, t_tetrakbt -300) with ES, ES rule es-c		28	4.0836	0.0000	-0.0001	0.0009	0.0046	PASS	b1	True	f16f0ea3d	E1=4.0844;M=4.1700;N=4.1338
mp-2784	Na2Te	3	Fm-3m (225)	GOOD	1.9209	3.7780	E	D		2.0287	0.0000	True	3.7900	4.2600	kr7	0601771b4 (tf32, t_tetrakbt -300) with ES, ES rule es-c		31	3.7776	-0.0000	-0.0000	0.0010	0.0044	PASS	b1	True	f16f0ea3d	E1=3.7763;M=3.8090;N=3.8085
mp-9437	NbFeSb	3	F-43m (216)	GOOD	0.5106	0.8032	N	I		0.5272	0.0000	True	0.8800	0.8400	kr7	b695fa65c (tf32, t_tetrakbt -300)		27	0.8031	0.0000	-0.0001	0.0015	0.0093	PASS	b1	False	614ab5eb8	M=0.8030
mp-505297	NbSbRu	3	F-43m (216)	FAILED_MAY	0.3110	0.6757	N	I		0.3773	0.0000	True	0.7800	0.7500	kr7	b695fa65c (tf32, t_tetrakbt -300)		27	0.6761	-0.0001	-0.0001	0.0012	0.0098	PASS	b1	False	614ab5eb8	R=0.6755
mp-25210	NiO2	3	R-3m (166)	NOTCONV_MAY	0.9168	2.5194	N	I		1.4954	0.1298	True	2.4800	2.8200	kr7	b695fa65c (tf32, t_tetrakbt -300)		17	2.6576	0.0004	0.0004	0.0015	0.0068	PASS	b1	False	fb2da026b	R=2.5201
mp-35925	NiO2	3	R-3m (166)	NOTCONV_MAY	1.1843	3.8291	E	I		1.6338	0.1266	True	3.9300	4.0900	kr7	0601771b4 (tf32, t_tetrakbt -300) with ES, ES rule es-c		19	3.8232	-0.0004	0.0011	0.0019	0.0084	PASS	b1	True	c9932cbfc	N=3.8166;R=3.8186
mp-510753	NiO2	3	P-3m1 (164)	GOOD	0.8523	2.3506	N	I	differs	1.3733	0.1334	True	2.1800	2.3300	kr7	b695fa65c (tf32, t_tetrakbt -300)		17	2.4526	-0.0001	0.0005	0.0014	0.0065	PASS	b1	False	614ab5eb8	M=2.4160
mp-315	PbF2	3	Fm-3m (225)	GOOD	4.3828	6.9083	N	I		4.3937	0.0000	True	6.9400	7.4300	kr7	b695fa65c (tf32, t_tetrakbt -300)		22	6.9068	-0.0000	0.0050	0.0099	0.0810	PASS	b1	False	614ab5eb8	M=6.8690
mp-22883	PbI2	3	R-3m (166)	NOTCONV_MAY	2.2343	3.5392	E	I		2.4216	0.0010	True	3.6500	3.8900	kr7	0601771b4 (tf32, t_tetrakbt -300) with ES, ES rule es-c		28	3.5297	0.0010	0.0017	0.0020	0.0114	PASS	b1	True	f16f0ea3d	E1=3.5391;N=3.5452;R=3.5455
mp-22893	PbI2	3	P-3m1 (164)	GOOD	2.1919	3.4790	E	D		2.3703	0.0016	True	3.5300	3.7600	kr7	0601771b4 (tf32, t_tetrakbt -300) with ES, ES rule es-c		28	3.4837	0.0005	0.0054	0.0022	0.0115	PASS	b1	True	f16f0ea3d	E1=3.4792;M=3.4920;N=3.4762
mp-617	PtO2	3	P-3m1 (164)	GOOD	1.2861	2.9951	N	I		1.4957	0.0558	True	3.1600	3.4500	kr7	b695fa65c (tf32, t_tetrakbt -300)		17	3.1424	-0.0000	-0.0003	0.0014	0.0087	PASS	b1	False	614ab5eb8	M=2.9860
mp-762	PtS2	3	P-3m1 (164)	GOOD	1.0127	1.7847	N	I		1.4395	0.0000	True	1.9600	2.0700	kr7	b695fa65c (tf32, t_tetrakbt -300)		27	1.9459	0.0002	0.0019	0.0012	0.0061	PASS	b1	False	614ab5eb8	M=1.7860
mp-1115	PtSe2	3	P-3m1 (164)	GOOD	0.3556	0.8671	N	I		0.6107	0.0000	True	1.0300	1.1000	kr7	b695fa65c (tf32, t_tetrakbt -300)		27	1.0052	0.0006	0.0027	0.0015	0.0100	PASS	b1	False	a1d6c0e11	M=0.8660
mp-1394	Rb2O	3	Fm-3m (225)	FAILED_MAY	1.3018	3.3288	N	I		1.3181	0.0032	True	3.0900	3.6600	kr7	b695fa65c (tf32, t_tetrakbt -300)		36	3.3289	-0.0001	0.0001	0.0027	0.0127	PASS	b2	False	a1d6c0e11	R=3.3289
mp-8041	Rb2S	3	Fm-3m (225)	FAILED_MAY	1.7517	3.8895	E	I		1.9632	0.0000	True	3.8600	4.4400	kr7	0601771b4 (tf32, t_tetrakbt -300) with ES, ES rule es-c		37	3.8896	-0.0000	0.0000	0.0004	0.0017	PASS	b1	True	a45169f3c	E1=3.8758;N=3.9228;R=3.9227
mp-11327	Rb2Se	3	Fm-3m (225)	FAILED_MAY	1.5928	3.6864	E	I		1.7961	0.0000	True	3.6800	4.1400	kr7	0601771b4 (tf32, t_tetrakbt -300) with ES, ES rule es-c		37	3.6866	0.0000	-0.0000	0.0003	0.0017	PASS	b1	True	f16f0ea3d	E1=3.6691;N=3.6991;R=3.6990
mp-441	Rb2Te	3	Fm-3m (225)	FAILED_MAY	1.6605	3.6154	E	I	differs	1.8837	0.0000	True	3.6300	4.0300	kr7	0601771b4 (tf32, t_tetrakbt -300) with ES, ES rule es-c		37	3.6152	0.0004	0.0003	0.0004	0.0019	PASS	b1	True	a45169f3c	E1=3.6054;N=3.7043;R=3.7042
mp-30459	ScNiBi	3	F-43m (216)	GOOD	0.1845	0.3496	N	I		0.1869	0.0000	True	0.3500	0.4000	kr7	b695fa65c (tf32, t_tetrakbt -300)		27	0.3513	-0.0001	0.0018	0.0022	0.0119	PASS	b1	False	614ab5eb8	M=0.3530
mp-3432	ScNiSb	3	F-43m (216)	GOOD	0.2698	0.4995	N	I		0.2679	0.0000	True	0.5200	0.5600	kr7	b695fa65c (tf32, t_tetrakbt -300)		27	0.5006	0.0000	0.0011	0.0017	0.0119	PASS	b1	False	614ab5eb8	M=0.4960
mp-569779	ScSbPd	3	F-43m (216)	GOOD	0.2770	0.3974	N	I		0.0155	0.0000	True	0.3700	0.4300	kr7	b695fa65c (tf32, t_tetrakbt -300)		27	0.4008	-0.0001	0.0033	0.0029	0.0199	PASS	b1	False	614ab5eb8	M=0.3940
mp-7173	ScSbPt	3	F-43m (216)	GOOD	0.6219	0.8114	N	I		0.6432	0.0000	True	0.7500	0.8300	kr7	b695fa65c (tf32, t_tetrakbt -300)		27	0.8191	0.0000	0.0077	0.0042	0.0426	PASS	b1	False	614ab5eb8	M=0.8090
mp-2894	ScSnAu	3	F-43m (216)	SUSPECT_GOOD	0.1507	0.1394	N	I		0.1225	0.0000	True	0.1100	0.1500	kt1	989a18637 (tf32, t_tetrakbt -300)		27	0.1463	-0.0001	0.0069	0.0028	0.0171	PASS	b1	False	fb2da026b	M=0.1460;R=0.1395
mp-14	Se3	3	P3_121 (152)	GOOD	1.1104	2.1405	N	I	path<mesh(mesh)	1.0119	0.0011	True	1.9500	2.2400	kr7	b695fa65c (tf32, t_tetrakbt -300)		27	2.0289	0.0021	0.0008	0.0090	0.0455	PASS	b1	False	a1d6c0e11	M=2.1540
mp-1170	SnS2	3	P-3m1 (164)	GOOD	1.4004	2.6890	N	I		1.5565	0.0000	True	2.7200	2.8800	kr7	b695fa65c (tf32, t_tetrakbt -300)		27	2.6909	-0.0003	0.0003	0.0022	0.0152	PASS	b1	False	a1d6c0e11	M=2.7010
mp-665	SnSe2	3	P-3m1 (164)	GOOD	0.5739	1.4987	N	I		0.6878	0.0000	True	1.5500	1.7200	kr7	b695fa65c (tf32, t_tetrakbt -300)		27	1.5240	-0.0002	0.0003	0.0021	0.0114	PASS	b1	False	614ab5eb8	M=1.4840
mp-2630	SrC2	3	I4/mmm (139)	DRIFT_GOOD	1.5537	3.8252	N	I		1.6917	0.0033	True	3.9100	4.3300	kt1	989a18637 (tf32, t_tetrakbt -300)		20	3.8194	-0.0009	0.0008	0.0034	0.0261	PASS	b1	False	fb2da026b	M=3.8330
mp-23209	SrCl2	3	Fm-3m (225)	FAILED_MAY	5.0001	7.8410	E	I		5.2267	0.0000	True	7.9100	8.4800	kr7	0601771b4 (tf32, t_tetrakbt -300) with ES, ES rule es-c		31	7.8408	0.0000	-0.0001	0.0008	0.0064	PASS	b1	True	f16f0ea3d	E1=7.8378;N=7.8167;R=7.8167
mp-981	SrF2	3	Fm-3m (225)	GOOD	6.7270	10.8173	N	I	differs	6.7537	0.0000	True	10.8600	11.7300	kr7	b695fa65c (tf32, t_tetrakbt -300)		24	10.8171	0.0001	-0.0001	0.0019	0.0108	PASS	b2	False	614ab5eb8	M=10.6380
mp-10614	SrLiP	3	P-6m2 (187)	GOOD	0.7172	1.5989	N	I		0.8099	0.0796	True	1.5800	1.7900	kr7	b695fa65c (tf32, t_tetrakbt -300)		22	1.6010	0.0000	0.0026	0.0043	0.0292	PASS	b1	False	a1d6c0e11	M=1.5830
mp-2697	SrO2	3	I4/mmm (139)	FAILED_MAY	2.7587	5.7595	N	D		2.8949	0.0000	True	5.7300	6.2900	kr7	b695fa65c (tf32, t_tetrakbt -300)		20	5.7594	-0.0000	-0.0000	0.0019	0.0148	PASS	b1	False	fb2da026b	R=5.7588
mp-31454	TaSbRu	3	F-43m (216)	GOOD	0.6014	1.0438	N	I		0.6650	0.0000	True	1.1400	1.1400	kr7	b695fa65c (tf32, t_tetrakbt -300)		27	1.0440	-0.0001	0.0000	0.0034	0.0212	PASS	b1	False	614ab5eb8	M=1.0390
mp-19	Te3	3	P3_121 (152)	GOOD	0.5614	0.9043	N	I	path<mesh(mesh)	0.1845	0.0000	True	0.6900	0.7400	kr7	b695fa65c (tf32, t_tetrakbt -300)		27	0.6395	0.0003	0.0000	0.0030	0.0186	PASS	b1	False	ac90a3312	M=0.9060
mp-5967	TiCoSb	3	F-43m (216)	GOOD	1.0725	1.3020	N	I		1.0432	0.0000	True	1.3100	1.3700	kr7	b695fa65c (tf32, t_tetrakbt -300)		27	1.3029	0.0000	0.0010	0.0010	0.0061	PASS	b1	False	614ab5eb8	M=1.3100
mp-1008680	TiGePt	3	F-43m (216)	GOOD	0.8525	1.2302	N	I		0.8809	0.0000	True	1.2400	1.2800	kr7	b695fa65c (tf32, t_tetrakbt -300)		27	1.2302	0.0000	-0.0001	0.0020	0.0124	PASS	b1	False	a1d6c0e11	M=1.2280
mp-924130	TiNiSn	3	F-43m (216)	GOOD	0.4576	0.5893	N	I		0.4504	0.0000	True	0.5900	0.6100	kr7	b695fa65c (tf32, t_tetrakbt -300)		27	0.5898	0.0000	0.0007	0.0008	0.0043	PASS	b1	False	614ab5eb8	M=0.5890
mp-1062030	TiS2	3	C2/m (12)	GOOD	0.0106	2.3424	E	I	vs2025	0.0423	0.0035	True	1.2300	1.9800	kr7	0601771b4 (tf32, t_tetrakbt -300) with ES, ES rule es-c		31	2.3425	-0.0000	-0.0001	0.0008	0.0051	PASS	b1	True	f09035a49	M=2.3210;N=2.3515
mp-30847	TiSnPt	3	F-43m (216)	GOOD	0.7652	1.0601	N	I		0.7910	0.0000	True	1.0300	1.0900	kr7	b695fa65c (tf32, t_tetrakbt -300)		27	1.0680	-0.0000	0.0079	0.0021	0.0183	PASS	b1	False	614ab5eb8	M=1.0590
mp-567636	VFeSb	3	F-43m (216)	GOOD	0.2793	0.5744	N	I		0.3508	0.0000	True	0.6800	0.5600	kr7	b695fa65c (tf32, t_tetrakbt -300)		27	0.5747	0.0000	-0.0003	0.0014	0.0075	PASS	b1	False	614ab5eb8	M=0.5680
mp-31455	VSbRu	3	F-43m (216)	GOOD	0.1366	0.4247	N	I		0.2160	0.0246	True	0.4800	0.4200	kr7	b695fa65c (tf32, t_tetrakbt -300)		27	0.4248	-0.0000	-0.0004	0.0010	0.0077	PASS	b1	False	614ab5eb8	M=0.4210
mp-9813	WS2	3	R3m (160)	NOTCONV_MAY	1.3141	1.9999	N	I	path<mesh(mesh)	1.5593	0.0009	True	1.9200	1.9100	kr7	b695fa65c (tf32, t_tetrakbt -300)		27	1.7772	0.0001	-0.0054	0.0021	0.0112	PASS	b1	False	614ab5eb8	R=1.9999
mp-28797	YHSe	3	P-6m2 (187)	GOOD	1.3925	2.5143	N	I		1.5072	0.0000	True	2.5600	2.7900	kr7	b695fa65c (tf32, t_tetrakbt -300)		22	2.5142	0.0000	0.0002	0.0015	0.0111	PASS	b1	False	fb2da026b	M=2.5100
mp-30460	YNiBi	3	F-43m (216)	GOOD	0.1995	0.4557	N	I		0.2016	0.0000	True	0.4600	0.5400	kr7	b695fa65c (tf32, t_tetrakbt -300)		27	0.4565	0.0000	0.0009	0.0030	0.0150	PASS	b1	False	614ab5eb8	M=0.4490
mp-11520	YNiSb	3	F-43m (216)	GOOD	0.2884	0.6022	N	I		0.2945	0.0000	True	0.6400	0.6900	kr7	b695fa65c (tf32, t_tetrakbt -300)		27	0.6027	0.0000	0.0006	0.0024	0.0179	PASS	b1	False	a1d6c0e11	M=0.6020
mp-4964	YSbPt	3	F-43m (216)	GOOD	0.0623	0.6144	N	D		0.1098	0.0000	True	0.6300	0.7600	kr7	b695fa65c (tf32, t_tetrakbt -300)		27	0.6223	-0.0000	0.0079	0.0045	0.0413	PASS	b1	False	614ab5eb8	M=0.6170
mp-569960	ZnBr2	3	R-3m (166)	NOTCONV_MAY	3.0484	5.5488	E	I		3.2673	0.0853	True	5.7900	6.2700	kr7	0601771b4 (tf32, t_tetrakbt -300) with ES, ES rule es-c		31	5.5657	-0.0001	0.0001	0.0009	0.0069	PASS	b1	True	a45169f3c	E1=5.5407;N=5.5449;R=5.5455
mp-1008601	ZrAg2	3	I4/mmm (139)	GOOD	0.0057	0.0442	N	metal		0.0000	0.0403	True			kr7	b695fa65c (tf32, t_tetrakbt -300)		27				0.0022	0.0262	PASS	b1	False	a1d6c0e11	M=0.0450
mp-23162	ZrCl2	3	R3m (160)	DRIFT_GOOD	0.9714	1.8995	N	I	path<mesh(mesh)	0.8480	0.0000	True	1.8600	1.9100	kt1	989a18637 (tf32, t_tetrakbt -300)		35	1.7381	-0.0048	-0.0004	0.0012	0.0063	PASS	b2all	False	fb2da026b	M=1.8820
mp-31451	ZrCoBi	3	F-43m (216)	GOOD	0.9996	1.1546	N	I		0.9774	0.0000	True	1.1900	1.1900	kr7	b695fa65c (tf32, t_tetrakbt -300)		27	1.1557	-0.0001	0.0010	0.0037	0.0375	PASS	b1	False	614ab5eb8	M=1.1530
mp-1565	ZrO2	3	Fm-3m (225)	GOOD	3.2020	5.2976	N	I		3.1240	0.0557	True	5.3100	5.7100	kr7	b695fa65c (tf32, t_tetrakbt -300)		17	5.2975	0.0000	0.0000	0.0028	0.0197	PASS	b1	False	0c4d16ceb	M=5.2990
mp-1186	ZrS2	3	P-3m1 (164)	GOOD	0.9230	2.1781	N	I		1.0418	0.0000	True	2.1400	2.3900	kr7	b695fa65c (tf32, t_tetrakbt -300)		27	2.1734	0.0002	-0.0000	0.0012	0.0075	PASS	b1	False	a1d6c0e11	M=2.1710
mp-2076	ZrSe2	3	P-3m1 (164)	GOOD	0.3742	1.3833	N	I		0.3296	0.0000	True	1.3600	1.5700	kr7	b695fa65c (tf32, t_tetrakbt -300)		27	1.3827	0.0000	0.0001	0.0014	0.0099	PASS	b1	False	fb2da026b	M=1.3850
mp-22689	ZrSnPd	3	F-43m (216)	GOOD	0.0672	0.2603	N	I		0.1491	0.5318	True	0.2400	0.2700	kr7	b695fa65c (tf32, t_tetrakbt -300)		27	0.2167	-0.0000	0.0019	0.0008	0.0058	PASS	b1	False	fb2da026b	M=0.2560
mp-570301	Ag2Br2	4	P2_1/m (11)	GOOD	0.5008	2.4188	N	I		0.6990	0.0720	True	2.3200	2.8200	kr7	b695fa65c (tf32, t_tetrakbt -300)		36	2.4188	0.0000	0.0000	0.0003	0.0033	PASS	b1	False	614ab5eb8	M=2.4390
mp-570687	Ag2Cl2	4	P2_1/m (11)	GOOD	0.6705	2.8165	N	I		0.8720	0.0113	True	2.6800	3.2500	kr7	b695fa65c (tf32, t_tetrakbt -300)		36	2.8164	0.0000	-0.0000	0.0002	0.0022	PASS	b1	False	614ab5eb8	M=2.7700
mp-570858	Ag2Cl2	4	Cmcm (63)	DRIFT_GOOD	0.2964	2.2355	N	I		0.4439	0.0285	True	2.1500	2.6600	kt1	989a18637 (tf32, t_tetrakbt -300)		36	2.2331	0.0001	-0.0000	0.0003	0.0028	PASS	b1	False	fb2da026b	M=2.2790
mp-22894	Ag2I2	4	P6_3mc (186)	DRIFT_GOOD	1.1589	3.0395	E	D		1.3955	0.0026	True	2.9600	3.4500	kt1	0601771b4 (tf32, t_tetrakbt -300) with ES, ES rule es-c		38	3.0401	0.0000	0.0006	0.0023	0.0332	PASS	b1	True	f16f0ea3d	E1=3.0365;M=3.0870;N=3.0269
mp-567809	Ag2I2	4	P4/nmm (129)	GOOD	1.2892	2.9267	N	D		1.5986	0.0064	True	3.0000	3.3300	kr7	b695fa65c (tf32, t_tetrakbt -300)		44	2.9267	-0.0000	-0.0000	0.0010	0.0145	PASS	b2all	False	614ab5eb8	M=2.9300
mp-568927	Ag2I2	4	P2_1/m (11)	GOOD	0.6436	2.1531	N	I		0.8611	0.1056	True	2.1600	2.5000	kr7	b695fa65c (tf32, t_tetrakbt -300)		36	2.1681	-0.0000	0.0001	0.0003	0.0040	PASS	b1	False	614ab5eb8	M=2.1570
mp-29678	AgBiS2	4	R-3m (166)	GOOD	0.4174	0.9559	N	I		0.4913	0.0189	True	0.8900	1.0000	kr7	b695fa65c (tf32, t_tetrakbt -300)		36	0.9226	0.0015	0.0002	0.0006	0.0041	PASS	b1	False	fb2da026b	M=0.9720
mp-5770	AgNO2	4	Imm2 (44)	NOTCONV_MAY	1.7016	4.9696	N	I		1.7889	0.0764	True	4.7500	5.4700	kr7	b695fa65c (tf32, t_tetrakbt -300)		21	4.9715	0.0000	0.0002	0.0061	0.0783	PASS	b1	False	614ab5eb8	R=4.9695
mp-1018033	AgRhO2	4	R-3m (166)	DRIFT_GOOD	0.5713	1.7706	N	I	CHECK path<mesh(mesh)	0.4945	0.0403	True	1.2600	1.7100	kt1	989a18637 (tf32, t_tetrakbt -300)		26	1.6442	0.0004	0.0005	0.0012	0.0140	PASS	b1	False	a1d6c0e11	M=1.5570
mp-661	Al2N2	4	P6_3mc (186)	GOOD	4.0876	5.9671	N	D	differs	4.0536	0.0000	True	6.0600	6.4300	kr7	b695fa65c (tf32, t_tetrakbt -300)		34	5.9669	-0.0001	-0.0000	0.0052	0.0492	PASS	b2	False	614ab5eb8	M=6.0670
mp-7885	AlAgS2	4	P3m1 (156)	GOOD	1.5207	2.8702	N	I		1.7038	0.0704	True	2.9200	3.1800	kr7	b695fa65c (tf32, t_tetrakbt -300)		36	2.8790	-0.0001	0.0021	0.0016	0.0123	PASS	b1	False	614ab5eb8	M=2.8660
mp-3748	AlCuO2	4	R-3m (166)	GOOD	2.0305	3.7053	N	I	CHECK	1.8148	0.0004	True	3.6800	3.9300	kr7	b695fa65c (tf32, t_tetrakbt -300)		38	3.7037	-0.0022	-0.0000	0.0035	0.0355	PASS	b2all	False	614ab5eb8	M=3.3360
mp-8039	AlF3	4	Pm-3m (221)	NOTCONV_MAY	7.5276	12.8643	E	I		7.4201	0.0094	True	13.2300	14.1500	kr7	614ab5eb8 (tf32, t_tetrakbt -300) with ES, ES rule es-a		25	12.8643	-0.0001	-0.0001	0.0021	0.0241	PASS	b1	True	89b832097	N=12.8369;R=12.8374
mp-2793	Au2Se2	4	C2/m (12)	GOOD	0.1354	0.6367	N	I	path<mesh(mesh)	0.2628	0.0000	True	0.5800	0.6600	kr7	b695fa65c (tf32, t_tetrakbt -300)		36	0.5389	0.0002	0.0027	0.0009	0.0089	PASS	b1	False	fb2da026b	M=0.6270
mp-2653	B2N2	4	P6_3mc (186)	GOOD	5.3845	7.5039	N	I	path<mesh(mesh)	5.1966	0.0947	True	7.3200	7.5700	kr7	b695fa65c (tf32, t_tetrakbt -300)		24	7.1520	-0.0001	-0.0092	0.0052	0.0501	PASS	b2	False	fb2da026b	M=7.4900
mp-7991	B2N2	4	P6_3/mmc (194)	GOOD	3.8025	6.1739	E	I	CHECK path<mesh(mesh)	4.2704	0.0077	True	6.0000	6.3900	kr7	0601771b4 (tf32, t_tetrakbt -300) with ES, ES rule es-c		26	5.9243	0.0067	-0.0001	0.0128	0.0884	PASS	b2	True	c9932cbfc	M=6.5430;N=6.5322
mp-984	B2N2	4	P6_3/mmc (194)	GOOD	4.3214	6.4365	E	I	differs path<mesh(mesh)	4.4828	0.0057	True	6.0800	6.4900	kr7	0601771b4 (tf32, t_tetrakbt -300) with ES, ES rule es-b		18	6.3186	0.0049	-0.0000	0.0089	0.0676	PASS	b1	True	bb1cb4dcc	M=6.5430;N=6.5643
mp-1008559	B2P2	4	P6_3mc (186)	GOOD	1.1330	1.9562	N	I	path<mesh(mesh)	1.0759	0.0141	True	1.8200	1.8900	kr7	b695fa65c (tf32, t_tetrakbt -300)		26	1.7564	-0.0001	0.0087	0.0023	0.0180	PASS	b1	False	a1d6c0e11	M=1.9640
mp-1018098	Ba2BrN	4	R-3m (166)	NOTCONV_MAY	1.0136	2.3172	N	D		1.1389	0.0461	True	2.3100	2.5700	kr7	b695fa65c (tf32, t_tetrakbt -300)		45	2.3173	0.0000	0.0002	0.0039	0.0316	PASS	b2	False	a1d6c0e11	R=2.3170
mp-1018099	Ba2NCl	4	R-3m (166)	GOOD	0.9630	2.3585	N	D	differs	1.1080	0.0157	True	2.3700	2.6300	kr7	b695fa65c (tf32, t_tetrakbt -300)		45	2.3585	-0.0000	0.0000	0.0031	0.0241	PASS	b2	False	a1d6c0e11	M=2.2210
mp-1018096	Ba2NF	4	R-3m (166)	GOOD	0.9065	2.3588	N	D	CHECK	1.0847	0.1006	True	2.3500	2.6000	kr7	b695fa65c (tf32, t_tetrakbt -300)		40	2.3595	0.0001	0.0007	0.0056	0.0559	PASS	b2	False	a1d6c0e11	M=2.1120
mp-1008500	Ba2O2	4	P6_3/mmc (194)	GOOD	2.4012	4.3356	N	I	differs	2.3620	0.0189	True	4.2700	4.7400	kr7	b695fa65c (tf32, t_tetrakbt -300)		50	4.3350	0.0005	-0.0001	0.0054	0.0357	PASS	b2	False	839fa113b	M=4.2820
mp-7487	Ba2O2	4	P4/nmm (129)	GOOD	2.6285	4.2702	N	I		2.7678	0.1317	True	4.2100	4.6500	kr7	b695fa65c (tf32, t_tetrakbt -300)		40	4.2549	0.0006	-0.0001	0.0015	0.0134	PASS	b2	False	614ab5eb8	M=4.2460
mp-27869	Ba2PCl	4	R-3m (166)	GOOD	1.0646	2.3461	N	D	differs	1.2602	0.0000	True	2.3600	2.6400	kt1	989a18637 (tf32, t_tetrakbt -300)		50	2.3462	0.0000	0.0004	0.0060	0.0550	PASS	b2	False	fb2da026b	M=2.4240
mp-1008505	Ba2Pd2	4	Cmcm (63)	GOOD	0.1235	0.2977	N		path-metal	0.0000	0.0056	True			kr7	b695fa65c (tf32, t_tetrakbt -300)	the bands cross E_F on the path while the mesh gives 0.29 eV	60	0.1309	-0.0142	-0.0023	0.0015	0.0166	PASS	b2	False	839fa113b	M=0.2930
mp-1207108	BaAlGeH	4	P3m1 (156)	FAILED_MAY	0.7732	1.3647	N	I		0.7493	0.0000	True	1.3500	1.4900	kr7	b695fa65c (tf32, t_tetrakbt -300)		50	1.3476	0.0076	0.0001	0.0031	0.0138	PASS	b2	False	a1d6c0e11	R=1.3647
mp-571093	BaAlSiH	4	P3m1 (156)	GOOD	0.6856	1.3327	N	I		0.7093	0.0000	True	1.2800	1.4100	kr7	b695fa65c (tf32, t_tetrakbt -300)		34	1.2800	0.0005	0.0025	0.0083	0.0836	PASS	b1	False	614ab5eb8	M=1.3390
mp-1018095	BaGaGeH	4	P3m1 (156)	GOOD	0.0693	0.6914	N	D		0.0299	0.0000	True	0.6700	0.8600	kr7	b695fa65c (tf32, t_tetrakbt -300)		39	0.6920	0.0001	0.0007	0.0055	0.0441	PASS	b1	False	a1d6c0e11	M=0.6870
mp-1018094	BaGaSnH	4	P3m1 (156)	GOOD	0.0000	0.6599	N	D	differs	0.0522	0.0000	True	0.6600	0.8300	kr7	b695fa65c (tf32, t_tetrakbt -300)		39	0.6611	0.0001	0.0012	0.0098	0.0754	PASS	b1	False	a1d6c0e11	M=0.5680
mp-3915	BaHgO2	4	R-3m (166)	NOTCONV_MAY	2.2440	4.6230	N	I		2.2891	0.0000	True	4.6600	5.0800	kr7	b695fa65c (tf32, t_tetrakbt -300)		37	4.6229	-0.0001	-0.0001	0.0031	0.0320	PASS	b2	False	614ab5eb8	R=4.6233
mp-2542	Be2O2	4	P6_3mc (186)	GOOD	7.6606	10.7569	N	D	CHECK	7.4631	0.0000	True	11.0000	11.5600	kr7	b695fa65c (tf32, t_tetrakbt -300)		24	10.7568	-0.0000	-0.0000	0.0043	0.0262	PASS	b2	False	fb2da026b	M=10.9630
mp-23301	BiF3	4	Fm-3m (225)	GOOD	3.9913	6.4112	N	I	path<mesh(mesh)	3.9465	0.2708	True	6.2200	6.5900	kt1	989a18637 (tf32, t_tetrakbt -300)		26	6.3003	0.0001	0.0004	0.0009	0.0094	PASS	b1	False	fb2da026b	M=6.4000
mp-1066781	Br2Cl2	4	Cmc2_1 (36)	GOOD	1.6651	4.4105	N	I		1.8178	0.0000	True	4.6100	5.0600	kr7	b695fa65c (tf32, t_tetrakbt -300)		36	4.4356	0.0002	0.0248	0.0059	0.0363	PASS	b1	False	a1d6c0e11	M=4.3730
mp-23154	Br4	4	Cmce (64)	GOOD	1.2118	3.5035	E	I	CHECK	1.3514	0.0000	True	3.0900	3.8300	kt1	0601771b4 (tf32, t_tetrakbt -300) with ES, ES rule es-c		44	3.4956	0.0000	0.0004	0.0002	0.0013	PASS	b1	True	f16f0ea3d	M=3.7180;N=3.5114
mp-2516584	C4	4	R-3m (166)	GOOD	1.4480	2.4319	E		path-metal vs2025	1.4276	0.0023	True	0.1200	0.1100	kr7	0601771b4 (tf32, t_tetrakbt -300) with ES, ES rule es-c	graphite-like: the bands cross E_F on the path, which the 8x8x8 mesh misses; a semimetal, the gap on the mesh is not physical	17	0.4282	0.0047	0.0054	0.0049	0.0191	PASS	b1	True	c9932cbfc	M=2.4000;N=2.4767
mp-47	C4	4	P6_3/mmc (194)	GOOD	3.5774	5.2349	N	I	path<mesh(mesh) vs2025	3.3395	0.1395	True	4.9100	5.0800	kr7	b695fa65c (tf32, t_tetrakbt -300)		16	4.8160	-0.0001	-0.0191	0.0059	0.0507	PASS	b1	False	614ab5eb8	M=5.2400
mp-569304	C4	4	R-3m (166)	NOTCONV_MAY	1.8483	3.6771	E		path-metal LDA≠PBE vs2025	0.0149	0.0091	True	0.0200	0.0200		0601771b4 (tf32, t_tetrakbt -300) with ES, ES rule es-c	graphite-like fragment (invalid structure); the bands cross E_F on the path	17	0.3403	0.0112	-0.0086	0.0047	0.0164	PASS	b1	True	c9932cbfc	R=3.6772
mp-28554	Ca2AsI	4	R-3m (166)	GOOD	1.4509	2.7732	N	I	differs	1.5566	0.0000	True	2.8100	3.1100	kr7	b695fa65c (tf32, t_tetrakbt -300)		44	2.7730	-0.0001	0.0001	0.0033	0.0282	PASS	b2	False	fb2da026b	M=2.8430
mp-23009	Ca2BrN	4	R-3m (166)	GOOD	2.3035	4.0900	N	I	CHECK	2.4254	0.0000	True	4.0200	4.4000	kr7	b695fa65c (tf32, t_tetrakbt -300)		31	4.0899	-0.0002	-0.0000	0.0071	0.0408	PASS	b1	False	fb2da026b	M=3.8670
mp-22936	Ca2NCl	4	R-3m (166)	NOTCONV_MAY	2.2222	4.1525	N	I		2.3710	0.0000	True	4.1300	4.5200	kr7	b695fa65c (tf32, t_tetrakbt -300)		31	4.1525	-0.0000	-0.0001	0.0059	0.0396	PASS	b1	False	fb2da026b	R=4.1526
mp-23040	Ca2PI	4	R-3m (166)	NOTCONV_MAY	1.5473	2.9376	N	I		1.6997	0.0000	True	2.9700	3.2700	kr7	b695fa65c (tf32, t_tetrakbt -300)		44	2.9375	0.0000	0.0001	0.0023	0.0192	PASS	b2	False	fb2da026b	R=2.9375
mp-568177	CaAlSiH	4	P3m1 (156)	GOOD	0.2606	1.0308	N	I		0.3694	0.0000	True	1.0600	1.2000	kr7	b695fa65c (tf32, t_tetrakbt -300)		31	1.0306	0.0001	-0.0000	0.0014	0.0079	PASS	b1	False	614ab5eb8	M=1.0310
mp-4124	CaCN2	4	R-3m (166)	NOTCONV_MAY	3.2555	5.4758	N	I		3.5774	0.0000	True	5.4800	5.9400	kr7	b695fa65c (tf32, t_tetrakbt -300)		29	5.4777	-0.0000	0.0021	0.0107	0.0983	PASS	b2	False	614ab5eb8	R=5.4756
mp-7041	CaHgO2	4	R-3m (166)	NOTCONV_MAY	2.1342	4.4353	N	I		2.1435	0.0000	True	4.4400	4.8800	kr7	b695fa65c (tf32, t_tetrakbt -300)		34	4.4353	-0.0001	0.0000	0.0046	0.0353	PASS	b2	False	614ab5eb8	R=4.4357
mp-672	Cd2S2	4	P6_3mc (186)	GOOD	0.8945	2.4062	N	D		1.1162	0.0000	True	2.3300	2.7500	kr7	b695fa65c (tf32, t_tetrakbt -300)		36	2.4200	-0.0001	0.0138	0.0099	0.0539	PASS	b1	False	614ab5eb8	M=2.4240
mp-1070	Cd2Se2	4	P6_3mc (186)	GOOD	0.3392	1.7885	N	D		0.5589	0.0000	True	1.6300	2.1200	kr7	b695fa65c (tf32, t_tetrakbt -300)		36	1.8089	0.0001	0.0205	0.0109	0.0574	PASS	b1	False	a1d6c0e11	M=1.7760
mp-12779	Cd2Te2	4	P6_3mc (186)	GOOD	0.4418	1.7354	E	D		0.6186	0.0026	True	1.6600	2.0400	kr7	0601771b4 (tf32, t_tetrakbt -300) with ES, ES rule es-c		38	1.7358	0.0000	0.0004	0.0027	0.0217	PASS	b1	True	f16f0ea3d	E1=1.7328;M=1.7230;N=1.7201
mp-10969	CdCN2	4	R-3m (166)	FAILED_MAY	2.0838	3.8166	N	I		2.3076	0.0000	True	3.5500	3.8300	kr7	b695fa65c (tf32, t_tetrakbt -300)		29	3.8213	-0.0000	0.0047	0.0026	0.0118	PASS	b2	False	a1d6c0e11	R=3.8165
mp-9146	CdHgO2	4	C2/m (12)	GOOD	0.3151	1.9507	N	I	differs	0.3593	0.0030	True	1.8900	2.4300	kr7	b695fa65c (tf32, t_tetrakbt -300)		26	1.9506	0.0000	0.0000	0.0057	0.0790	PASS	b1	False	614ab5eb8	M=2.0230
mp-22848	Cl4	4	Cmce (64)	GOOD	2.0924	5.7805	E	D	differs	2.2818	0.0000	True	5.6500	6.6200	kr7	0601771b4 (tf32, t_tetrakbt -300) with ES, ES rule es-c		44	5.7797	0.0000	0.0002	0.0003	0.0013	PASS	b1	True	d90296348	M=5.7940;N=5.8556
mp-7896	Cs2O2	4	Immm (71)	GOOD	1.5280	4.0093	N	I	differs	1.6572	0.0000	True	3.9300	4.5000	kr7	b695fa65c (tf32, t_tetrakbt -300)		40	3.9862	0.0000	-0.0017	0.0079	0.0361	PASS	b2	False	614ab5eb8	M=3.9470
mp-29266	Cs2S2	4	Immm (71)	GOOD	1.4972	3.8724	E	I	differs	1.7260	0.0000	True			kr7	0601771b4 (tf32, t_tetrakbt -300) with ES, ES rule es-c		46	3.8176	0.0044	0.0014	0.0127	0.0971	PASS	b1	True	a45169f3c	E1=3.8492;M=3.9000;N=3.9263
mp-635413	Cs3Bi	4	Fm-3m (225)	GOOD	0.1097	1.1128	N	I		0.1790	0.0000	True	1.0200	1.3400	kr7	b695fa65c (tf32, t_tetrakbt -300)		61	1.1124	0.0000	0.0000	0.0026	0.0136	PASS	b2	False	614ab5eb8	M=1.0670
mp-10378	Cs3Sb	4	Fm-3m (225)	GOOD	0.4800	1.6139	N	I		0.6126	0.0000	True	1.5700	1.8800	kr7	b695fa65c (tf32, t_tetrakbt -300)		57	1.6132	0.0003	-0.0001	0.0020	0.0104	PASS	b2	False	a1d6c0e11	M=1.6560
mp-1065405	CsAuC2	4	P4/mmm (123)	GOOD	1.9860	4.0567	N	I		2.0625	0.3290	True	3.9800	4.3600	kr7	b695fa65c (tf32, t_tetrakbt -300)		46	4.0564	-0.0010	0.0002	0.0036	0.0725	PASS	b2d	False	7d5dfe714	M=4.0370
mp-28650	CsBr2F	4	P4/mmm (123)	GOOD	1.6334	4.7037	E	D		1.7763	0.2144	True	4.7900	5.2600	kr7	0601771b4 (tf32, t_tetrakbt -300) with ES, ES rule es-c		39	4.7038	0.0000	0.0001	0.0004	0.0045	PASS	b1	True	f16f0ea3d	E1=4.6945;M=4.7170;N=4.6684
mp-22990	CsICl2	4	R-3m (166)	GOOD	2.0940	4.8150	N	I	differs	2.2301	0.0000	True	5.0300	5.3700	kr7	b695fa65c (tf32, t_tetrakbt -300)		40	4.7827	0.0000	0.0028	0.0017	0.0098	PASS	b2	False	fb2da026b	M=4.9790
mp-581024	CsK2Sb	4	Fm-3m (225)	GOOD	0.8197	2.0280	N	D		0.8614	0.0000	True	1.9500	2.3400	kr7	b695fa65c (tf32, t_tetrakbt -300)		57	2.0278	-0.0000	0.0000	0.0019	0.0131	PASS	b2	False	614ab5eb8	M=2.0230
mp-22917	Cu2Br2	4	P4/nmm (129)	GOOD	0.9277	2.8392	N	D	differs	0.9962	0.0018	True	2.7700	3.2400	kr7	b695fa65c (tf32, t_tetrakbt -300)		44	2.8391	0.0000	0.0000	0.0008	0.0097	PASS	b2all	False	fb2da026b	M=2.7830
mp-23227	Cu2Br2	4	P6_3/mmc (194)	DRIFT_GOOD	0.3868	2.3124	N	D		0.4321	0.0415	True	2.0200	2.6900	kt1	989a18637 (tf32, t_tetrakbt -300)		44	2.3124	-0.0000	-0.0001	0.0012	0.0070	PASS	b2all	False	fb2da026b	M=2.3360
mp-24093	Cu2H2	4	P6_3mc (186)	GOOD	0.4483	1.3580	N	I		0.5729	0.1152	True	1.3300	1.5200	kr7	b695fa65c (tf32, t_tetrakbt -300)		26	1.3519	0.0002	-0.0001	0.0049	0.0649	PASS	b1	False	fb2da026b	M=1.3660
mp-1007922	Cu2I2	4	Cmcm (63)	GOOD	0.9340	2.5405	N	D		0.9594	0.0581	True	2.5400	2.8600	kr7	b695fa65c (tf32, t_tetrakbt -300)		44	2.5406	-0.0000	0.0000	0.0079	0.0791	PASS	b2all	False	a1d6c0e11	M=2.5060
mp-22863	Cu2I2	4	P4/nmm (129)	GOOD	1.4996	3.0983	N	D	differs	1.5716	0.0134	True	3.1200	3.4100	kr7	b695fa65c (tf32, t_tetrakbt -300)		44	3.0983	0.0000	0.0000	0.0027	0.0454	PASS	b2all	False	fb2da026b	M=3.0330
mp-569346	Cu2I2	4	P6_3mc (186)	GOOD	1.1469	2.8261	N	D		1.2120	0.0089	True	2.7800	3.1900	kr7	b695fa65c (tf32, t_tetrakbt -300)		52	2.8262	-0.0001	0.0000	0.0008	0.0073	PASS	b2d	False	1fd34b1c0	M=2.8280
mp-1933	Cu3N	4	Pm-3m (221)	GOOD	0.2846	0.9453	E	I	differs	0.1947	0.1921	True	0.8200	0.9600	kr7	0601771b4 (tf32, t_tetrakbt -300) with ES, ES rule es-c		32	0.9455	-0.0001	0.0000	0.0029	0.0670	PASS	b1	True	f16f0ea3d	E1=0.9301;M=0.8570;N=0.8611
mp-29643	CuAsSe2	4	R3m (160)	GOOD	0.6613	0.9425	N	I	path<mesh(mesh)	0.3220	0.1090	True	0.5000	0.5300	kr7	b695fa65c (tf32, t_tetrakbt -300)		48	0.5182	0.0002	-0.0032	0.0009	0.0052	PASS	b2all	False	fb2da026b	M=0.9470
mp-672285	CuCSN	4	R3m (160)	GOOD	2.0724	3.4775	E	I	differs	2.2697	0.1630	True	3.5200	3.8900	kr7	0601771b4 (tf32, t_tetrakbt -300) with ES, ES rule es-c		39	3.4776	-0.0000	0.0001	0.0042	0.0527	PASS	b2all	True	a45169f3c	M=3.2910;N=3.5956
mp-14116	CuRhO2	4	R-3m (166)	DRIFT_GOOD	0.8066	2.0344	N	I	differs	0.7063	0.0000	True	1.8400	2.1000	kt1	989a18637 (tf32, t_tetrakbt -300)		26	1.9668	0.0006	0.0168	0.0021	0.0316	PASS	b1	False	96ec5c1ee	M=1.9360
mp-561203	F4	4	C2/c (15)	NOTCONV_MAY	2.4284	9.9284	N	D		2.8984	0.0031	True	10.0700	11.5800	kr7	b695fa65c (tf32, t_tetrakbt -300)		16	9.9296	0.0001	0.0013	0.0015	0.0172	PASS	b1	False	614ab5eb8	R=9.9285
mp-804	Ga2N2	4	P6_3mc (186)	GOOD	1.9151	3.2963	N	D		1.7376	0.0000	True	3.3500	3.6200	kr7	b695fa65c (tf32, t_tetrakbt -300)		36	3.2967	0.0000	0.0004	0.0024	0.0178	PASS	b1	False	614ab5eb8	M=3.2910
mp-1018275	Ga2P2	4	R-3m (166)	GOOD	0.7171	1.4048	N	I		0.8340	0.1342	True	1.4600	1.5600	kr7	b695fa65c (tf32, t_tetrakbt -300)		46	1.4053	0.0000	0.0009	0.0044	0.0251	PASS	b1	False	a1d6c0e11	M=1.4170
mp-9889	Ga2S2	4	R-3m (166)	NOTCONV_MAY	1.4399	2.9805	N	D		1.8665	0.0049	True	3.0000	3.2500	kr7	b695fa65c (tf32, t_tetrakbt -300)		54	2.9867	0.0000	0.0063	0.0040	0.0229	PASS	b2	False	614ab5eb8	R=2.9804
mp-11342	Ga2Se2	4	R3m (160)	GOOD	1.1127	2.5972	E	D		1.2294	0.0014	True	2.6700	3.0000	kr7	0601771b4 (tf32, t_tetrakbt -300) with ES, ES rule es-a		47	2.5953	0.0014	0.0003	0.0068	0.0596	PASS	b1	True	f1c43557a	M=2.5830;N=2.6001
mp-4280	GaCuO2	4	R-3m (166)	GOOD	1.0091	2.5877	N	I	CHECK	0.7767	0.0003	True	2.6100	2.8500	kt1	989a18637 (tf32, t_tetrakbt -300)		43	2.5843	0.0009	0.0000	0.0049	0.0295	PASS	b2all	False	fb2da026b	M=2.0830
mp-632229	H2Br2	4	Cmc2_1 (36)	GOOD	4.3342	7.7133	E	D	CHECK	4.9402	0.0000	True	7.9500	8.6300	kr7	0601771b4 (tf32, t_tetrakbt -300) with ES, ES rule es-c		44	7.7133	0.0000	0.0000	0.0051	0.0410	PASS	b2all	True	a45169f3c	E1=7.5094;M=7.6940;N=7.7827
mp-632326	H2Cl2	4	Cmc2_1 (36)	GOOD	5.3643	9.2588	E	D	CHECK	5.9674	0.0000	True	9.5400	10.2800	kr7	0601771b4 (tf32, t_tetrakbt -300) with ES, ES rule es-c		44	9.2588	-0.0000	-0.0001	0.0039	0.0253	PASS	b2all	True	a45169f3c	E1=9.0107;M=9.2650;N=9.2988
mp-632296	H2F2	4	Cmc2_1 (36)	NOTCONV_MAY	6.3947	11.8820	E	D	CHECK	6.7393	0.0306	True	12.5300	13.5400	kr7	0601771b4 (tf32, t_tetrakbt -300) with ES, ES rule es-c		18	11.8820	-0.0001	-0.0001	0.0036	0.0562	PASS	b1	True	f16f0ea3d	N=12.2537;R=12.2537
mp-24504	H4	4	P6_3/mmc (194)	GOOD	8.9658	15.7121	E	D	CHECK vs2025	9.3639	0.0024	True	8.9700	8.9700	kt1	0601771b4 (tf32, t_tetrakbt -300) with ES, ES rule es-c	2025 values equal to LDA (the 2025 QSGW of H4 had not run)	34	15.7117	0.0002	-0.0001	0.0071	0.0302	PASS	b2	True	f16f0ea3d	E1=15.5047;M=15.7090;N=15.7507
mp-23177	Hg2Br2	4	I4/mmm (139)	GOOD	2.0232	3.5418	E	I	differs	2.2635	0.0000	True	3.5300	3.8600	kr7	0601771b4 (tf32, t_tetrakbt -300) with ES, ES rule es-c		40	3.4425	-0.0000	-0.0002	0.0005	0.0068	PASS	b1	True	f16f0ea3d	M=3.5870;N=3.6041
mp-22897	Hg2Cl2	4	I4/mmm (139)	GOOD	2.3648	4.0892	E	I	differs	2.7351	0.0000	True	4.1900	4.5500	kr7	0601771b4 (tf32, t_tetrakbt -300) with ES, ES rule es-c		40	4.0756	0.0000	-0.0011	0.0006	0.0100	PASS	b1	True	f16f0ea3d	M=4.0730;N=4.1565
mp-706	Hg2F2	4	I4/mmm (139)	NOTCONV_MAY	1.3977	2.8880	E	I		1.7704	0.0000	True	2.9400	3.2000	kr7	0601771b4 (tf32, t_tetrakbt -300) with ES, ES rule es-c		29	2.8879	-0.0000	-0.0001	0.0006	0.0055	PASS	b1	True	f16f0ea3d	N=2.8909;R=2.8914
mp-22859	Hg2I2	4	I4/mmm (139)	GOOD	1.6119	2.8492	E	I	differs	1.6580	0.0000	True	2.8600	3.1200	kr7	0601771b4 (tf32, t_tetrakbt -300) with ES, ES rule es-c		40	2.7779	0.0001	-0.0000	0.0004	0.0043	PASS	b1	True	f16f0ea3d	M=2.8540;N=2.9054
mp-1525634	I4	4	Cmce (64)	GOOD	0.9100	2.0846	E	I	differs			False	2.0400	2.3400	kr7	0601771b4 (tf32, t_tetrakbt -300) with ES, ES rule es-c		44	2.0788	-0.0000	-0.0006	0.0004	0.0026	PASS	b1	True	d90296348	M=2.1380;N=2.1333
mp-23153	I4	4	Cmce (64)	DRIFT_GOOD	0.8858	2.1569	E	I		1.0121	0.0000	True	2.0500	2.4000	kt1	0601771b4 (tf32, t_tetrakbt -300) with ES, ES rule es-c		44	2.1562	-0.0000	0.0005	0.0002	0.0010	PASS	b1	True	f16f0ea3d	M=2.1470;N=2.1586
mp-22870	In2Br2	4	Cmcm (63)	GOOD	1.1137	1.9854	E	I		1.2571	0.0000	True	2.0100	2.1700	kr7	0601771b4 (tf32, t_tetrakbt -300) with ES, ES rule es-c		48	1.9698	0.0002	-0.0005	0.0005	0.0040	PASS	b1	True	f16f0ea3d	M=2.0320;N=1.9901
mp-571555	In2Cl2	4	Cmcm (63)	GOOD	1.1474	2.1270	E	I	differs	1.3655	0.0031	True	2.1700	2.3600	kr7	0601771b4 (tf32, t_tetrakbt -300) with ES, ES rule es-c		48	2.1268	0.0000	0.0002	0.0007	0.0048	PASS	b1	True	f16f0ea3d	M=2.1830;N=2.1271
mp-571636	In2Cl2	4	Cmc2_1 (36)	DRIFT_GOOD	1.3797	2.5200	E	I	differs	1.4020	0.0016	True	2.5600	2.7800	kt1	0601771b4 (tf32, t_tetrakbt -300) with ES, ES rule es-c		48	2.5198	0.0000	0.0001	0.0007	0.0053	PASS	b1	True	f16f0ea3d	M=2.4670;N=2.5199
mp-23202	In2I2	4	Cmcm (63)	GOOD	1.3951	2.1374	E	I		1.3412	0.0000	True	2.1100	2.2300	kr7	0601771b4 (tf32, t_tetrakbt -300) with ES, ES rule es-c		48	2.0472	0.0003	-0.0012	0.0005	0.0037	PASS	b1	True	f16f0ea3d	M=2.1360;N=2.1430
mp-21405	In2Se2	4	C2/m (12)	GOOD	0.9675	1.9075	N	I		1.0468	0.0367	True	1.9700	2.1500	kr7	b695fa65c (tf32, t_tetrakbt -300)		46	1.9462	-0.0012	0.0010	0.0049	0.0594	PASS	b1	False	fb2da026b	M=1.8900
mp-22691	In2Se2	4	R3m (160)	GOOD	0.2111	1.2757	N	D		0.5385	0.0004	True	1.1600	1.4700	kr7	b695fa65c (tf32, t_tetrakbt -300)		46	1.2901	0.0007	0.0151	0.0121	0.0861	PASS	b1	False	fb2da026b	M=1.2800
mp-22660	InAgO2	4	R-3m (166)	NOTCONV_MAY	0.2776	1.9746	N	I		0.2183	0.0003	True	1.9700	2.2900	kr7	b695fa65c (tf32, t_tetrakbt -300)		31	1.9721	-0.0005	-0.0000	0.0010	0.0091	PASS	b1	False	fb2da026b	R=1.9751
mp-20162	InAgS2	4	R-3m (166)	GOOD	0.0522	0.8148	N	D	differs	0.1087	0.0897	True	0.5800	1.0200	kr7	b695fa65c (tf32, t_tetrakbt -300)		41	0.8138	-0.0005	0.0000	0.0006	0.0049	PASS	b1	False	fb2da026b	M=0.7280
mp-20930	InCuO2	4	R-3m (166)	NOTCONV_MAY	0.3946	1.9555	N	I		0.2466	0.0053	True	1.9300	2.1600	kr7	b695fa65c (tf32, t_tetrakbt -300)		31	1.9417	-0.0001	0.0001	0.0020	0.0360	PASS	b1	False	fb2da026b	R=1.9550
mp-568516	K3Bi	4	Fm-3m (225)	GOOD	0.0940	0.9620	N	D		0.1286	0.0144	True	0.7500	1.1400	kr7	b695fa65c (tf32, t_tetrakbt -300)		61	0.9619	-0.0000	-0.0000	0.0014	0.0078	PASS	b2	False	614ab5eb8	M=0.9480
mp-10159	K3Sb	4	Fm-3m (225)	GOOD	0.6075	1.7127	N	D		0.6766	0.0152	True	1.5900	2.0000	kr7	b695fa65c (tf32, t_tetrakbt -300)		57	1.7127	0.0000	0.0000	0.0021	0.0148	PASS	b2	False	a1d6c0e11	M=1.7240
mp-10102	KAgC2	4	P4/mmm (123)	GOOD	2.4131	4.6259	N	I		2.4769	0.3801	True	4.6500	5.0800	kr7	b695fa65c (tf32, t_tetrakbt -300)		41	4.6259	-0.0001	0.0000	0.0016	0.0314	PASS	b2	False	a1d6c0e11	M=4.5850
mp-10423	KAuC2	4	P4/mmm (123)	SUSPECT_GOOD	1.9321	3.9319	N	I		2.0249	0.3378	True	3.9200	4.2900	kt1	989a18637 (tf32, t_tetrakbt -300)		41	3.9319	0.0000	0.0001	0.0016	0.0215	PASS	b2	False	a1d6c0e11	M=3.9500;R=3.9319
mp-27418	KAuO2	4	Pmmm (47)	GOOD	0.8754	3.4068	N	I	differs	1.0923	0.0279	True	3.4700	3.8200	kr7	b695fa65c (tf32, t_tetrakbt -300)		29	3.3832	0.0000	0.0010	0.0014	0.0255	PASS	b1	False	fb2da026b	M=3.4620
mp-34857	KNO2	4	Cm (8)	NOTCONV_MAY	2.3730	7.1709	N	D		2.4952	0.0004	True	7.8700	8.2900	kr7	b695fa65c (tf32, t_tetrakbt -300)		28	7.2378	-0.0000	0.0038	0.0058	0.0423	PASS	b2	False	614ab5eb8	R=7.1705
mp-546787	KNO2	4	Cm (8)	NOTCONV_MAY	2.3533	7.0546	N	I		2.4770	0.0166	True	7.5800	8.0300	kr7	b695fa65c (tf32, t_tetrakbt -300)		28	7.0803	0.0000	0.0255	0.0032	0.0255	PASS	b2	False	614ab5eb8	R=7.0547
mp-15724	KNa2Sb	4	Fm-3m (225)	GOOD	0.6254	1.8249	N	D		0.6678	0.0000	True	1.7800	2.1500	kr7	b695fa65c (tf32, t_tetrakbt -300)		39	1.8248	-0.0000	0.0000	0.0004	0.0025	PASS	b1	False	0c4d16ceb	M=1.8140
mp-8188	KScO2	4	R-3m (166)	GOOD	3.5150	6.5392	N	I	CHECK	3.6241	0.0000	True	6.3000	7.0700	kr7	b695fa65c (tf32, t_tetrakbt -300)		29	6.5392	-0.0000	-0.0001	0.0043	0.0488	PASS	b1	False	614ab5eb8	M=6.2170
mp-8175	KTlO2	4	R-3m (166)	NOTCONV_MAY	0.8939	2.2278	N	I		0.8820	0.0000	True	2.2600	2.4200	kr7	b695fa65c (tf32, t_tetrakbt -300)		34	2.2277	-0.0001	-0.0001	0.0009	0.0079	PASS	b1	False	614ab5eb8	R=2.2283
mp-8409	KYO2	4	R-3m (166)	GOOD	3.8948	6.4786	N	D	CHECK	3.9739	0.0000	True	6.3800	6.9400	kr7	b695fa65c (tf32, t_tetrakbt -300)		29	6.4788	-0.0001	0.0000	0.0044	0.0436	PASS	b1	False	614ab5eb8	M=6.0510
mp-1006888	KYS2	4	R-3m (166)	SUSPECT_GOOD	2.1509	4.0197	N	I	CHECK	2.3221	0.0000	True	4.1000	4.4900	kt1	989a18637 (tf32, t_tetrakbt -300)		39	4.0195	-0.0001	0.0001	0.0040	0.0383	PASS	b1	False	7d5dfe714	M=3.4240;R=4.0198
mp-16763	KYTe2	4	R-3m (166)	FAILED_MAY	1.2067	2.4388	N	I		1.2981	0.0000	True	2.5400	2.7900	kr7	b695fa65c (tf32, t_tetrakbt -300)		43	2.4399	-0.0000	0.0012	0.0017	0.0097	PASS	b2	False	0c4d16ceb	R=2.4390
mp-16238	Li2AgSb	4	F-43m (216)	GOOD	0.0687	0.8407	N	D		0.1478	0.0000	True	0.8500	0.9800	kr7	b695fa65c (tf32, t_tetrakbt -300)		26	0.8408	-0.0001	0.0000	0.0010	0.0070	PASS	b1	False	0c4d16ceb	M=0.8280
mp-1378	Li2C2	4	Immm (71)	GOOD	3.1967	5.8148	N	I		3.2727	0.0000	True	5.9000	6.3800	kr7	b695fa65c (tf32, t_tetrakbt -300)		16	5.8226	0.0000	0.0080	0.0059	0.0650	PASS	b1	False	a1d6c0e11	M=5.7770
mp-15988	Li2CuSb	4	F-43m (216)	GOOD	0.4965	0.9400	N	I		0.4592	0.0223	True	0.9900	1.0600	kr7	b695fa65c (tf32, t_tetrakbt -300)		26	0.9400	-0.0001	-0.0001	0.0010	0.0081	PASS	b1	False	0c4d16ceb	M=0.9450
mp-568273	Li2I2	4	P6_3/mmc (194)	GOOD	4.2837	6.3248	N	I	differs	4.2319	0.0289	True	6.4800	6.8200	kr7	b695fa65c (tf32, t_tetrakbt -300)		34	6.3281	-0.0011	0.0050	0.0029	0.0170	PASS	b2	False	614ab5eb8	M=6.2300
mp-570935	Li2I2	4	P6_3mc (186)	GOOD	4.1849	6.5682	E	D	differs	4.3818	0.0000	True	6.7900	7.2300	kr7	0601771b4 (tf32, t_tetrakbt -300) with ES, ES rule es-c		28	6.5721	0.0001	0.0042	0.0164	0.0932	PASS	b1	True	a45169f3c	E1=6.5613;M=6.6050;N=6.6233
mp-23222	Li3Bi	4	Fm-3m (225)	GOOD	0.4440	1.0625	N	I	differs	0.3429	0.0000	True	1.1200	1.2000	kr7	b695fa65c (tf32, t_tetrakbt -300)		21	1.0493	-0.0011	-0.0001	0.0009	0.0044	PASS	b1	False	fb2da026b	M=0.9970
mp-2251	Li3N	4	P6/mmm (191)	GOOD	1.1345	2.4508	N	I		0.9840	0.0000	True	2.3900	2.6600	kr7	b695fa65c (tf32, t_tetrakbt -300)		28	2.4505	-0.0001	-0.0000	0.0117	0.0712	PASS	b2	False	fb2da026b	M=2.4680
mp-2074	Li3Sb	4	Fm-3m (225)	GOOD	0.7443	1.4799	N	I		0.7074	0.0080	True	1.5600	1.6500	kr7	b695fa65c (tf32, t_tetrakbt -300)		21	1.4691	-0.0013	-0.0000	0.0010	0.0038	PASS	b1	False	fb2da026b	M=1.4880
mp-571454	LiAgC2	4	P-6m2 (187)	DRIFT_GOOD	1.4575	3.3262	N	I		1.4490	0.4882	True			kt1	989a18637 (tf32, t_tetrakbt -300)		21	3.2779	0.0002	0.0024	0.0017	0.0355	PASS	b1	False	fb2da026b	M=3.2870
mp-8001	LiAlO2	4	R-3m (166)	NOTCONV_MAY	6.6328	9.8387	N	I		6.1183	0.0000	True	9.8400	10.3400	kr7	b695fa65c (tf32, t_tetrakbt -300)		21	9.8037	-0.0009	-0.0001	0.0023	0.0173	PASS	b1	False	614ab5eb8	R=9.8376
mp-29868	LiAuC2	4	P-6m2 (187)	GOOD	1.4397	3.0130	N	I		1.5321	0.4988	True	2.8700	3.1500	kr7	b695fa65c (tf32, t_tetrakbt -300)		21	3.0161	-0.0001	0.0032	0.0019	0.0187	PASS	b1	False	fb2da026b	M=2.9970
mp-22526	LiCoO2	4	R-3m (166)	NOTCONV_MAY	0.9220	3.3019	N	I	differs	0.6623	0.0000	True	2.5400	3.2500	kr7	b695fa65c (tf32, t_tetrakbt -300)	N 3.30 vs R 3.19 eV (NOTCONV in May): slow convergence within the 0.1 eV criterion	21	3.3341	-0.0020	0.0029	0.0039	0.0411	PASS	b1	False	fb2da026b	R=3.1941
mp-9158	LiCuO2	4	C2/m (12)	GOOD	0.3175	2.3328	N	I		0.3778	0.0000	True	2.0800	2.5400	kr7	b695fa65c (tf32, t_tetrakbt -300)		21	2.2531	-0.0004	0.0014	0.0009	0.0047	PASS	b1	False	614ab5eb8	M=2.3190
mp-8002	LiGaO2	4	R-3m (166)	GOOD	3.7120	6.1814	N	I	CHECK	3.7448	0.0662	True	6.1500	6.5500	kt1	989a18637 (tf32, t_tetrakbt -300)	May value 4.75 eV wrong (N 6.18, 2025 6.55)	26	6.1611	0.0001	-0.0001	0.0015	0.0069	PASS	b1	False	fb2da026b	M=4.7470
mp-24199	LiHF2	4	R-3m (166)	GOOD	8.0805	13.0267	N	I	CHECK vs2025	8.0448	0.0000	True	12.8200	13.4100	kt1	989a18637 (tf32, t_tetrakbt -300)		24	13.0266	-0.0001	0.0001	0.0122	0.0748	PASS	b2	False	fb2da026b	M=11.9590
mp-10618	LiInSe2	4	R-3m (166)	GOOD	0.6641	1.6964	N	I		0.8392	0.0818	True	1.8100	1.9800	kr7	b695fa65c (tf32, t_tetrakbt -300)		36	1.7302	0.0005	-0.0000	0.0013	0.0047	PASS	b1	False	a1d6c0e11	M=1.6950
mp-2659	LiN3	4	C2/m (12)	GOOD	3.6021	6.6175	N	I	differs vs2025	3.6364	0.0000	True	6.7600	6.6200	kt1	989a18637 (tf32, t_tetrakbt -300)		32	6.6170	-0.0001	0.0003	0.0103	0.0777	PASS	b2all	False	fb2da026b	M=6.4950
mp-14115	LiRhO2	4	R-3m (166)	GOOD	1.3104	3.3321	N	I	differs	1.4077	0.0000	True	3.2700	3.7800	kr7	b695fa65c (tf32, t_tetrakbt -300)		21	3.5227	-0.0010	0.0013	0.0014	0.0093	PASS	b1	False	96ec5c1ee	M=3.1360
mp-1001786	LiScS2	4	R-3m (166)	SUSPECT_GOOD	1.3315	3.0432	N	I	CHECK	1.4844	0.0000	True	3.0300	3.4000	kt1	989a18637 (tf32, t_tetrakbt -300)		31	3.0392	0.0007	0.0001	0.0008	0.0050	PASS	b1	False	5baf562f0	M=2.7530;R=3.0435
mp-15788	LiYS2	4	R-3m (166)	GOOD	1.7536	3.2879	N	I	CHECK	1.9204	0.0000	True	3.3200	3.6100	kr7	b695fa65c (tf32, t_tetrakbt -300)		31	3.2854	0.0001	0.0001	0.0009	0.0061	PASS	b1	False	0c4d16ceb	M=2.9910
mp-15794	LiYSe2	4	R-3m (166)	NOTCONV_MAY	1.4039	2.6991	N	I		1.5255	0.0000	True	2.7300	2.9800	kr7	b695fa65c (tf32, t_tetrakbt -300)		31	2.6987	0.0000	0.0002	0.0011	0.0053	PASS	b1	False	0c4d16ceb	R=2.6992
mp-549706	Mg2O2	4	P6_3mc (186)	NOTCONV_MAY	3.4011	6.5446	N	D		3.3701	0.1180	True	6.5600	7.2900	kr7	b695fa65c (tf32, t_tetrakbt -300)		26	6.5896	0.0001	0.0452	0.0107	0.0937	PASS	b1	False	614ab5eb8	R=6.5449
mp-1018040	Mg2Se2	4	P6_3mc (186)	GOOD	2.4329	4.5001	N	D		2.5791	0.0000	True	4.5900	5.0100	kr7	b695fa65c (tf32, t_tetrakbt -300)		44	4.4999	-0.0000	0.0003	0.0036	0.0303	PASS	b2	False	a1d6c0e11	M=4.4680
mp-1039	Mg2Te2	4	P6_3mc (186)	GOOD	2.2120	3.8765	E	D		2.3612	0.0000	True	4.0300	4.3400	kr7	0601771b4 (tf32, t_tetrakbt -300) with ES, ES rule es-c		38	3.8776	0.0000	0.0013	0.0091	0.0527	PASS	b1	True	f16f0ea3d	E1=3.8683;M=3.9210;N=3.9221
mp-9166	MgCN2	4	R-3m (166)	NOTCONV_MAY	3.6010	6.2847	N	I		3.7571	0.0000	True	6.4800	6.7900	kr7	b695fa65c (tf32, t_tetrakbt -300)		29	6.2847	-0.0000	0.0001	0.0034	0.0275	PASS	b2	False	614ab5eb8	R=6.2843
mp-1017514	MgSiN2	4	R-3m (166)	NOTCONV_MAY	4.0786	6.0648	N	I		4.1797	0.2826	True	6.1600	6.4000	kr7	b695fa65c (tf32, t_tetrakbt -300)		26	6.0237	0.0013	-0.0001	0.0031	0.0146	PASS	b1	False	a1d6c0e11	R=6.0650
mp-570747	N4	4	P4_2/mnm (136)	GOOD	6.7726	12.5954	E	I	CHECK vs2025	6.7770	0.0024	True	14.3300	14.7500	kr7	0601771b4 (tf32, t_tetrakbt -300) with ES, ES rule es-c		40	12.5904	0.0049	0.0001	0.0047	0.0406	PASS	b2all	True	a45169f3c	E1=12.7074;M=13.2380;N=13.2531
mp-672233	N4	4	P6_3/mmc (194)	GOOD	6.9301	13.3369	E	I	CHECK	6.6026	0.0115	True	14.5900	15.0600	kr7	0601771b4 (tf32, t_tetrakbt -300) with ES, ES rule es-c		24	13.3129	0.0016	0.0021	0.0065	0.0879	PASS	b1	True	a45169f3c	M=13.7180;N=13.4952
mp-11180	Na2C2	4	Immm (71)	GOOD	3.3674	6.1827	N	I	differs	3.4916	0.2316	True			kr7	b695fa65c (tf32, t_tetrakbt -300)		42	6.1822	0.0004	0.0000	0.0053	0.0315	PASS	b2	False	a1d6c0e11	M=6.2360
mp-723629	Na2I2	4	I4_1/amd (141)	GOOD	2.8596	5.4089	N	I		3.0788	0.1470	True	5.5000	6.0100	kr7	b695fa65c (tf32, t_tetrakbt -300)		44	5.4064	0.0001	0.0005	0.0011	0.0062	PASS	b2	False	614ab5eb8	M=5.4230
mp-8860	Na3As	4	Fm-3m (225)	GOOD	0.1215	1.2132	N	D	differs	0.1167	0.0425	True	1.0900	1.4600	kr7	b695fa65c (tf32, t_tetrakbt -300)		36	1.2127	-0.0001	-0.0000	0.0003	0.0012	PASS	b1	False	614ab5eb8	M=1.1500
mp-7748	NaAlO2	4	R-3m (166)	NOTCONV_MAY	4.6619	7.8459	N	D		4.7285	0.0650	True	7.8700	8.4700	kr7	b695fa65c (tf32, t_tetrakbt -300)		26	7.8457	-0.0001	-0.0000	0.0015	0.0060	PASS	b1	False	614ab5eb8	R=7.8473
mp-10422	NaAuC2	4	P4/mmm (123)	DRIFT_GOOD	1.2437	2.9348	N	I		1.3303	0.4190	True	3.0100	3.2900	kt1	989a18637 (tf32, t_tetrakbt -300)		26	2.9605	0.0000	0.0258	0.0062	0.0651	PASS	b1	False	a1d6c0e11	M=2.9690
mp-546500	NaCNO	4	R3m (160)	NOTCONV_MAY	4.2030	7.6658	N	I		4.4323	0.0851	True	7.9400	8.3800	kr7	b695fa65c (tf32, t_tetrakbt -300)		29	7.6671	-0.0000	0.0012	0.0026	0.0324	PASS	b2	False	614ab5eb8	R=7.6672
mp-18921	NaCoO2	4	R-3m (166)	FAILED_MAY	0.7920	3.3754	R	I	LDA≠PBE vs2025 N:MAXITER	2.1641	0.0000	True	2.3100	3.1600		989a18637 (fp32, t_tetrakbt +300)		26	3.4948	-0.0023	0.0055	0.0027	0.0101	PASS	b1	False	0c4d16ceb	
mp-4541	NaCuO2	4	C2/m (12)	GOOD	0.3399	2.8362	N	I	differs	0.4997	0.0000	True	2.6700	3.1400	kt1	989a18637 (tf32, t_tetrakbt -300)		26	2.8294	-0.0000	0.0002	0.0009	0.0059	PASS	b1	False	fb2da026b	M=2.9270
mp-27837	NaHF2	4	R-3m (166)	NOTCONV_MAY	6.7582	12.0564	N	D		6.8138	0.0000	True	12.4300	13.2000	kr7	b695fa65c (tf32, t_tetrakbt -300)		32	12.0496	-0.0010	-0.0001	0.0038	0.0230	PASS	b2	False	fb2da026b	R=12.0577
mp-5175	NaInO2	4	R-3m (166)	NOTCONV_MAY	2.0111	4.1107	N	I		1.9138	0.0000	True	4.1000	4.5000	kr7	b695fa65c (tf32, t_tetrakbt -300)		31	4.1106	0.0000	0.0000	0.0009	0.0049	PASS	b1	False	614ab5eb8	R=4.1103
mp-20289	NaInS2	4	R-3m (166)	DRIFT_GOOD	1.6204	3.1106	N	I	differs	1.8412	0.0000	True	3.2700	3.5100	kt1	989a18637 (tf32, t_tetrakbt -300)		41	3.1584	0.0009	-0.0001	0.0008	0.0037	PASS	b1	False	fb2da026b	M=3.0270
mp-22473	NaInSe2	4	R-3m (166)	NOTCONV_MAY	0.8847	2.0800	N	I		1.0193	0.0000	True	2.1700	2.4500	kr7	b695fa65c (tf32, t_tetrakbt -300)		41	2.1360	-0.0009	-0.0000	0.0009	0.0064	PASS	b1	False	fb2da026b	R=2.0800
mp-5077	NaLi2Sb	4	Fm-3m (225)	GOOD	0.6234	1.5367	N	I	differs	0.6796	0.0000	True	1.6100	1.7600	kr7	b695fa65c (tf32, t_tetrakbt -300)		26	1.5365	0.0000	-0.0001	0.0009	0.0040	PASS	b1	False	614ab5eb8	M=1.4240
mp-1066400	NaN3	4	R3m (160)	GOOD	3.9858	6.8742	E	I	differs	4.1464	0.0029	True	7.4800	7.7000	kr7	0601771b4 (tf32, t_tetrakbt -300) with ES, ES rule es-c		26	6.8756	0.0000	0.0015	0.0021	0.0140	PASS	b2	True	f09035a49	M=6.7120;N=7.0660
mp-22003	NaN3	4	R-3m (166)	SUSPECT_GOOD	3.9099	7.3089	N	I	CHECK	4.0268	0.0017	True	7.7400	7.9400	kt1	989a18637 (tf32, t_tetrakbt -300)		37	7.3098	0.0000	0.0011	0.0063	0.0474	PASS	b2all	False	fb2da026b	M=5.8320;R=7.3085
mp-570538	NaN3	4	C2/m (12)	GOOD	3.8254	7.2850	N	I	differs	3.9442	0.0000	True	7.7900	8.0200	kr7	b695fa65c (tf32, t_tetrakbt -300)		37	7.2853	-0.0000	0.0004	0.0072	0.0475	PASS	b2all	False	614ab5eb8	M=7.2220
mp-2964	NaNO2	4	Imm2 (44)	GOOD	2.3057	6.9324	N	I		2.4493	0.0184	True	7.4200	7.8800	kr7	b695fa65c (tf32, t_tetrakbt -300)		21	6.9008	0.0000	0.0035	0.0024	0.0094	PASS	b1	False	fb2da026b	M=6.9640
mp-7017	NaNbN2	4	R-3m (166)	GOOD	0.8781	1.8078	N	I	differs	0.8272	0.0134	True	1.8900	2.0100	kr7	b695fa65c (tf32, t_tetrakbt -300)		26	1.8078	-0.0000	-0.0001	0.0014	0.0073	PASS	b1	False	614ab5eb8	M=1.7550
mp-8830	NaRhO2	4	R-3m (166)	NOTCONV_MAY	1.1935	3.3229	N	I		1.2667	0.0000	True	3.3100	3.8200	kr7	b695fa65c (tf32, t_tetrakbt -300)		26	3.5209	-0.0006	0.0006	0.0014	0.0072	PASS	b1	False	614ab5eb8	R=3.3216
mp-7914	NaScO2	4	R-3m (166)	GOOD	3.8998	7.0890	N	I	CHECK	3.9788	0.0000	True	7.1000	7.7700	kt1	989a18637 (tf32, t_tetrakbt -300)		26	7.0891	-0.0001	-0.0002	0.0010	0.0053	PASS	b1	False	fb2da026b	M=6.5300
mp-999460	NaScS2	4	R-3m (166)	NOTCONV_MAY	1.5080	3.4123	N	I		1.6807	0.0000	True	3.4000	3.8200	kr7	b695fa65c (tf32, t_tetrakbt -300)		36	3.4123	-0.0001	0.0000	0.0008	0.0042	PASS	b1	False	614ab5eb8	R=3.4122
mp-5475	NaTaN2	4	R-3m (166)	GOOD	1.2547	2.4579	N	I	differs	1.2729	0.0000	True	2.5500	2.7200	kr7	b695fa65c (tf32, t_tetrakbt -300)		26	2.4577	0.0000	-0.0002	0.0018	0.0091	PASS	b1	False	614ab5eb8	M=2.2990
mp-3056	NaTlO2	4	R-3m (166)	SUSPECT_GOOD	0.6409	1.9817	N	I	CHECK	0.6208	0.0000	True	2.0300	2.1700	kt1	989a18637 (tf32, t_tetrakbt -300)		31	1.9815	-0.0000	-0.0001	0.0007	0.0039	PASS	b1	False	fb2da026b	M=1.4650;R=1.9814
mp-10226	NaYS2	4	R-3m (166)	FAILED_MAY	2.1178	3.8708	N	I		2.2793	0.0000	True	3.9600	4.3100	kr7	b695fa65c (tf32, t_tetrakbt -300)		36	3.8705	0.0000	0.0001	0.0009	0.0057	PASS	b1	False	a1d6c0e11	R=3.8705
mp-999448	NaYSe2	4	R-3m (166)	DRIFT_GOOD	1.7065	3.2145	N	I	differs	1.8342	0.0000	True	3.2900	3.6000	kt1	989a18637 (tf32, t_tetrakbt -300)		36	3.2145	-0.0000	0.0002	0.0012	0.0080	PASS	b1	False	fb2da026b	M=3.1070
mp-9339	Nb2P2	4	I4_1md (109)	UNKNOWN_MAY	0.0044	0.0000	N	metal		0.0000	0.0000	True			kt1	989a18637 (tf32, t_tetrakbt -300)		36				0.0009	0.0083	PASS	b1	False	fb2da026b	R=0.0000
mp-157	P4	4	Cmce (64)	GOOD	0.0152	0.7180	N	D		0.1151	0.0202	True	0.5800	0.9300	kr7	b695fa65c (tf32, t_tetrakbt -300)		36	0.7448	0.0000	0.0270	0.0042	0.0321	PASS	b1	False	0c4d16ceb	M=0.7470
mp-19921	Pb2O2	4	P4/nmm (129)	GOOD	1.4401	2.3801	N	I		1.5353	0.0000	True	2.4400	2.5700	kr7	b695fa65c (tf32, t_tetrakbt -300)		44	2.3773	0.0002	0.0000	0.0017	0.0179	PASS	b2	False	fb2da026b	M=2.4140
mp-1018115	Pb2S2	4	Cmcm (63)	GOOD	0.9887	1.6161	N	I		1.1489	0.0385	True	1.6800	1.7800	kr7	b695fa65c (tf32, t_tetrakbt -300)		36	1.6143	0.0000	0.0009	0.0005	0.0047	PASS	b1	False	a1d6c0e11	M=1.6190
mp-20526	Pb2S2	4	Aem2 (39)	SUSPECT_STRUCTURE	1.7394	3.2153	E	D		1.7010	0.0585	True	3.0900	3.2900	kr7	0601771b4 (tf32, t_tetrakbt -300) with ES, ES rule es-c		46	3.1373	-0.0091	-0.0036	0.0067	0.0372	PASS	b2	True	f16f0ea3d	E1=3.1889;M=3.2380;N=3.2447
mp-561320	Pb2S2	4	C2 (5)	SUSPECT_STRUCTURE	1.7376	4.1517	E	I	N:TIMEOUT MLO-FAIL	1.6721	0.0585	True	4.0900	4.2000		0601771b4 (tf32, t_tetrakbt -300) with ES, ES rule es-c	from 2026-10-07 22:10: QSGW80 converged again with ES outside both surfaces plus one ES2 (3.0 a.u.) at the vacuum centre (6 iterations, 4.152 eV); MLO still FAIL 0.38 eV: one band of the vacuum (CBM + 1.7 eV) is missed, the vacuum is 19 Å and the ES leave about 4 Å empty on each side; tests with p on the ES and with one more ES layer are going on (later list)	41	4.0652	0.0005	0.0013	0.0023	0.3768	FAIL	b1	True	05b140b0c	M=4.1200
mp-726184	Pb2S2	4	C2/m (12)	GOOD	1.7284	3.7250	E	D	N:TIMEOUT	1.7197	0.0590	True	3.5900	3.7800		0601771b4 (tf32, t_tetrakbt -300) with ES, ES rule es-c	from 2026-10-07 15:14: ES outside both surfaces (4, 2.6 a.u.) plus one ES2 at the vacuum centre (2.9 a.u.); MLO PASS 0.036 eV (surface ES only: 0.22 eV)	41	3.6301	0.0004	0.0019	0.0044	0.0359	PASS	b1	True	99b1f6351	M=3.7370
mp-727323	Pb2S2	4	C2/m (12)	GOOD	1.7279	3.1889	E	I		1.6545	0.0580	True	3.0600	3.2600	kr7	0601771b4 (tf32, t_tetrakbt -300) with ES, ES rule es-c		46	3.1055	-0.0071	-0.0062	0.0080	0.0476	PASS	b2	True	a45169f3c	M=3.2310;N=3.2164
mp-1063670	Pb2Se2	4	Cmcm (63)	DRIFT_GOOD	0.8409	1.3467	N	I		0.8327	0.0386	True	1.3600	1.4500	kt1	989a18637 (tf32, t_tetrakbt -300)		36	1.3131	0.0001	-0.0007	0.0010	0.0080	PASS	b1	False	a1d6c0e11	M=1.3640
mp-22009	Pb2Se2	4	Fmm2 (42)	SUSPECT_STRUCTURE	1.4580	2.8316	E	D	differs path<mesh(mesh)	1.2990	0.0731	True	2.8100	2.9400	kr7	0601771b4 (tf32, t_tetrakbt -300) with ES, ES rule es-c		46	2.6180	-0.0114	-0.0017	0.0069	0.0376	PASS	b2	True	f16f0ea3d	M=2.9260;N=2.8362
mp-288	Pt2S2	4	P4_2/mmc (131)	GOOD	0.2089	1.1979	N	D		0.3848	0.0000	True	1.2400	1.4400	kr7	b695fa65c (tf32, t_tetrakbt -300)		36	1.1978	-0.0000	-0.0000	0.0012	0.0217	PASS	b1	False	fb2da026b	M=1.1990
mp-7895	Rb2O2	4	Immm (71)	GOOD	1.6242	4.5747	N	I		1.7766	0.0000	True	4.5200	5.1700	kr7	b695fa65c (tf32, t_tetrakbt -300)		40	4.5770	-0.0000	0.0004	0.0020	0.0099	PASS	b2	False	614ab5eb8	M=4.5340
mp-558071	Rb2S2	4	Immm (71)	GOOD	1.4609	4.0217	E	I	differs	1.7115	0.0019	True	4.1300	4.6000	kr7	0601771b4 (tf32, t_tetrakbt -300) with ES, ES rule es-c		46	4.0014	0.0000	0.0005	0.0032	0.0295	PASS	b1	True	a45169f3c	E1=3.9235;M=4.0630;N=4.0672
mp-10421	RbAuC2	4	P4/mmm (123)	GOOD	2.1061	4.2090	N	I	differs	2.1956	0.3298	True	4.1300	4.5200	kr7	b695fa65c (tf32, t_tetrakbt -300)		41	4.2097	-0.0000	0.0007	0.0033	0.0307	PASS	b2	False	a1d6c0e11	M=4.0790
mp-30041	RbBiS2	4	R-3m (166)	NOTCONV_MAY	1.2414	2.2139	N	I		1.3390	0.0000	True	2.3300	2.5000	kr7	b695fa65c (tf32, t_tetrakbt -300)		39	2.2124	-0.0010	0.0002	0.0054	0.0397	PASS	b1	False	fb2da026b	R=2.2140
mp-5841	RbCuC2	4	P4/mmm (123)	GOOD	1.8702	3.9409	N	I	differs	1.8861	0.3061	True	3.7800	4.2100	kr7	b695fa65c (tf32, t_tetrakbt -300)		41	3.9471	-0.0001	0.0063	0.0043	0.0429	PASS	b2	False	614ab5eb8	M=3.8770
mp-581833	RbN3	4	P4/mmm (123)	FAILED_MAY	3.5979	6.4180	N	I		3.7544	0.0193	True	6.7500	7.0300	kr7	b695fa65c (tf32, t_tetrakbt -300)		45	6.4177	-0.0001	0.0000	0.0037	0.0449	PASS	b2d	False	7d5dfe714	R=6.4179
mp-8145	RbScO2	4	R-3m (166)	GOOD	3.1915	5.8128	N	I	CHECK	3.3013	0.0029	True	5.6400	6.1400	kr7	b695fa65c (tf32, t_tetrakbt -300)		29	5.8309	-0.0001	-0.0001	0.0072	0.0729	PASS	b1	False	614ab5eb8	M=5.4140
mp-8176	RbTlO2	4	R-3m (166)	GOOD	0.8707	2.1715	N	I	CHECK	0.8462	0.0000	True	2.2100	2.3400	kr7	b695fa65c (tf32, t_tetrakbt -300)		34	2.1711	0.0000	-0.0000	0.0016	0.0131	PASS	b1	False	614ab5eb8	M=1.7960
mp-14437	RbYO2	4	R-3m (166)	FAILED_MAY	3.5215	5.9511	N	I		3.6087	0.0000	True	5.9300	6.3900	kr7	b695fa65c (tf32, t_tetrakbt -300)		29	5.9555	-0.0000	-0.0001	0.0069	0.0710	PASS	b1	False	96ec5c1ee	R=5.9516
mp-999265	RbYS2	4	R-3m (166)	GOOD	2.1325	3.9337	N	I	CHECK	2.3079	0.0000	True	4.0100	4.3800	kt1	989a18637 (tf32, t_tetrakbt -300)		39	3.9329	-0.0001	-0.0000	0.0059	0.0660	PASS	b1	False	fb2da026b	M=3.5690
mp-973185	ScAgO2	4	R-3m (166)	GOOD	2.1281	4.0402	N	I	CHECK	2.0740	0.0001	True	3.9000	4.3800	kt1	989a18637 (tf32, t_tetrakbt -300)		26	4.0486	0.0005	0.0089	0.0082	0.0958	PASS	b1	False	fb2da026b	M=3.5160
mp-12908	ScAgSe2	4	P-3m1 (164)	GOOD	0.5424	1.7236	N	I		0.6794	0.0033	True	1.6800	1.9800	kr7	b695fa65c (tf32, t_tetrakbt -300)		36	1.7240	-0.0000	0.0002	0.0008	0.0054	PASS	b1	False	a1d6c0e11	M=1.7140
mp-4636	ScCuO2	4	R-3m (166)	SUSPECT_GOOD	2.2605	4.0145	N	I	differs	2.2219	0.0005	True	3.7500	4.2000	kt1	989a18637 (tf32, t_tetrakbt -300)		34	4.0003	0.0009	0.0040	0.0063	0.0660	PASS	b2all	False	fb2da026b	M=4.1150;R=4.0152
mp-6980	ScCuS2	4	P3m1 (156)	GOOD	0.7839	1.9727	N	I		0.8709	0.0000	True	1.8800	2.2100	kr7	b695fa65c (tf32, t_tetrakbt -300)		36	1.9730	-0.0000	0.0002	0.0035	0.0464	PASS	b1	False	614ab5eb8	M=1.9700
mp-10694	ScF3	4	Pm-3m (221)	DRIFT_GOOD	6.0317	11.9549	E	I	CHECK	6.0823	0.0003	True	11.7800	12.9200	kt1	0601771b4 (tf32, t_tetrakbt -300) with ES, ES rule es-c		25	11.9548	0.0000	-0.0001	0.0016	0.0179	PASS	b1	True	f16f0ea3d	E1=11.9630;M=11.6530;N=11.9374
mp-559092	ScF3	4	R32 (155)	NOTCONV_MAY	5.9099	11.8583	E	I		6.0767	0.0022	True	11.7000	12.8200	kr7	0601771b4 (tf32, t_tetrakbt -300) with ES, ES rule es-c		25	11.8582	-0.0000	-0.0001	0.0018	0.0272	PASS	b1	True	a45169f3c	E1=11.8612;N=11.8823;R=11.8828
mp-13313	ScTlSe2	4	R-3m (166)	GOOD	0.4811	1.2105	N	I		0.6146	0.0000	True	1.1300	1.2600	kr7	b695fa65c (tf32, t_tetrakbt -300)		41	1.2106	0.0001	0.0003	0.0010	0.0059	PASS	b1	False	a1d6c0e11	M=1.1690
mp-13314	ScTlTe2	4	R-3m (166)	GOOD	0.1083	0.6719	N	I		0.0446	0.0000	True	0.6800	0.8300	kr7	b695fa65c (tf32, t_tetrakbt -300)		41	0.6800	0.0003	0.0002	0.0012	0.0081	PASS	b1	False	a1d6c0e11	M=0.6830
mp-7140	Si2C2	4	P6_3mc (186)	GOOD	2.4377	3.5483	N	I	path<mesh(mesh)	2.3029	0.0041	True	3.3900	3.5100	kr7	b695fa65c (tf32, t_tetrakbt -300)		26	3.3108	-0.0001	0.0334	0.0068	0.0651	PASS	b1	False	614ab5eb8	M=3.5280
mp-29803	Si2H2	4	P-3m1 (164)	GOOD	2.0301	3.7082	E	I	differs	2.1635	0.0413	True	3.7200	4.0500	kr7	0601771b4 (tf32, t_tetrakbt -300) with ES, ES rule es-c		46	3.7296	0.0000	0.0011	0.0049	0.0240	PASS	b2	True	f16f0ea3d	E1=3.7110;M=3.7840;N=3.7488
mp-165	Si4	4	P6_3/mmc (194)	GOOD	0.3181	0.9730	N	I		0.4525	0.0136	True	1.0800	1.1200	kr7	b695fa65c (tf32, t_tetrakbt -300)		36	0.9735	0.0000	0.0008	0.0055	0.0460	PASS	b1	False	0c4d16ceb	M=0.9780
mp-2097	Sn2O2	4	P4/nmm (129)	GOOD	0.2446	0.7848	N	I		0.4077	0.0000	True	0.8300	0.8900	kr7	b695fa65c (tf32, t_tetrakbt -300)		26	0.7853	0.0005	0.0015	0.0070	0.0850	PASS	b1	False	fb2da026b	M=0.7820
mp-545552	Sn2O2	4	Pmn2_1 (31)	GOOD	1.3918	2.3996	N	I		1.3433	0.0714	True	2.4500	2.6100	kr7	b695fa65c (tf32, t_tetrakbt -300)		34	2.3532	0.0000	-0.0104	0.0027	0.0436	PASS	b2	False	614ab5eb8	M=2.3750
mp-1379	Sn2S2	4	Cmcm (63)	GOOD	0.9248	1.9090	E	I		1.1315	0.0762	True	1.9800	2.1000	kr7	0601771b4 (tf32, t_tetrakbt -300) with ES, ES rule es-c		38	1.8591	0.0001	0.0017	0.0014	0.0147	PASS	b1	True	f16f0ea3d	E1=1.9063;M=1.9170;N=1.9111
mp-554134	Sn2S2	4	Aem2 (39)	NOTCONV_MAY	1.5102	3.9937	E	I		1.5872	0.0787	True	4.0500	4.1200		0601771b4 (tf32, t_tetrakbt -300) with ES, ES rule es-c	from 2026-10-07 15:16: ES outside both surfaces plus two ES2 (2.65 a.u.) at the vacuum centre	58	4.0057	0.0015	-0.0069	0.0036	0.2437	FAIR	b2all	True	26b32d5d5	R=3.9974
mp-559676	Sn2S2	4	Cmcm (63)	GOOD	0.3646	0.8278	N	I		0.3113	0.0285	True	0.7600	0.7800	kr7	b695fa65c (tf32, t_tetrakbt -300)		36	0.7504	-0.0002	0.0009	0.0006	0.0052	PASS	b1	False	614ab5eb8	M=0.8470
mp-727322	Sn2S2	4	P-1 (2)	GOOD	1.3937	2.6790	E	D		1.4319	0.0852	True	2.6200	2.7900	kr7	0601771b4 (tf32, t_tetrakbt -300) with ES, ES rule es-c		40	2.6735	0.0006	0.0063	0.0050	0.0498	PASS	b1	True	a45169f3c	M=2.6910;N=2.6878
mp-8781	Sn2S2	4	Aem2 (39)	GOOD	1.4909	3.0123	E	D	N:FAIL(1)	1.4745	0.0782	True	3.0000	3.1700		614ab5eb8 (tf32, t_tetrakbt -300) with ES, ES rule es-a		46	3.0239	-0.0029	-0.0006	0.0057	0.0551	PASS	b2	True	5078fe055	M=3.0300
mp-2168	Sn2Se2	4	Cmcm (63)	GOOD	0.2902	0.6425	N	I		0.2690	0.0241	True	0.6500	0.6900	kr7	b695fa65c (tf32, t_tetrakbt -300)		36	0.6166	-0.0001	0.0005	0.0011	0.0086	PASS	b1	False	fb2da026b	M=0.6410
mp-8936	Sn2Se2	4	P4/nmm (129)	SUSPECT_STRUCTURE	0.9743	1.9326	E	D		0.8343	0.0876	True	1.7900	1.9400	kr7	614ab5eb8 (tf32, t_tetrakbt -300) with ES, ES rule es-a		46	1.8787	-0.0113	0.0032	0.0041	0.0322	PASS	b2	True	5078fe055	M=1.9520;N=1.9382
mp-23056	Sr2BrN	4	R-3m (166)	NOTCONV_MAY	1.8512	3.2807	N	D		1.8426	0.0000	True	3.2800	3.5900	kr7	b695fa65c (tf32, t_tetrakbt -300)		31	3.2866	0.0000	0.0059	0.0097	0.0489	PASS	b1	False	fb2da026b	R=3.2810
mp-690794	Sr2HN	4	R-3m (166)	GOOD	1.7184	2.9901	N	D	differs	1.8058	0.0000	True	2.8700	3.2000	kr7	b695fa65c (tf32, t_tetrakbt -300)		26	2.9901	-0.0000	0.0001	0.0011	0.0054	PASS	b1	False	614ab5eb8	M=2.7970
mp-569677	Sr2IN	4	R-3m (166)	GOOD	1.7643	2.9850	N	I	differs	1.7923	0.0000	True	2.9700	3.2600	kr7	b695fa65c (tf32, t_tetrakbt -300)		31	3.0440	0.0006	0.0596	0.0113	0.0596	PASS	b1	False	614ab5eb8	M=2.7960
mp-23033	Sr2NCl	4	R-3m (166)	GOOD	1.7719	3.3115	N	D	differs	1.9454	0.0000	True	3.3200	3.6400	kr7	b695fa65c (tf32, t_tetrakbt -300)		37	3.3115	0.0001	-0.0000	0.0084	0.0590	PASS	b1	False	fb2da026b	M=3.1850
mp-980057	SrAlGeH	4	P3m1 (156)	GOOD	0.6393	1.3912	N	I		0.7234	0.0000	True	1.3900	1.5400	kr7	b695fa65c (tf32, t_tetrakbt -300)		31	1.3891	0.0000	0.0001	0.0023	0.0131	PASS	b1	False	614ab5eb8	M=1.4400
mp-570485	SrAlSiH	4	P3m1 (156)	GOOD	0.5301	1.2327	N	I		0.6257	0.0000	True	1.2500	1.3900	kr7	b695fa65c (tf32, t_tetrakbt -300)		31	1.2327	0.0001	0.0001	0.0016	0.0096	PASS	b1	False	614ab5eb8	M=1.2360
mp-978847	SrGaGeH	4	P3m1 (156)	GOOD	0.2902	1.1301	N	I		0.2958	0.0000	True	1.1000	1.2600	kr7	b695fa65c (tf32, t_tetrakbt -300)		36	1.1301	0.0000	0.0001	0.0023	0.0105	PASS	b1	False	614ab5eb8	M=1.1280
mp-9383	SrHfN2	4	R-3m (166)	FAILED_MAY	0.1709	1.1985	N	I		0.3109	0.0313	True	1.1100	1.3500	kr7	b695fa65c (tf32, t_tetrakbt -300)		36	1.1984	0.0000	-0.0002	0.0022	0.0119	PASS	b1	False	614ab5eb8	R=1.1987
mp-665922	SrHgO2	4	R-3m (166)	DRIFT_GOOD	2.1760	4.5161	N	I	CHECK	2.1978	0.0000	True	4.4400	4.7600	kt1	989a18637 (tf32, t_tetrakbt -300)		37	4.5160	-0.0001	-0.0000	0.0031	0.0349	PASS	b2	False	fb2da026b	M=3.4700
mp-9382	SrZrN2	4	R-3m (166)	GOOD	0.2146	1.1673	N	I		0.2325	0.0073	True	1.1200	1.2900	kr7	b695fa65c (tf32, t_tetrakbt -300)		29	1.1671	-0.0000	-0.0001	0.0021	0.0109	PASS	b1	False	614ab5eb8	M=1.1490
mp-8927	TaCuN2	4	R-3m (166)	GOOD	0.4643	1.2315	N	I		0.4896	0.1284	True	1.2600	1.3800	kr7	b695fa65c (tf32, t_tetrakbt -300)		26	1.2384	-0.0000	0.0070	0.0022	0.0297	PASS	b1	False	614ab5eb8	M=1.2030
mp-999135	TaCuN2	4	R-3m (166)	GOOD	0.4093	0.9094	N	I	differs	0.3733	0.3878	True	0.9800	1.0500	kr7	b695fa65c (tf32, t_tetrakbt -300)		26	0.8856	0.0003	0.0001	0.0018	0.0144	PASS	b1	False	614ab5eb8	M=1.0200
mp-19963	TiFe2Sn	4	Fm-3m (225)	GOOD		0.0609	N	I		0.0468	0.0000	True	-0.0500	0.1000	kr7	b695fa65c (tf32, t_tetrakbt -300)		36	0.0611	-0.0001	0.0011	0.0012	0.0112	PASS	b1	False	fb2da026b	M=0.0580
mp-568949	Tl2Br2	4	Cmcm (63)	GOOD	2.0517	3.4437	E	D	differs	2.1677	0.0000	True	3.4000	3.7100	kr7	0601771b4 (tf32, t_tetrakbt -300) with ES, ES rule es-c		48	3.4080	0.0000	-0.0004	0.0004	0.0024	PASS	b1	True	f16f0ea3d	M=3.5100;N=3.4418
mp-571079	Tl2Cl2	4	Cmcm (63)	GOOD	2.3453	3.9283	N	D		2.5181	0.0000	True	3.9400	4.2600	kr7	b695fa65c (tf32, t_tetrakbt -300)		46	3.9193	0.0000	-0.0006	0.0006	0.0046	PASS	b1	False	614ab5eb8	M=3.8890
mp-557835	Tl2F2	4	P4/nmm (129)	GOOD	2.9600	4.7553	N	I	path<mesh(mesh)	2.9870	0.0030	True	4.6800	5.0200	kr7	b695fa65c (tf32, t_tetrakbt -300)		36	4.6100	0.0001	0.0001	0.0008	0.0083	PASS	b1	False	614ab5eb8	M=4.7250
mp-22858	Tl2I2	4	Cmcm (63)	GOOD	2.0251	3.1891	E	D		2.1451	0.0008	True	3.1900	3.4300	kr7	0601771b4 (tf32, t_tetrakbt -300) with ES, ES rule es-a		48	3.1660	0.0001	-0.0003	0.0004	0.0026	PASS	b1	True	bb1cb4dcc	M=3.1820;N=3.1920
mp-554310	TlBiS2	4	R-3m (166)	GOOD	0.3487	0.7848	N	D		0.4958	0.0000	True	0.7800	0.8600	kr7	b695fa65c (tf32, t_tetrakbt -300)		41	0.7844	0.0001	0.0002	0.0007	0.0042	PASS	b1	False	614ab5eb8	M=0.8100
mp-29662	TlBiSe2	4	R-3m (166)	GOOD	0.1058	0.4759	N	D		0.2377	0.0000	True	0.4200	0.5300	kr7	b695fa65c (tf32, t_tetrakbt -300)		41	0.4761	0.0003	0.0003	0.0009	0.0065	PASS	b1	False	fb2da026b	M=0.4540
mp-27438	TlBiTe2	4	R-3m (166)	GOOD	0.3575	0.6375	N	D		0.4737	0.0000	True	0.6900	0.7200	kr7	b695fa65c (tf32, t_tetrakbt -300)		41	0.6607	0.0011	0.0007	0.0010	0.0064	PASS	b1	False	fb2da026b	M=0.6420
mp-22566	TlInS2	4	R-3m (166)	GOOD	0.4783	1.2995	N	I	differs	0.6901	0.0023	True	1.2400	1.2900	kt1	989a18637 (tf32, t_tetrakbt -300)		46	1.2995	-0.0000	-0.0001	0.0010	0.0052	PASS	b1	False	fb2da026b	M=1.4510
mp-4573	TlSbTe2	4	R-3m (166)	UNKNOWN_MAY	0.1041	0.2947	N	D		0.1323	0.0000	True	0.2800	0.3300	kt1	989a18637 (tf32, t_tetrakbt -300)		41	0.2948	0.0005	0.0006	0.0009	0.0056	PASS	b1	False	fb2da026b	R=0.2945
mp-19390	WO3	4	Pm-3m (221)	GOOD	0.3872	1.5241	E	I		1.1185	0.0077	True	1.6500	1.7800	kr7	0601771b4 (tf32, t_tetrakbt -300) with ES, ES rule es-c		25	1.5240	0.0001	0.0002	0.0009	0.0080	PASS	b1	True	f16f0ea3d	E1=1.5299;M=1.5330;N=1.5494
mp-6972	YCuO2	4	R-3m (166)	NOTCONV_MAY	2.7011	4.3715	N	I		2.6406	0.0011	True	4.1300	4.4900	kr7	b695fa65c (tf32, t_tetrakbt -300)		38	4.3525	0.0016	0.0000	0.0034	0.0424	PASS	b2d	False	1fd34b1c0	R=4.3705
mp-1066131	YTlS2	4	R-3m (166)	SUSPECT_GOOD	1.3742	2.2856	N	I	CHECK	1.5011	0.0000	True	2.2400	2.4000	kt1	989a18637 (tf32, t_tetrakbt -300)		41	2.2856	0.0002	0.0003	0.0010	0.0058	PASS	b1	False	a1d6c0e11	M=2.5780;R=2.2857
mp-1067744	YTlSe2	4	R-3m (166)	GOOD	1.1592	1.9996	N	I	differs	1.2644	0.0000	True	1.9500	2.1100	kr7	b695fa65c (tf32, t_tetrakbt -300)		41	1.9981	0.0003	0.0010	0.0046	0.0445	PASS	b1	False	a1d6c0e11	M=1.8790
mp-1065514	YTlTe2	4	R-3m (166)	GOOD	0.5715	1.2278	N	I		0.6541	0.0000	True	1.2600	1.3700	kr7	b695fa65c (tf32, t_tetrakbt -300)		41	1.2282	0.0007	0.0008	0.0052	0.0518	PASS	b1	False	a1d6c0e11	M=1.2370
mp-2133	Zn2O2	4	P6_3mc (186)	GOOD	0.7502	3.1547	N	D		0.7316	0.0000	True	2.9000	3.6100	kr7	b695fa65c (tf32, t_tetrakbt -300)		26	3.1549	-0.0000	0.0002	0.0009	0.0198	PASS	b1	False	fb2da026b	M=3.1760
mp-560588	Zn2S2	4	P6_3mc (186)	GOOD	1.9860	3.7386	N	D		2.0776	0.0030	True	3.7700	4.1400	kr7	b695fa65c (tf32, t_tetrakbt -300)		36	3.7689	-0.0000	0.0303	0.0112	0.0811	PASS	b1	False	614ab5eb8	M=3.7770
mp-380	Zn2Se2	4	P6_3mc (186)	GOOD	1.1002	2.7801	N	D		1.2003	0.0040	True	2.8000	3.1700	kr7	b695fa65c (tf32, t_tetrakbt -300)		44	2.7802	-0.0001	0.0000	0.0011	0.0073	PASS	b2	False	614ab5eb8	M=2.7710
mp-22995	Ag3SI	5	R3 (146)	GOOD	0.3957	1.5756	N	I		0.5390	0.0668	True	1.5100	1.8600	kr7	b695fa65c (tf32, t_tetrakbt -300)		45	1.5891	-0.0002	0.0045	0.0015	0.0149	PASS	b1	False	fb2da026b	M=1.5340
mp-558189	Ag3SI	5	Pm-3m (221)	FAILED_MAY	0.4798	1.8123	N	I		0.6243	0.1164	True	1.7800	2.1000	kr7	b695fa65c (tf32, t_tetrakbt -300)		45	1.8128	-0.0000	0.0006	0.0011	0.0171	PASS	b1	False	614ab5eb8	R=1.8123
mp-8196	AgNO3	5	R3m (160)	FAILED_MAY	1.5257	5.0564	N	I		1.7204	0.0312	True	4.9200	5.6200	kr7	b695fa65c (tf32, t_tetrakbt -300)		25	5.0563	-0.0000	0.0005	0.0008	0.0069	PASS	b1	False	614ab5eb8	R=5.0559
mp-9307	Ba2ZnN2	5	I4/mmm (139)	NOTCONV_MAY	0.4626	1.5351	N	I		0.4771	0.0000	True	1.5500	1.7400	kr7	b695fa65c (tf32, t_tetrakbt -300)		53	1.5350	-0.0001	-0.0000	0.0030	0.0225	PASS	b2	False	614ab5eb8	R=1.5353
mp-8579	BaAg2S2	5	P-3m1 (164)	GOOD	0.7311	1.9719	N	D		0.8761	0.0083	True	1.9200	2.2600	kr7	b695fa65c (tf32, t_tetrakbt -300)		48	1.9735	0.0001	0.0016	0.0027	0.0307	PASS	b1	False	614ab5eb8	M=1.9760
mp-4559	BaCO3	5	R3m (160)	FAILED_MAY	4.3549	7.4650	N	I		4.4228	0.0218	True	7.4500	8.1000	kr7	b695fa65c (tf32, t_tetrakbt -300)		36	7.4659	-0.0000	0.0008	0.0042	0.0367	PASS	b2	False	614ab5eb8	R=7.4650
mp-8281	BaCd2As2	5	P-3m1 (164)	GOOD	0.0372	0.8427	N	D		0.1576	0.0000	True	0.7700	1.0200	kr7	b695fa65c (tf32, t_tetrakbt -300)		60	0.8426	0.0001	0.0001	0.0014	0.0089	PASS	b2	False	614ab5eb8	M=0.8490
mp-8279	BaCd2P2	5	P-3m1 (164)	GOOD	0.5298	1.3153	N	D		0.6823	0.0000	True	1.2800	1.4900	kr7	b695fa65c (tf32, t_tetrakbt -300)		60	1.3153	-0.0000	-0.0000	0.0011	0.0058	PASS	b2	False	614ab5eb8	M=1.3070
mp-4255	BaCu2S2	5	I4/mmm (139)	DRIFT_GOOD	0.4699	1.5184	N	D		0.5012	0.0062	True	1.4500	1.7500	kt1	989a18637 (tf32, t_tetrakbt -300)		48	1.5184	0.0001	0.0000	0.0009	0.0130	PASS	b1	False	fb2da026b	M=1.5230
mp-10437	BaCu2Se2	5	I4/mmm (139)	GOOD	0.3960	1.3440	N	D		0.3703	0.0369	True	1.3000	1.5700	kr7	b695fa65c (tf32, t_tetrakbt -300)		48	1.3437	0.0005	0.0000	0.0012	0.0181	PASS	b1	False	a1d6c0e11	M=1.3220
mp-10250	BaLiF3	5	Pm-3m (221)	NOTCONV_MAY	6.6197	10.8623	N	D		6.5716	0.0219	True	10.9900	11.8300	kr7	b695fa65c (tf32, t_tetrakbt -300)		28	10.8622	-0.0001	-0.0001	0.0011	0.0126	PASS	b1	False	a1d6c0e11	R=10.8625
mp-23818	BaLiH3	5	Pm-3m (221)	GOOD	2.0123	4.3083	N	I		2.2146	0.0000	True	4.2300	4.8400	kr7	b695fa65c (tf32, t_tetrakbt -300)		28	4.3082	-0.0000	-0.0001	0.0032	0.0225	PASS	b1	False	fb2da026b	M=4.3290
mp-632808	BaLiH3	5	Pm-3m (221)	GOOD	1.0736	3.5310	N	I	differs	1.1987	0.6206	True	3.1200	3.9100	kr7	b695fa65c (tf32, t_tetrakbt -300)		48	3.5310	-0.0001	0.0001	0.0026	0.0128	PASS	b2	False	614ab5eb8	M=3.4590
mp-8280	BaMg2As2	5	P-3m1 (164)	GOOD	1.0133	1.9820	N	I		1.0689	0.0000	True	2.0000	2.2000	kr7	b695fa65c (tf32, t_tetrakbt -300)		60	1.9819	0.0000	-0.0000	0.0014	0.0064	PASS	b2	False	614ab5eb8	M=2.0050
mp-29209	BaMg2Bi2	5	P-3m1 (164)	GOOD	0.4088	1.2435	E	D		0.3968	0.0000	True	1.2600	1.4400	kr7	614ab5eb8 (tf32, t_tetrakbt -300) with ES, ES rule es-a		69	1.2434	-0.0000	-0.0001	0.0019	0.0074	PASS	b2	True	7827f9424	M=1.2520;N=1.2500
mp-8278	BaMg2P2	5	P-3m1 (164)	GOOD	1.0529	2.0985	N	I		1.1366	0.0000	True	2.1300	2.3400	kr7	b695fa65c (tf32, t_tetrakbt -300)		60	2.0984	0.0000	-0.0000	0.0013	0.0058	PASS	b2	False	614ab5eb8	M=2.0950
mp-9567	BaMg2Sb2	5	P-3m1 (164)	GOOD	0.8332	1.6926	E	I		0.8466	0.0000	True	1.7000	1.8500	kr7	614ab5eb8 (tf32, t_tetrakbt -300) with ES, ES rule es-a		61	1.6928	0.0000	0.0003	0.0017	0.0092	PASS	b2	True	f481126f0	M=1.6720;N=1.6679
mp-3163	BaSnO3	5	Pm-3m (221)	GOOD	0.5087	2.7409	N	I	CHECK	0.3730	0.0000	True	2.6800	3.2100	kt1	989a18637 (tf32, t_tetrakbt -300)		33	2.7410	-0.0000	0.0000	0.0008	0.0059	PASS	b1	False	fb2da026b	M=2.3480
mp-5020	BaTiO3	5	R3m (160)	GOOD	2.2574	4.2404	N	I		2.5527	0.0000	True	4.1500	4.6300	kr7	b695fa65c (tf32, t_tetrakbt -300)		33	4.2398	0.0000	-0.0004	0.0011	0.0063	PASS	b1	False	614ab5eb8	M=4.2040
mp-5777	BaTiO3	5	Amm2 (38)	GOOD	2.0514	3.9985	N	I		2.2934	0.0000	True	3.9200	4.3800	kt1	989a18637 (tf32, t_tetrakbt -300)		33	3.9986	-0.0000	0.0000	0.0011	0.0085	PASS	b1	False	fb2da026b	M=3.9730
mp-5986	BaTiO3	5	P4mm (99)	GOOD	1.6769	3.5223	N	I	differs	1.7237	0.0020	True	3.4300	3.8800	kr7	b695fa65c (tf32, t_tetrakbt -300)		33	3.5222	0.0000	-0.0001	0.0007	0.0066	PASS	b1	False	614ab5eb8	M=3.3870
mp-644497	BaTiO3	5	Amm2 (38)	NOTCONV_MAY	0.3229	2.7062	N	I		0.4807	0.7143	True	2.5900	3.1900	kr7	b695fa65c (tf32, t_tetrakbt -300)		49	2.7074	-0.0000	0.0012	0.0033	0.0538	PASS	b2all	False	614ab5eb8	R=2.7060
mp-3834	BaZrO3	5	Pm-3m (221)	GOOD	2.9844	5.2912	N	I		3.0441	0.0001	True	5.3000	5.8000	kr7	b695fa65c (tf32, t_tetrakbt -300)		33	5.2913	-0.0005	-0.0000	0.0012	0.0087	PASS	b1	False	614ab5eb8	M=5.3300
mp-1017552	Bi2O3	5	P-3m1 (164)	GOOD	1.1130	1.8276	N	I		1.1218	0.0850	True	1.8900	1.9700	kr7	b695fa65c (tf32, t_tetrakbt -300)		30	1.8275	0.0000	0.0002	0.0056	0.0402	PASS	b1	False	a1d6c0e11	M=1.8660
mp-541837	Bi2Se3	5	R-3m (166)	DRIFT_GOOD	0.3233	0.8003	N	D	differs	0.5532	0.0000	True	0.8200	0.9300	kt1	989a18637 (tf32, t_tetrakbt -300)		45	0.8034	0.0003	0.0022	0.0024	0.0251	PASS	b1	False	fb2da026b	M=0.7150
mp-552098	Bi2SeO2	5	I4/mmm (139)	FAILED_MAY	0.3766	0.9660	N	I		0.3687	0.0607	True	1.0300	1.1000	kr7	b695fa65c (tf32, t_tetrakbt -300)		35	0.9629	-0.0001	0.0000	0.0007	0.0039	PASS	b1	False	614ab5eb8	R=0.9659
mp-27910	Bi2Te2S	5	R-3m (166)	GOOD	0.4247	0.8249	N	D		0.6238	0.0000	True	0.8400	0.9100	kr7	b695fa65c (tf32, t_tetrakbt -300)		45	0.8278	0.0002	0.0025	0.0027	0.0221	PASS	b1	False	fb2da026b	M=0.8190
mp-29666	Bi2Te2Se	5	R-3m (166)	GOOD	0.3849	0.7752	N	D		0.5442	0.0000	True	0.8100	0.8700	kt1	989a18637 (tf32, t_tetrakbt -300)		45	0.7770	0.0003	0.0020	0.0031	0.0242	PASS	b1	False	fb2da026b	M=0.7860
mp-34202	Bi2Te3	5	R-3m (166)	GOOD	0.5042	0.8803	N	D		0.3388	0.0000	True	0.9300	1.0000	kr7	b695fa65c (tf32, t_tetrakbt -300)		45	0.8829	0.0008	0.0037	0.0034	0.0327	PASS	b1	False	614ab5eb8	M=0.8680
mp-31406	Bi2TeSe2	5	R-3m (166)	GOOD	0.8175	1.4230	E	I		0.9316	0.1144	True	1.5300	1.6000	kr7	614ab5eb8 (tf32, t_tetrakbt -300) with ES, ES rule es-a		46	1.4324	0.0020	0.0012	0.0017	0.0150	PASS	b1	True	7827f9424	M=1.4030;N=1.4049
mp-27962	CI4	5	I-42m (121)	NOTCONV_MAY	1.0229	3.1799	E	D	differs	1.1181	0.2295	True	3.2900	3.7700	kr7	614ab5eb8 (tf32, t_tetrakbt -300) with ES, ES rule es-a		50	3.1801	0.0001	0.0001	0.0004	0.0025	PASS	b1	True	7827f9424	N=3.2780;R=3.2780
mp-8818	Ca2ZnN2	5	I4/mmm (139)	NOTCONV_MAY	0.7042	1.9715	N	I		0.7612	0.0000	True	2.0100	2.2100	kr7	b695fa65c (tf32, t_tetrakbt -300)		47	1.9721	0.0000	-0.0020	0.0024	0.0124	PASS	b2	False	614ab5eb8	R=1.9712
mp-7223	Ca3AsN	5	Pm-3m (221)	GOOD	0.6506	1.7980	N	D		0.7170	0.0080	True	1.7900	2.0600	kr7	b695fa65c (tf32, t_tetrakbt -300)		40	1.7979	-0.0000	0.0000	0.0008	0.0070	PASS	b1	False	614ab5eb8	M=1.8090
mp-31149	Ca3BiN	5	Pm-3m (221)	GOOD	0.3560	1.3183	N	D		0.3691	0.0000	True	1.3000	1.5300	kr7	b695fa65c (tf32, t_tetrakbt -300)		40	1.3181	-0.0000	-0.0001	0.0010	0.0076	PASS	b1	False	614ab5eb8	M=1.2950
mp-13146	Ca3N2	5	P-3m1 (164)	GOOD	1.3788	2.3818	N	I		1.4173	0.0929	True	2.3000	2.6200	kr7	b695fa65c (tf32, t_tetrakbt -300)		35	2.3864	0.0000	0.0048	0.0039	0.0171	PASS	b1	False	a1d6c0e11	M=2.4000
mp-11824	Ca3PN	5	Pm-3m (221)	GOOD	0.7178	1.9399	N	D		0.8056	0.0000	True	1.9300	2.2200	kr7	b695fa65c (tf32, t_tetrakbt -300)		40	1.9396	-0.0000	-0.0000	0.0007	0.0070	PASS	b1	False	a1d6c0e11	M=1.9020
mp-1018630	CaBe2As2	5	P-3m1 (164)	GOOD	0.6057	1.5118	N	I		0.6614	0.0000	True	1.5900	1.7000	kr7	b695fa65c (tf32, t_tetrakbt -300)		35	1.5189	0.0000	0.0072	0.0038	0.0632	PASS	b1	False	a1d6c0e11	M=1.4880
mp-1017548	CaBe2P2	5	P-3m1 (164)	GOOD	0.6504	1.6646	N	I		0.7359	0.0000	True	1.7200	1.8600	kr7	b695fa65c (tf32, t_tetrakbt -300)		35	1.6678	-0.0001	0.0032	0.0015	0.0128	PASS	b1	False	a1d6c0e11	M=1.6630
mp-7067	CaCd2As2	5	P-3m1 (164)	GOOD	0.0698	0.9543	N	D		0.2186	0.0000	True	0.9100	1.1700	kr7	b695fa65c (tf32, t_tetrakbt -300)		57	0.9543	-0.0001	-0.0000	0.0019	0.0105	PASS	b2	False	614ab5eb8	M=0.9380
mp-9570	CaCd2P2	5	P-3m1 (164)	GOOD	0.6634	1.5059	N	D		0.8209	0.0000	True	1.5100	1.7000	kr7	b695fa65c (tf32, t_tetrakbt -300)		57	1.5059	-0.0000	0.0000	0.0013	0.0073	PASS	b2	False	614ab5eb8	M=1.5040
mp-7430	CaCd2Sb2	5	P-3m1 (164)	GOOD	0.1769	0.8056	N	I		0.1020	0.0000	True	0.6900	1.0100	kr7	b695fa65c (tf32, t_tetrakbt -300)		57	0.8018	0.0000	-0.0002	0.0016	0.0079	PASS	b2	False	614ab5eb8	M=0.8010
mp-1070099	CaGa2As2	5	R-3m (166)	GOOD	0.1129	0.3740	N	I		0.0000	0.0000	True	0.2900	0.4800	kr7	b695fa65c (tf32, t_tetrakbt -300)		55	0.3737	0.0002	-0.0000	0.0080	0.0573	PASS	b1	False	a1d6c0e11	M=0.3750
mp-23879	CaH2O2	5	P-3m1 (164)	GOOD	4.0216	7.5394	N	D	CHECK	4.1225	0.0000	True	7.4400	8.3100	kr7	b695fa65c (tf32, t_tetrakbt -300)		37	7.5393	0.0000	-0.0000	0.0029	0.0197	PASS	b2	False	fb2da026b	M=7.3300
mp-9564	CaMg2As2	5	P-3m1 (164)	GOOD	1.1624	2.2401	N	I		1.2605	0.0000	True	2.2900	2.5000	kr7	b695fa65c (tf32, t_tetrakbt -300)		57	2.2402	0.0000	0.0001	0.0021	0.0125	PASS	b2	False	614ab5eb8	M=2.2510
mp-29208	CaMg2Bi2	5	P-3m1 (164)	GOOD	0.4356	1.2735	E	D		0.3886	0.0000	True	1.3200	1.5100	kr7	614ab5eb8 (tf32, t_tetrakbt -300) with ES, ES rule es-a		46	1.2740	0.0003	0.0009	0.0072	0.0393	PASS	b1	True	7827f9424	M=1.2880;N=1.2911
mp-5795	CaMg2N2	5	P-3m1 (164)	GOOD	2.1818	3.6043	N	D		1.9919	0.0000	True	3.5900	3.9500	kr7	b695fa65c (tf32, t_tetrakbt -300)		35	3.6051	-0.0001	0.0009	0.0016	0.0154	PASS	b1	False	614ab5eb8	M=3.5930
mp-9565	CaMg2Sb2	5	P-3m1 (164)	GOOD	0.7580	1.6617	E	I		0.7931	0.0000	True	1.7000	1.8400	kr7	614ab5eb8 (tf32, t_tetrakbt -300) with ES, ES rule es-a		46	1.6619	0.0001	0.0005	0.0040	0.0237	PASS	b1	True	f481126f0	M=1.6250;N=1.6376
mp-5893	CaSiO3	5	Pm-3m (221)	GOOD	3.3570	6.2917	N	I	differs	3.4579	0.2442	True	6.3700	6.9500	kr7	b695fa65c (tf32, t_tetrakbt -300)		30	6.2920	-0.0003	-0.0000	0.0006	0.0039	PASS	b1	False	614ab5eb8	M=6.1870
mp-7986	CaSnO3	5	Pm-3m (221)	GOOD	1.1268	3.5897	N	I	CHECK	1.3941	0.2101	True	3.5600	4.1200	kt1	989a18637 (tf32, t_tetrakbt -300)		30	3.5897	-0.0001	-0.0001	0.0005	0.0035	PASS	b1	False	fb2da026b	M=3.9230
mp-5827	CaTiO3	5	Pm-3m (221)	GOOD	1.7178	3.7515	N	I	differs	1.8272	0.0645	True	2.5700	4.2400	kr7	b695fa65c (tf32, t_tetrakbt -300)		30	3.7508	-0.0001	-0.0001	0.0010	0.0194	PASS	b1	False	614ab5eb8	M=3.8200
mp-9571	CaZn2As2	5	P-3m1 (164)	GOOD	0.2918	1.3914	N	D		0.3905	0.0000	True	1.4200	1.6300	kr7	b695fa65c (tf32, t_tetrakbt -300)		55	1.3923	-0.0001	0.0008	0.0054	0.0418	PASS	b1	False	614ab5eb8	M=1.3960
mp-9569	CaZn2P2	5	P-3m1 (164)	GOOD	0.7061	1.6936	N	I		0.8742	0.0000	True	1.7400	1.9000	kr7	b695fa65c (tf32, t_tetrakbt -300)		57	1.6936	-0.0001	-0.0000	0.0019	0.0078	PASS	b2	False	614ab5eb8	M=1.6930
mp-542112	CaZrO3	5	Pm-3m (221)	GOOD	3.0415	5.3857	N	I	differs	3.2122	0.1919	True	5.2100	5.7900	kr7	b695fa65c (tf32, t_tetrakbt -300)		30	5.3864	-0.0007	-0.0001	0.0015	0.0287	PASS	b1	False	614ab5eb8	M=5.4360
mp-625548	CdH2O2	5	P-3m1 (164)	FAILED_MAY	1.5132	4.1644	N	I		1.6420	0.0045	True	3.8000	4.3600	kr7	b695fa65c (tf32, t_tetrakbt -300)		25	4.1684	-0.0000	0.0038	0.0015	0.0154	PASS	b1	False	614ab5eb8	R=4.1643
mp-27710	CrB4	5	Immm (71)	UNKNOWN_MAY		0.0000	N	metal		0.0000	0.0086	True			kt1	989a18637 (tf32, t_tetrakbt -300)		25				0.0023	0.0197	PASS	b1	False	fb2da026b	R=0.0000
mp-7232	Cs2HgO2	5	I4/mmm (139)	NOTCONV_MAY	1.9931	4.3543	N	I		2.0818	0.0000	True	4.4800	4.8600	kr7	b695fa65c (tf32, t_tetrakbt -300)		53	4.3544	-0.0000	0.0001	0.0039	0.0422	PASS	b2	False	614ab5eb8	R=4.3541
mp-505824	Cs2PdC2	5	P-3m1 (164)	GOOD	1.7031	3.1614	N	D		2.2569	0.0696	True	3.0700	3.3600	kr7	b695fa65c (tf32, t_tetrakbt -300)		57	3.1616	0.0001	0.0003	0.0063	0.0424	PASS	b2	False	614ab5eb8	M=3.1200
mp-505825	Cs2PtC2	5	P-3m1 (164)	GOOD	1.1948	2.4629	N	I		1.2814	0.0000	True	2.3700	2.5600	kr7	b695fa65c (tf32, t_tetrakbt -300)		57	2.4656	0.0000	0.0030	0.0048	0.0329	PASS	b2	False	614ab5eb8	M=2.4340
mp-28873	CsBrO3	5	R3m (160)	NOTCONV_MAY	4.0234	7.0589	N	D		4.1681	0.0000	True	7.3600	7.6900	kr7	b695fa65c (tf32, t_tetrakbt -300)		35	7.0599	0.0013	0.0023	0.0064	0.0480	PASS	b2	False	fb2da026b	R=7.0588
mp-30056	CsCaBr3	5	Pm-3m (221)	GOOD	4.1565	6.9974	N	I		4.3923	0.0000	True	7.0900	7.6900	kr7	b695fa65c (tf32, t_tetrakbt -300)		56	6.9975	-0.0001	-0.0000	0.0082	0.0881	PASS	b2	False	614ab5eb8	M=6.9790
mp-7104	CsCaF3	5	Pm-3m (221)	GOOD	6.9102	11.0674	N	D	CHECK	6.9004	0.0000	True	11.1600	12.0900	kr7	b695fa65c (tf32, t_tetrakbt -300)		45	11.0674	-0.0001	-0.0000	0.0013	0.0154	PASS	b2	False	614ab5eb8	M=11.3480
mp-644203	CsCaH3	5	Pm-3m (221)	GOOD	2.8130	5.9538	N	D		3.1408	0.0122	True	5.8300	6.5900	kr7	b695fa65c (tf32, t_tetrakbt -300)		33	5.9534	0.0011	0.0008	0.0146	0.0956	PASS	b1	False	614ab5eb8	M=5.9280
mp-570231	CsCdBr3	5	Pm-3m (221)	DRIFT_GOOD	0.5039	2.7738	N	I		0.6966	0.0327	True	2.6400	3.2600	kt1	989a18637 (tf32, t_tetrakbt -300)		48	2.7765	-0.0001	0.0032	0.0005	0.0036	PASS	b1	False	fb2da026b	M=2.7820
mp-568544	CsCdCl3	5	Pm-3m (221)	GOOD	1.4579	4.2031	N	I		1.7417	0.0026	True	4.1300	4.8200	kr7	b695fa65c (tf32, t_tetrakbt -300)		48	4.2046	-0.0000	0.0015	0.0005	0.0071	PASS	b1	False	614ab5eb8	M=4.2120
mp-8399	CsCdF3	5	Pm-3m (221)	GOOD	3.1552	7.0050	N	I		3.2804	0.0000	True	6.9300	7.8600	kr7	b695fa65c (tf32, t_tetrakbt -300)		34	7.0065	-0.0002	0.0014	0.0018	0.0273	PASS	b1	False	614ab5eb8	M=6.9830
mp-1068340	CsGeBr3	5	R3m (160)	GOOD	1.1334	2.5228	N	D		1.1965	0.0000	True	2.3800	2.6100	kr7	b695fa65c (tf32, t_tetrakbt -300)		56	2.5228	0.0001	0.0002	0.0006	0.0036	PASS	b2	False	a1d6c0e11	M=2.5590
mp-570223	CsGeBr3	5	Pm-3m (221)	GOOD	0.5624	1.4435	N	D		0.7484	0.0168	True	1.2100	1.3200	kr7	b695fa65c (tf32, t_tetrakbt -300)		48	1.4433	0.0001	0.0001	0.0012	0.0097	PASS	b1	False	614ab5eb8	M=1.4450
mp-22988	CsGeCl3	5	R3m (160)	GOOD	1.9772	3.8773	N	D		2.1558	0.0000	True	3.8000	4.1400	kr7	b695fa65c (tf32, t_tetrakbt -300)		56	3.8772	-0.0000	0.0000	0.0008	0.0055	PASS	b2	False	fb2da026b	M=3.8440
mp-28377	CsGeI3	5	R3m (160)	GOOD	1.0572	1.9279	N	D		0.9905	0.0000	True	1.8400	1.9100	kr7	b695fa65c (tf32, t_tetrakbt -300)		48	1.9302	0.0005	0.0029	0.0048	0.0397	PASS	b1	False	fb2da026b	M=1.9630
mp-561947	CsHgF3	5	Pm-3m (221)	DRIFT_GOOD	0.5062	3.4789	N	I		0.7167	0.0000	True	3.2600	4.0100	kt1	989a18637 (tf32, t_tetrakbt -300)		34	3.4790	-0.0000	0.0002	0.0004	0.0042	PASS	b1	False	fb2da026b	M=3.4310
mp-8401	CsMgF3	5	Pm-3m (221)	GOOD	6.4734	10.7786	N	D		6.7028	0.0576	True	11.0400	11.8400	kr7	b695fa65c (tf32, t_tetrakbt -300)		34	10.7806	-0.0001	0.0021	0.0066	0.0821	PASS	b1	False	614ab5eb8	M=10.8210
mp-600089	CsPbBr3	5	Pm-3m (221)	GOOD	1.5734	3.1066	N	D		1.7819	0.0251	True	2.9300	3.2100	kr7	b695fa65c (tf32, t_tetrakbt -300)		56	3.1069	0.0000	0.0001	0.0005	0.0037	PASS	b2	False	614ab5eb8	M=3.1030
mp-23037	CsPbCl3	5	Pm-3m (221)	DRIFT_GOOD	1.9366	3.7672	N	D		2.1878	0.0128	True	3.5900	3.9700	kt1	989a18637 (tf32, t_tetrakbt -300)		56	3.7673	0.0000	-0.0000	0.0005	0.0045	PASS	b2	False	fb2da026b	M=3.7690
mp-5811	CsPbF3	5	Pm-3m (221)	GOOD	2.6936	5.0861	N	D		2.9227	0.0091	True	5.0000	5.4600	kr7	b695fa65c (tf32, t_tetrakbt -300)		47	5.0861	0.0000	0.0000	0.0010	0.0100	PASS	b2	False	614ab5eb8	M=5.0770
mp-1069538	CsPbI3	5	Pm-3m (221)	GOOD	1.2346	2.2986	E	D		1.4788	0.0250	True	2.2100	2.3400	kr7	614ab5eb8 (tf32, t_tetrakbt -300) with ES, ES rule es-a		51	2.2996	0.0006	0.0020	0.0014	0.0141	PASS	b1	True	7827f9424	M=2.2870;N=2.3397
mp-27214	CsSnBr3	5	Pm-3m (221)	GOOD	0.4734	1.4843	N	D		0.5984	0.0112	True	1.2700	1.4100	kr7	b695fa65c (tf32, t_tetrakbt -300)		56	1.4840	0.0000	0.0000	0.0005	0.0032	PASS	b2	False	fb2da026b	M=1.4730
mp-1070375	CsSnCl3	5	Pm-3m (221)	GOOD	0.7380	2.0257	N	D		0.9753	0.0227	True	1.7800	2.0400	kr7	b695fa65c (tf32, t_tetrakbt -300)		56	2.0258	-0.0000	-0.0000	0.0006	0.0040	PASS	b2	False	a1d6c0e11	M=1.9940
mp-614013	CsSnI3	5	Pm-3m (221)	GOOD	0.4740	1.1788	E	D	differs	0.4500	0.0000	True	1.0500	1.1100	kr7	614ab5eb8 (tf32, t_tetrakbt -300) with ES, ES rule es-a		51	1.1796	0.0004	0.0013	0.0009	0.0086	PASS	b1	True	8e51a3d5a	M=1.2400;N=1.2156
mp-8397	CsSrF3	5	Pm-3m (221)	GOOD	6.1402	10.2774	N	D		6.1846	0.0034	True	10.4100	11.2900	kr7	b695fa65c (tf32, t_tetrakbt -300)		45	10.2776	-0.0001	-0.0000	0.0010	0.0091	PASS	b2	False	614ab5eb8	M=10.3060
mp-9816	GeF4	5	I-43m (217)	NOTCONV_MAY	5.1063	10.4332	E	I	differs	5.5175	0.0000	True	10.9800	11.8400	kr7	0601771b4 (tf32, t_tetrakbt -300) with ES, ES rule es-c		28	10.4331	-0.0001	-0.0000	0.0006	0.0039	PASS	b1	True	f16f0ea3d	N=10.5396;R=10.5390
mp-1017567	Hf2SN2	5	P-3m1 (164)	GOOD	0.9405	2.0748	N	I	path<mesh(mesh)	0.8851	0.0000	True	1.9600	2.1800	kr7	b695fa65c (tf32, t_tetrakbt -300)		49	1.8644	0.0001	-0.0014	0.0088	0.0892	PASS	b1	False	a1d6c0e11	M=2.0790
mp-1069533	Hf2SN2	5	Immm (71)	GOOD	1.9133	3.2213	N	I		2.0821	0.0210	True	3.1700	3.4500	kr7	b695fa65c (tf32, t_tetrakbt -300)		61	3.2213	-0.0000	-0.0000	0.0011	0.0049	PASS	b2all	False	a1d6c0e11	M=3.2460
mp-22535	HfPbO3	5	Pm-3m (221)	FAILED_MAY	2.3065	3.5835	N	D		2.4149	0.0406	True	3.5400	3.8500	kr7	b695fa65c (tf32, t_tetrakbt -300)		42	3.5833	0.0001	0.0000	0.0004	0.0027	PASS	b1	False	fb2da026b	R=3.5834
mp-1017565	In2Se3	5	P-3m1 (164)	GOOD	0.0775	0.9560	E	I		0.1045	0.0384	True	0.9200	1.0900	kr7	614ab5eb8 (tf32, t_tetrakbt -300) with ES, ES rule es-a		56	0.9415	-0.0010	0.0001	0.0011	0.0066	PASS	b1	True	7827f9424	M=0.9350;N=0.9339
mp-10408	K2CN2	5	C2/m (12)	GOOD	3.1219	5.6590	N	D	differs	3.1433	0.0000	True	5.7600	6.2700	kr7	b695fa65c (tf32, t_tetrakbt -300)		48	5.6585	-0.0001	-0.0000	0.0040	0.0423	PASS	b2	False	a1d6c0e11	M=5.6080
mp-5860	K2HgO2	5	I4/mmm (139)	NOTCONV_MAY	2.0489	4.4947	N	I		2.0938	0.0000	True	4.6500	5.0200	kr7	b695fa65c (tf32, t_tetrakbt -300)		53	4.4923	-0.0001	0.0014	0.0024	0.0201	PASS	b2	False	614ab5eb8	R=4.4947
mp-1068977	K2PdC2	5	P-3m1 (164)	GOOD	1.4039	2.8987	N	I		1.8072	0.0000	True	2.7500	3.0800	kr7	b695fa65c (tf32, t_tetrakbt -300)		57	2.8987	-0.0000	0.0001	0.0012	0.0078	PASS	b2	False	a1d6c0e11	M=2.8590
mp-540584	K2PdO2	5	Immm (71)	GOOD	1.3034	3.9003	N	I	differs	1.3702	0.0000	True	3.9600	4.4800	kr7	b695fa65c (tf32, t_tetrakbt -300)		41	3.8978	0.0000	0.0000	0.0018	0.0313	PASS	b1	False	614ab5eb8	M=3.7820
mp-1068941	K2PdS2	5	Immm (71)	GOOD	0.8972	2.6364	N	I		1.0862	0.0000	True	2.7300	3.0600	kr7	b695fa65c (tf32, t_tetrakbt -300)		51	2.6656	-0.0001	0.0002	0.0009	0.0122	PASS	b1	False	a1d6c0e11	M=2.6210
mp-1069706	K2PdSe2	5	Immm (71)	GOOD	0.6395	2.0470	N	I		0.7168	0.0000	True	2.1200	2.3500	kr7	b695fa65c (tf32, t_tetrakbt -300)		51	2.0826	0.0010	0.0004	0.0013	0.0216	PASS	b1	False	a1d6c0e11	M=2.0480
mp-976876	K2PtC2	5	P-3m1 (164)	GOOD	0.8919	2.1446	N	I		0.9938	0.0000	True	2.0000	2.2200	kr7	b695fa65c (tf32, t_tetrakbt -300)		57	2.1445	0.0000	0.0000	0.0013	0.0092	PASS	b2	False	614ab5eb8	M=2.1200
mp-7928	K2PtS2	5	Immm (71)	GOOD	1.0178	2.8233	N	I	differs	1.2067	0.0000	True	2.9200	3.2700	kr7	b695fa65c (tf32, t_tetrakbt -300)		51	2.8556	-0.0000	0.0004	0.0043	0.0514	PASS	b1	False	614ab5eb8	M=2.8770
mp-8621	K2PtSe2	5	Immm (71)	GOOD	0.7388	2.3453	N	I	differs	0.9129	0.0000	True	2.4400	2.7600	kr7	b695fa65c (tf32, t_tetrakbt -300)		51	2.3829	0.0000	0.0008	0.0074	0.0845	PASS	b1	False	614ab5eb8	M=2.4140
mp-1068813	K2Te2Pd	5	Immm (71)	GOOD	0.6047	1.6079	E	I		0.5463	0.1527	True	1.6700	1.8600	kr7	614ab5eb8 (tf32, t_tetrakbt -300) with ES, ES rule es-a		60	1.6399	0.0016	0.0019	0.0013	0.0127	PASS	b2	True	7827f9424	M=1.5890;N=1.6070
mp-8623	K2Te2Pt	5	Immm (71)	GOOD	0.6030	1.8427	N	I		0.7591	0.0000	True	1.9200	2.1000	kr7	b695fa65c (tf32, t_tetrakbt -300)		59	1.8764	0.0008	0.0001	0.0013	0.0103	PASS	b2	False	614ab5eb8	M=1.8550
mp-9200	K3AuO	5	Pm-3m (221)	GOOD	0.4447	2.1688	N	I		0.5612	0.0000	True	1.8800	2.4500	kr7	b695fa65c (tf32, t_tetrakbt -300)		49	2.1687	-0.0002	-0.0000	0.0045	0.0295	PASS	b1	False	614ab5eb8	M=2.1670
mp-28166	K3BrO	5	Pm-3m (221)	GOOD	0.8759	3.2951	N	D	differs	0.8913	0.0902	True	3.1300	3.8700	kr7	b695fa65c (tf32, t_tetrakbt -300)		61	3.2952	0.0000	0.0000	0.0009	0.0070	PASS	b2	False	fb2da026b	M=3.2190
mp-28171	K3IO	5	Pm-3m (221)	GOOD	1.0041	3.2605	N	D	differs	1.0284	0.0383	True	3.1300	3.8100	kr7	b695fa65c (tf32, t_tetrakbt -300)		61	3.2607	-0.0002	0.0000	0.0009	0.0078	PASS	b2	False	fb2da026b	M=3.1670
mp-22958	KBrO3	5	R3m (160)	GOOD	3.6241	6.6525	N	D	CHECK	3.8569	0.0000	True			kr7	b695fa65c (tf32, t_tetrakbt -300)		37	6.6528	0.0000	0.0004	0.0008	0.0043	PASS	b2	False	fb2da026b	M=6.9750
mp-4950	KCaF3	5	Pm-3m (221)	NOTCONV_MAY	5.8742	10.4150	N	I		6.1392	0.0239	True	10.4800	11.5600	kr7	b695fa65c (tf32, t_tetrakbt -300)		44	10.4143	0.0002	-0.0001	0.0011	0.0106	PASS	b2	False	614ab5eb8	R=10.4145
mp-10175	KCdF3	5	Pm-3m (221)	GOOD	2.9118	7.0558	N	I	differs	3.0933	0.0256	True	6.9200	7.9400	kr7	b695fa65c (tf32, t_tetrakbt -300)		33	7.0556	0.0000	-0.0001	0.0008	0.0190	PASS	b1	False	a1d6c0e11	M=6.8990
mp-550506	KClO3	5	R3m (160)	NOTCONV_MAY	5.0549	8.7624	N	I		5.2294	0.0620	True	8.9700	9.5300	kr7	b695fa65c (tf32, t_tetrakbt -300)		53	8.7630	-0.0000	0.0005	0.0018	0.0130	PASS	b2all	False	614ab5eb8	R=8.7624
mp-552729	KIO3	5	R3m (160)	DRIFT_GOOD	2.4366	4.5889	N	D		2.5779	0.0068	True	4.6800	5.0500	kt1	989a18637 (tf32, t_tetrakbt -300)		33	4.5891	0.0008	0.0011	0.0016	0.0142	PASS	b1	False	fb2da026b	M=4.5490
mp-3448	KMgF3	5	Pm-3m (221)	NOTCONV_MAY	7.1196	12.0040	N	I		6.9537	0.0000	True	12.2400	13.2100	kr7	b695fa65c (tf32, t_tetrakbt -300)		33	12.0040	-0.0001	-0.0000	0.0031	0.0798	PASS	b1	False	614ab5eb8	R=12.0046
mp-23737	KMgH3	5	Pm-3m (221)	GOOD	2.1593	5.3573	N	I	differs	2.4580	0.0000	True	5.2300	6.0400	kr7	b695fa65c (tf32, t_tetrakbt -300)		33	5.3572	0.0000	-0.0001	0.0019	0.0103	PASS	b1	False	fb2da026b	M=5.2920
mp-6920	KNO3	5	R3m (160)	GOOD	2.8521	7.2834	N	D	differs	2.9813	0.0026	True	8.3700	8.1200	kt1	989a18637 (tf32, t_tetrakbt -300)		32	7.2893	0.0000	0.0044	0.0017	0.0141	PASS	b2	False	fb2da026b	M=7.3690
mp-4342	KNbO3	5	P4mm (99)	GOOD	1.1698	2.8740	N	I		1.4744	0.0012	True	2.9200	3.2200	kr7	b695fa65c (tf32, t_tetrakbt -300)		33	2.8745	-0.0001	0.0000	0.0008	0.0056	PASS	b1	False	614ab5eb8	M=2.8840
mp-5246	KNbO3	5	Amm2 (38)	GOOD	1.6144	3.4098	N	I	differs	2.0587	0.0004	True	3.4600	3.7800	kr7	b695fa65c (tf32, t_tetrakbt -300)		33	3.4096	0.0000	-0.0001	0.0008	0.0056	PASS	b1	False	614ab5eb8	M=3.4600
mp-7375	KNbO3	5	R3m (160)	GOOD	1.8786	3.6940	N	I		2.3108	0.0000	True	3.7500	4.0700	kr7	b695fa65c (tf32, t_tetrakbt -300)		33	3.6942	0.0000	-0.0001	0.0009	0.0050	PASS	b1	False	614ab5eb8	M=3.6690
mp-935811	KNbO3	5	Pm-3m (221)	GOOD	1.2278	2.6998	N	I		1.4216	0.0077	True	2.7500	2.9800	kr7	b695fa65c (tf32, t_tetrakbt -300)		33	2.6999	-0.0001	0.0001	0.0006	0.0041	PASS	b1	False	614ab5eb8	M=2.6620
mp-3614	KTaO3	5	Pm-3m (221)	DRIFT_GOOD	1.9633	3.9363	N	I	differs	2.0976	0.0000	True	3.9200	4.3500	kt1	989a18637 (tf32, t_tetrakbt -300)		33	3.9365	-0.0002	0.0001	0.0006	0.0037	PASS	b1	False	fb2da026b	M=3.9960
mp-5878	KZnF3	5	Pm-3m (221)	GOOD	3.7063	8.4092	N	I	CHECK	3.6837	0.0000	True	8.3800	9.4200	kr7	b695fa65c (tf32, t_tetrakbt -300)		33	8.4093	-0.0001	-0.0000	0.0004	0.0127	PASS	b1	False	614ab5eb8	M=8.1920
mp-9610	Li2CN2	5	I4/mmm (139)	DRIFT_GOOD	3.3725	5.7608	E	D	differs	3.7395	0.0000	True			kt1	614ab5eb8 (tf32, t_tetrakbt -300) with ES, ES rule es-a		32	5.7608	-0.0001	-0.0000	0.0037	0.0466	PASS	b2	True	f481126f0	M=5.8580;N=5.7611
mp-19183	Li2NiO2	5	Immm (71)	NOTCONV_MAY	0.2473	2.8136	N	I		0.6211	0.0931	True	-2.4100	3.1000	kr7	b695fa65c (tf32, t_tetrakbt -300)		33	3.0805	0.0000	0.0096	0.0017	0.0159	PASS	b2	False	fb2da026b	R=2.7837
mp-7608	Li2PdO2	5	Immm (71)	GOOD	1.0872	3.5729	N	I		1.1973	0.0000	True			kr7	b695fa65c (tf32, t_tetrakbt -300)		25	3.5356	-0.0003	-0.0001	0.0010	0.0070	PASS	b1	False	614ab5eb8	M=3.5380
mp-3216	Li2ZrN2	5	P-3m1 (164)	GOOD	1.6805	3.0232	N	I		1.5641	0.0000	True	3.0700	3.2600	kr7	b695fa65c (tf32, t_tetrakbt -300)		25	3.0231	-0.0001	-0.0001	0.0009	0.0037	PASS	b1	False	614ab5eb8	M=2.9900
mp-28593	Li3BrO	5	Pm-3m (221)	NOTCONV_MAY	4.5185	7.1603	N	D		4.3357	0.1439	True	7.2900	7.7900	kr7	b695fa65c (tf32, t_tetrakbt -300)		25	7.1605	-0.0001	-0.0001	0.0053	0.0823	PASS	b1	False	fb2da026b	R=7.1604
mp-2646	Mg3Sb2	5	P-3m1 (164)	GOOD	0.1350	0.8582	N	I		0.2172	0.0069	True	0.8600	0.9600	kr7	b695fa65c (tf32, t_tetrakbt -300)		57	0.8155	0.0001	0.0031	0.0018	0.0139	PASS	b2	False	fb2da026b	M=0.8550
mp-9514	MgAl2C2	5	P-3m1 (164)	GOOD	1.7647	2.5849	N	I		1.7463	0.0082	True	2.6600	2.7700	kr7	b695fa65c (tf32, t_tetrakbt -300)		35	2.5658	-0.0003	0.0012	0.0023	0.0258	PASS	b1	False	614ab5eb8	M=2.5730
mp-865185	MgBe2As2	5	P-3m1 (164)	GOOD	0.5706	1.3768	N	I	path<mesh(mesh)	0.4042	0.0000	True	1.2800	1.3500	kr7	b695fa65c (tf32, t_tetrakbt -300)		35	1.1712	-0.0000	0.0094	0.0043	0.0436	PASS	b1	False	614ab5eb8	M=1.3760
mp-11917	MgBe2N2	5	P-3m1 (164)	GOOD	4.1012	5.9692	N	I	differs	4.0654	0.0000	True	6.0900	6.3800	kr7	b695fa65c (tf32, t_tetrakbt -300)		25	5.9724	0.0000	0.0033	0.0023	0.0101	PASS	b1	False	a1d6c0e11	M=5.8740
mp-1017628	MgBe2P2	5	P-3m1 (164)	GOOD	0.7587	1.7375	N	I	path<mesh(mesh)	0.6341	0.0000	True	1.6400	1.7300	kr7	b695fa65c (tf32, t_tetrakbt -300)		35	1.5222	-0.0000	0.0065	0.0018	0.0175	PASS	b1	False	a1d6c0e11	M=1.7360
mp-30247	MgH2O2	5	P-3m1 (164)	NOTCONV_MAY	4.3200	8.1512	N	D		4.1797	0.0000	True	8.1900	8.9600	kr7	b695fa65c (tf32, t_tetrakbt -300)		37	8.1512	0.0000	-0.0000	0.0054	0.0424	PASS	b2	False	614ab5eb8	R=8.1513
mp-541989	Na2CN2	5	C2/m (12)	NOTCONV_MAY	2.9181	5.5713	N	I		3.0240	0.0000	True	5.8200	6.2200	kr7	b695fa65c (tf32, t_tetrakbt -300)		30	5.5715	0.0001	0.0005	0.0042	0.0501	PASS	b1	False	614ab5eb8	R=5.5715
mp-4961	Na2HgO2	5	I4/mmm (139)	NOTCONV_MAY	1.6509	3.7940	N	I		1.6647	0.0000	True	3.9500	4.2300	kr7	b695fa65c (tf32, t_tetrakbt -300)		47	3.7742	-0.0001	-0.0206	0.0028	0.0252	PASS	b2	False	614ab5eb8	R=3.7941
mp-4823	Na2PdC2	5	P-3m1 (164)	GOOD	0.8497	2.1178	N	I		0.8844	0.0453	True	2.0200	2.3100	kr7	b695fa65c (tf32, t_tetrakbt -300)		35	2.1350	-0.0001	0.0172	0.0094	0.0752	PASS	b1	False	614ab5eb8	M=2.1150
mp-4366	Na2PtC2	5	P-3m1 (164)	GOOD	0.3083	1.3572	N	I		0.3749	0.0574	True	1.2700	1.4600	kr7	b695fa65c (tf32, t_tetrakbt -300)		35	1.3751	-0.0000	0.0180	0.0082	0.0582	PASS	b1	False	614ab5eb8	M=1.3670
mp-22313	Na2PtO2	5	Immm (71)	GOOD	1.3673	3.8365	N	I		1.4786	0.0000	True	3.8400	4.2200	kr7	b695fa65c (tf32, t_tetrakbt -300)		35	3.8081	0.0001	-0.0006	0.0015	0.0193	PASS	b1	False	fb2da026b	M=3.8060
mp-28602	Na3ClO	5	Pm-3m (221)	GOOD	2.3194	5.2018	N	D	differs	2.0519	0.1206	True	5.1000	5.8400	kr7	b695fa65c (tf32, t_tetrakbt -300)		40	5.2043	-0.0001	0.0025	0.0019	0.0267	PASS	b1	False	fb2da026b	M=5.0140
mp-560399	NaMgF3	5	Pm-3m (221)	NOTCONV_MAY	5.6966	10.7190	N	I		5.9262	0.0416	True	11.0100	11.9800	kr7	b695fa65c (tf32, t_tetrakbt -300)		30	10.7188	0.0001	-0.0001	0.0004	0.0080	PASS	b1	False	614ab5eb8	R=10.7188
mp-3136	NaNbO3	5	Pm-3m (221)	GOOD	1.2822	2.8212	N	I		1.5312	0.0443	True	2.8800	3.1400	kr7	b695fa65c (tf32, t_tetrakbt -300)		30	2.8224	-0.0009	0.0003	0.0006	0.0040	PASS	b1	False	614ab5eb8	M=2.8360
mp-4170	NaTaO3	5	Pm-3m (221)	GOOD	2.1172	4.2249	N	I		2.2596	0.0278	True	4.2300	4.6900	kr7	b695fa65c (tf32, t_tetrakbt -300)		30	4.2251	-0.0003	0.0002	0.0007	0.0039	PASS	b1	False	614ab5eb8	M=4.1810
mp-12725	NbAgO3	5	Pm-3m (221)	FAILED_MAY	1.0946	2.4423	N	I		1.3336	0.0919	True	2.4500	2.6800	kt1	989a18637 (tf32, t_tetrakbt -300)		30	2.4424	-0.0000	0.0002	0.0005	0.0046	PASS	b1	False	a1d6c0e11	R=2.4426
mp-551905	OsO4	5	C2 (5)	NOTCONV_MAY	3.1674	6.2536	E	I	differs	3.2472	0.0015	True	7.2000	6.9800	kr7	0601771b4 (tf32, t_tetrakbt -300) with ES, ES rule es-c		28	6.2536	0.0000	0.0000	0.0005	0.0035	PASS	b1	True	f16f0ea3d	N=6.3279;R=6.3278
mp-341	PbF4	5	I4/mmm (139)	NOTCONV_MAY	1.8435	5.1326	N	I		1.9294	0.0000	True	5.0400	5.6500	kr7	b695fa65c (tf32, t_tetrakbt -300)		30	5.1336	-0.0000	0.0010	0.0007	0.0057	PASS	b1	False	614ab5eb8	R=5.1325
mp-1069193	PdN2Cl2	5	P1 (1)	GOOD	0.1282	1.2628	E	I		0.1874	1.3658	True	1.1300	1.3400	kr7	614ab5eb8 (tf32, t_tetrakbt -300) with ES, ES rule es-a		40	1.2642	-0.0000	0.0014	0.0004	0.0033	PASS	b1	True	7827f9424	M=1.2290;N=1.2303
mp-5072	Rb2HgO2	5	I4/mmm (139)	NOTCONV_MAY	1.9710	4.4625	N	D		2.0300	0.0000	True	4.5900	4.9900	kr7	b695fa65c (tf32, t_tetrakbt -300)		53	4.4624	-0.0001	0.0000	0.0013	0.0114	PASS	b2	False	614ab5eb8	R=4.4624
mp-10918	Rb2PdC2	5	P-3m1 (164)	GOOD	1.5521	3.0552	N	D	differs	2.0074	0.0560	True	2.9200	3.2200	kr7	b695fa65c (tf32, t_tetrakbt -300)		57	3.0553	-0.0001	0.0000	0.0018	0.0228	PASS	b2	False	a1d6c0e11	M=2.9010
mp-1069771	Rb2PdSe2	5	Immm (71)	GOOD	0.7294	2.2088	N	I		0.8287	0.0000	True	2.3100	2.5300	kr7	b695fa65c (tf32, t_tetrakbt -300)		51	2.2576	0.0003	0.0007	0.0026	0.0429	PASS	b1	False	a1d6c0e11	M=2.1880
mp-10919	Rb2PtC2	5	P-3m1 (164)	GOOD	1.0507	2.3136	N	D		1.1393	0.0000	True	2.1600	2.3600	kr7	b695fa65c (tf32, t_tetrakbt -300)		57	2.3132	0.0000	0.0000	0.0013	0.0074	PASS	b2	False	a1d6c0e11	M=2.3590
mp-7929	Rb2PtS2	5	Immm (71)	GOOD	1.0282	2.8007	N	I		1.2189	0.0000	True	2.9400	3.2600	kr7	b695fa65c (tf32, t_tetrakbt -300)		51	2.8474	0.0007	0.0006	0.0061	0.0628	PASS	b1	False	614ab5eb8	M=2.7560
mp-8622	Rb2PtSe2	5	Immm (71)	GOOD	0.7934	2.4129	N	I		0.9644	0.0000	True	2.5400	2.8600	kr7	b695fa65c (tf32, t_tetrakbt -300)		59	2.4668	0.0000	-0.0000	0.0012	0.0096	PASS	b2	False	614ab5eb8	M=2.4050
mp-1070356	Rb2Te2Pd	5	Immm (71)	GOOD	0.5492	1.4126	N	I		0.3053	0.0630	True	1.5200	1.6700	kr7	b695fa65c (tf32, t_tetrakbt -300)		59	1.4626	0.0006	0.0000	0.0009	0.0075	PASS	b2	False	a1d6c0e11	M=1.4080
mp-1070498	Rb2Te2Pt	5	Immm (71)	GOOD	0.7616	2.0670	N	I		0.8827	0.0375	True	2.1800	2.3600	kr7	b695fa65c (tf32, t_tetrakbt -300)		59	2.1026	0.0006	0.0001	0.0012	0.0133	PASS	b2	False	a1d6c0e11	M=2.0930
mp-4405	Rb3AuO	5	Pm-3m (221)	GOOD	0.0696	1.7425	N	I	differs	0.1979	0.0000	True	1.4000	1.9600	kr7	b695fa65c (tf32, t_tetrakbt -300)		49	1.7425	0.0000	0.0001	0.0082	0.0664	PASS	b1	False	614ab5eb8	M=1.8470
mp-30055	Rb3BrO	5	Pm-3m (221)	GOOD	0.3453	2.6047	N	D		0.3851	0.0977	True	2.2300	3.0600	kr7	b695fa65c (tf32, t_tetrakbt -300)		61	2.6049	-0.0002	0.0000	0.0006	0.0044	PASS	b2	False	614ab5eb8	M=2.5800
mp-28872	RbBrO3	5	R3m (160)	GOOD	3.8053	6.8217	N	D	differs	3.9953	0.0000	True	7.1100	7.4700	kr7	b695fa65c (tf32, t_tetrakbt -300)		37	6.8219	-0.0001	0.0001	0.0009	0.0067	PASS	b2	False	fb2da026b	M=6.9200
mp-3654	RbCaF3	5	Pm-3m (221)	GOOD	6.3239	10.7464	N	I	differs	6.3971	0.0000	True	10.8400	11.8300	kr7	b695fa65c (tf32, t_tetrakbt -300)		36	10.7462	-0.0001	-0.0001	0.0050	0.0898	PASS	b1	False	614ab5eb8	M=10.5900
mp-23949	RbCaH3	5	Pm-3m (221)	GOOD	2.9211	6.2403	N	I		3.2723	0.0180	True	6.1000	6.9000	kr7	b695fa65c (tf32, t_tetrakbt -300)		33	6.2404	0.0000	0.0001	0.0216	0.0787	PASS	b1	False	fb2da026b	M=6.2430
mp-6951	RbCdF3	5	Pm-3m (221)	NOTCONV_MAY	2.9979	7.0392	N	I		3.1689	0.0000	True	6.9400	7.9100	kr7	b695fa65c (tf32, t_tetrakbt -300)		33	7.0392	0.0000	-0.0001	0.0006	0.0117	PASS	b1	False	614ab5eb8	R=7.0393
mp-23011	RbClO3	5	R3m (160)	FAILED_MAY	5.1610	8.8110	N	I		5.3288	0.0652	True	9.0300	9.5800	kr7	b695fa65c (tf32, t_tetrakbt -300)		53	8.8112	-0.0001	-0.0000	0.0021	0.0147	PASS	b2all	False	fb2da026b	R=8.8110
mp-571458	RbGeI3	5	Pm-3m (221)	GOOD	0.4999	1.1000	N	D		0.5181	0.0134	True	0.9700	0.9800	kr7	b695fa65c (tf32, t_tetrakbt -300)		48	1.1000	0.0002	0.0001	0.0017	0.0089	PASS	b1	False	614ab5eb8	M=1.1120
mp-7482	RbHgF3	5	Pm-3m (221)	GOOD	0.4137	3.5561	N	I	differs	0.6454	0.0000	True	3.3100	4.1100	kr7	b695fa65c (tf32, t_tetrakbt -300)		33	3.5561	-0.0001	-0.0001	0.0004	0.0025	PASS	b1	False	614ab5eb8	M=3.4250
mp-27193	RbIO3	5	R3m (160)	GOOD	2.7576	4.9934	N	D		2.8369	0.0000	True	5.0600	5.3500	kr7	b695fa65c (tf32, t_tetrakbt -300)		33	4.9940	0.0005	0.0011	0.0014	0.0126	PASS	b1	False	fb2da026b	M=4.9550
mp-8402	RbMgF3	5	Pm-3m (221)	GOOD	7.1132	11.8512	N	I	differs	6.9351	0.0000	True	12.0900	12.9500	kt1	989a18637 (tf32, t_tetrakbt -300)		33	11.8511	-0.0001	-0.0001	0.0015	0.0448	PASS	b1	False	fb2da026b	M=12.0070
mp-21043	RbPbF3	5	Pm-3m (221)	GOOD	2.9784	5.5288	N	I	differs	3.0422	0.0411	True	5.4600	5.9600	kt1	989a18637 (tf32, t_tetrakbt -300)		46	5.5288	-0.0000	-0.0000	0.0011	0.0112	PASS	b2	False	fb2da026b	M=5.7170
mp-3525	Sb2Te2Se	5	R-3m (166)	GOOD	0.0934	0.3513	N	D		0.1308	0.1502	True	0.3600	0.4100	kr7	b695fa65c (tf32, t_tetrakbt -300)		45	0.3539	0.0002	0.0027	0.0023	0.0150	PASS	b1	False	614ab5eb8	M=0.3550
mp-1201	Sb2Te3	5	R-3m (166)	GOOD	0.2368	0.4878	N	D		0.1611	0.0000	True	0.5400	0.5700	kr7	b695fa65c (tf32, t_tetrakbt -300)		45	0.4903	0.0006	0.0034	0.0025	0.0228	PASS	b1	False	a1d6c0e11	M=0.5020
mp-571550	Sb2TeSe2	5	R-3m (166)	GOOD	0.4987	0.8949	N	D	differs	0.5484	0.1098	True	1.0100	1.0700	kr7	b695fa65c (tf32, t_tetrakbt -300)		45	0.9192	0.0006	0.0021	0.0024	0.0232	PASS	b1	False	614ab5eb8	M=0.8100
mp-8612	Sb2TeSe2	5	R3m (160)	GOOD	0.4350	0.7281	N	I		0.4864	0.0731	True	0.7400	0.7900	kr7	b695fa65c (tf32, t_tetrakbt -300)		45	0.7074	0.0022	0.0021	0.0021	0.0164	PASS	b1	False	614ab5eb8	M=0.7330
mp-1818	SiF4	5	I-43m (217)	GOOD	7.5900	12.9939	E	I	differs	7.7298	0.0000	True	13.6200	14.5700	kr7	0601771b4 (tf32, t_tetrakbt -300) with ES, ES rule es-c		28	12.9937	-0.0001	-0.0001	0.0011	0.0076	PASS	b1	True	f16f0ea3d	M=13.0210;N=13.1057
mp-2706	SnF4	5	I4/mmm (139)	DRIFT_GOOD	3.0406	7.4709	N	I	differs	3.1150	0.0000	True	7.6600	8.5200	kt1	989a18637 (tf32, t_tetrakbt -300)		30	7.4814	0.0001	0.0106	0.0021	0.0187	PASS	b1	False	fb2da026b	M=7.3050
mp-571436	SnI4	5	P-43m (215)	GOOD	1.0975	3.2350	E	I	differs	1.5297	0.0280	True	3.5000	3.8300	kr7	614ab5eb8 (tf32, t_tetrakbt -300) with ES, ES rule es-a		52	3.2371	0.0000	0.0020	0.0004	0.0020	PASS	b1	True	7827f9424	M=3.3590;N=3.3284
mp-1069819	SnN2F2	5	C2/m (12)	GOOD	0.9994	4.1397	E	D	CHECK	0.9391	0.4591	True	4.3300	4.7500	kt1	0601771b4 (tf32, t_tetrakbt -300) with ES, ES rule es-c		32	4.1466	-0.0001	0.0067	0.0088	0.0530	PASS	b1	True	f16f0ea3d	M=3.6090;N=4.1233
mp-9306	Sr2ZnN2	5	I4/mmm (139)	GOOD	0.7139	1.8081	N	D	differs	0.7384	0.0000	True	1.8700	1.9800	kr7	b695fa65c (tf32, t_tetrakbt -300)		47	1.8079	-0.0001	-0.0000	0.0019	0.0158	PASS	b2	False	614ab5eb8	M=1.6340
mp-570008	Sr3BiN	5	Pm-3m (221)	GOOD	0.2622	1.0237	N	D		0.2569	0.0000	True	0.9500	1.1800	kr7	b695fa65c (tf32, t_tetrakbt -300)		40	1.0236	-0.0001	0.0000	0.0023	0.0257	PASS	b1	False	614ab5eb8	M=1.0140
mp-7752	Sr3SbN	5	Pm-3m (221)	GOOD	0.2530	1.0656	N	D		0.2577	0.0000	True	1.0100	1.2500	kr7	b695fa65c (tf32, t_tetrakbt -300)		40	1.0656	-0.0001	0.0000	0.0010	0.0105	PASS	b1	False	614ab5eb8	M=1.0640
mp-1068011	SrAlH3	5	Pm-3m (221)	GOOD	0.5630	1.2106	N	I		0.0738	0.6990	True	1.1400	1.4000	kr7	b695fa65c (tf32, t_tetrakbt -300)		30	1.2085	0.0000	0.0001	0.0010	0.0057	PASS	b1	False	a1d6c0e11	M=1.1970
mp-7771	SrCd2As2	5	P-3m1 (164)	GOOD	0.0000	0.8723	N	D		0.1348	0.0000	True	0.7800	1.0600	kr7	b695fa65c (tf32, t_tetrakbt -300)		57	0.8724	-0.0001	-0.0000	0.0014	0.0084	PASS	b2	False	614ab5eb8	M=0.8750
mp-8277	SrCd2P2	5	P-3m1 (164)	GOOD	0.5493	1.3989	N	D		0.7105	0.0000	True			kr7	b695fa65c (tf32, t_tetrakbt -300)		57	1.3989	-0.0000	-0.0000	0.0011	0.0049	PASS	b2	False	614ab5eb8	M=1.4020
mp-4551	SrHfO3	5	Pm-3m (221)	GOOD	3.5625	6.2268	N	I	differs	3.7269	0.0330	True	6.2700	6.8100	kr7	b695fa65c (tf32, t_tetrakbt -300)		40	6.2268	-0.0000	-0.0000	0.0005	0.0075	PASS	b1	False	614ab5eb8	M=6.1410
mp-24419	SrLiH3	5	Pm-3m (221)	GOOD	1.6350	4.2732	N	I	differs	1.8195	0.4578	True	3.9300	4.7300	kr7	b695fa65c (tf32, t_tetrakbt -300)		48	4.2733	-0.0001	-0.0000	0.0037	0.0211	PASS	b2	False	fb2da026b	M=4.3540
mp-863260	SrMg2As2	5	P-3m1 (164)	GOOD	1.2620	2.2302	N	I		1.3464	0.0000	True	2.2600	2.4600	kr7	b695fa65c (tf32, t_tetrakbt -300)		45	2.2418	0.0003	0.0124	0.0114	0.0871	PASS	b1	False	614ab5eb8	M=2.2290
mp-1069695	SrMg2Bi2	5	P-3m1 (164)	GOOD	0.4008	1.3260	E	D		0.3824	0.0000	True	1.3600	1.5500	kr7	614ab5eb8 (tf32, t_tetrakbt -300) with ES, ES rule es-a		46	1.3272	0.0001	0.0014	0.0140	0.0723	PASS	b1	True	7827f9424	M=1.3400;N=1.3400
mp-10550	SrMg2N2	5	P-3m1 (164)	GOOD	1.6922	2.9989	N	D		1.6877	0.0000	True	3.0200	3.2900	kr7	b695fa65c (tf32, t_tetrakbt -300)		38	2.9992	-0.0000	0.0005	0.0019	0.0211	PASS	b1	False	a1d6c0e11	M=2.9570
mp-9566	SrMg2Sb2	5	P-3m1 (164)	GOOD	0.9327	1.7873	E	I		0.9813	0.0000	True	1.8100	1.9500	kr7	614ab5eb8 (tf32, t_tetrakbt -300) with ES, ES rule es-a		46	1.7870	0.0005	0.0005	0.0098	0.0621	PASS	b1	True	f481126f0	M=1.7730;N=1.7620
mp-1017439	SrSiO3	5	Pm-3m (221)	GOOD	2.3209	4.9448	N	I	differs	2.3831	0.3243	True	4.9000	5.3000	kr7	b695fa65c (tf32, t_tetrakbt -300)		33	4.9451	-0.0003	0.0000	0.0006	0.0033	PASS	b1	False	a1d6c0e11	M=4.7660
mp-9379	SrSn2As2	5	R-3m (166)	UNKNOWN_MAY	0.1390	0.0608	N	I	QSGW<LDA	0.0047	0.0000	True	0.0100	0.0200	kt1	989a18637 (tf32, t_tetrakbt -300)		45				0.0032	0.0217	PASS	b1	False	fb2da026b	R=0.0410
mp-546973	SrSnO3	5	Pm-3m (221)	GOOD	0.7097	3.0706	N	I		0.9749	0.0477	True	3.0700	3.5600	kr7	b695fa65c (tf32, t_tetrakbt -300)		33	3.0705	-0.0000	-0.0000	0.0005	0.0031	PASS	b1	False	614ab5eb8	M=3.0910
mp-5229	SrTiO3	5	Pm-3m (221)	GOOD	1.7195	3.6286	N	I		1.7659	0.0005	True	3.1000	3.7100	kr7	b695fa65c (tf32, t_tetrakbt -300)		33	3.6290	-0.0002	-0.0000	0.0008	0.0080	PASS	b1	False	614ab5eb8	M=3.5970
mp-7770	SrZn2As2	5	P-3m1 (164)	GOOD	0.1634	1.2415	N	D		0.2540	0.0000	True	1.2600	1.4800	kr7	b695fa65c (tf32, t_tetrakbt -300)		55	1.2421	-0.0000	0.0023	0.0046	0.0389	PASS	b1	False	614ab5eb8	M=1.2430
mp-8276	SrZn2P2	5	P-3m1 (164)	GOOD	0.6801	1.5665	N	I		0.8289	0.0000	True	1.6100	1.7600	kr7	b695fa65c (tf32, t_tetrakbt -300)		45	1.5766	-0.0001	0.0101	0.0056	0.0412	PASS	b1	False	614ab5eb8	M=1.5580
mp-3323	SrZrO3	5	Pm-3m (221)	DRIFT_GOOD	3.0471	5.4713	N	I		3.2141	0.0549	True	5.5000	6.0600	kt1	989a18637 (tf32, t_tetrakbt -300)		33	5.4713	-0.0000	-0.0000	0.0011	0.0079	PASS	b1	False	fb2da026b	M=5.4980
mp-19845	TiPbO3	5	Pm-3m (221)	GOOD	1.5568	2.8858	N	I	differs	1.5743	0.0412	True	1.0100	3.1400	kr7	b695fa65c (tf32, t_tetrakbt -300)		35	2.8852	-0.0000	0.0013	0.0008	0.0064	PASS	b1	False	fb2da026b	M=2.7220
mp-20459	TiPbO3	5	P4mm (99)	GOOD	1.6229	3.2209	N	I		1.8242	0.0000	True	3.0200	3.4600	kr7	b695fa65c (tf32, t_tetrakbt -300)		35	3.2205	-0.0000	0.0000	0.0007	0.0055	PASS	b1	False	fb2da026b	M=3.2210
mp-29798	TlBrO3	5	R3m (160)	FAILED_MAY	3.3879	5.6834	N	I		3.5098	0.0073	True	5.9100	6.1700	kr7	b695fa65c (tf32, t_tetrakbt -300)		35	5.6835	0.0001	0.0003	0.0007	0.0050	PASS	b1	False	fb2da026b	R=5.6832
mp-29738	TlClO3	5	R3m (160)	FAILED_MAY	4.1270	6.8182	N	I		4.3481	0.0620	True	6.9100	7.3900	kr7	b695fa65c (tf32, t_tetrakbt -300)		35	6.8192	0.0021	0.0035	0.0040	0.0274	PASS	b1	False	fb2da026b	R=6.8179
mp-22981	TlIO3	5	R3m (160)	FAILED_MAY	2.7031	4.4997	N	D		2.7816	0.0000	True	4.5600	4.7800	kr7	b695fa65c (tf32, t_tetrakbt -300)		35	4.4997	0.0000	0.0003	0.0005	0.0048	PASS	b1	False	fb2da026b	R=4.4999
mp-14099	ZnAgF3	5	Pm-3m (221)	FAILED_MAY	1.4487	5.4716	N	I		1.5852	0.0536	True	5.2300	6.5800	kt1	989a18637 (tf32, t_tetrakbt -300)		30	5.4717	-0.0001	0.0000	0.0002	0.0017	PASS	b1	False	96ec5c1ee	R=5.4719
mp-553875	Zr2SN2	5	P-3m1 (164)	GOOD	0.7022	1.6664	N	I	differs path<mesh(mesh)	0.5518	0.0108	True	1.5900	1.7300	kr7	b695fa65c (tf32, t_tetrakbt -300)		35	1.4602	0.0001	-0.0011	0.0041	0.0583	PASS	b1	False	614ab5eb8	M=1.7240
mp-1068577	ZrPbO3	5	Pm-3m (221)	FAILED_MAY	2.1783	3.4345	N	I		2.2842	0.0822	True	3.4200	3.7100	kt1	989a18637 (tf32, t_tetrakbt -300)		30	3.4342	-0.0001	0.0000	0.0011	0.0092	PASS	b1	False	a1d6c0e11	R=3.4347
mp-20337	ZrPbO3	5	Amm2 (38)	GOOD	2.6327	3.9202	N	I		2.6727	0.0329	True	3.9100	4.2000	kr7	b695fa65c (tf32, t_tetrakbt -300)		35	3.9210	0.0001	0.0010	0.0008	0.0086	PASS	b1	False	fb2da026b	M=3.9640
mp-22993	AgClO4	6	I-42m (121)	FAILED_MAY	2.5582	6.0980	N	I		2.6130	0.0000	True			kt1	989a18637 (tf32, t_tetrakbt -300)		34	6.0993	0.0001	0.0042	0.0011	0.0099	PASS	b1	False	fb2da026b	R=6.0979
mp-551758	AgClO4	6	F-43m (216)	FAILED_MAY	2.0244	5.5758	E	I		2.3744	0.1166	True	5.5800	6.5700	kt1	614ab5eb8 (tf32, t_tetrakbt -300) with ES, ES rule es-a		35	5.5758	-0.0000	-0.0001	0.0003	0.0027	PASS	b1	True	a297c38f9	N=5.5770;R=5.5767
mp-27863	Al2Cl2O2	6	Pmmn (59)	GOOD	5.6744	8.9197	N	I		5.5940	0.1968	True	9.1500	9.6700	kt1	989a18637 (tf32, t_tetrakbt -300)		68	8.9047	-0.0005	-0.0001	0.0012	0.0114	PASS	b2all	False	fb2da026b	M=8.9350
mp-10910	Al4Ru2	6	Fddd (70)	GOOD	0.0907	0.4631	N	I		0.0864	0.0000	True	0.5000	0.5300	kt1	989a18637 (tf32, t_tetrakbt -300)		54	0.4284	0.0001	0.0006	0.0010	0.0090	PASS	b1	False	fb2da026b	M=0.4620
mp-7849	AlAsO4	6	I-4 (82)	NOTCONV_MAY	4.4366	8.0728	E	I	CHECK	4.2634	0.0131	True			kr7	614ab5eb8 (tf32, t_tetrakbt -300) with ES, ES rule es-a		36	8.0714	0.0004	-0.0000	0.0026	0.0471	PASS	b1	True	1bbefe015	N=8.2844;R=8.2844
mp-551798	AlPO4	6	I-4m2 (119)	FAILED_MAY	0.0024	1.3438	E	I		0.0182	2.8245	True	0.5500	1.2600	kt1	614ab5eb8 (tf32, t_tetrakbt -300) with ES, ES rule es-a		35	1.3404	0.0012	0.0016	0.0020	0.0205	PASS	b1	True	1bbefe015	N=1.3385;R=1.3393
mp-7848	AlPO4	6	I-4 (82)	GOOD	5.6222	9.2456	E	D	CHECK	5.6696	0.0067	True	9.6500	10.3200	kt1	614ab5eb8 (tf32, t_tetrakbt -300) with ES, ES rule es-a		38	9.2535	-0.0000	0.0078	0.0028	0.0280	PASS	b1	True	1bbefe015	M=9.6180;N=9.4139
mp-1071955	AlPS4	6	I222 (23)	DRIFT_GOOD	2.4197	4.7068	E	I	differs	2.7716	0.0051	True	4.9700	5.3100	kt1	614ab5eb8 (tf32, t_tetrakbt -300) with ES, ES rule es-a		79	4.6914	-0.0002	0.0008	0.0013	0.0108	PASS	b2all	True	f481126f0	M=4.8040;N=4.7892
mp-5606	AlTlF4	6	P4/mmm (123)	FAILED_MAY	4.1048	7.2280	N	I		4.2500	0.0065	True	7.3900	7.9200	kt1	989a18637 (tf32, t_tetrakbt -300)		39	7.2283	-0.0000	0.0002	0.0022	0.0276	PASS	b1	False	fb2da026b	R=7.2280
mp-1182867	AlWO4	6	Cmmm (65)	UNKNOWN_MAY		0.0000	N	metal		2.9803	0.0000	True			kt1	989a18637 (tf32, t_tetrakbt -300)		34				0.0010	0.0075	PASS	b1	False	a1d6c0e11	R=0.0000
mp-2455	As4Os2	6	Pnnm (58)	GOOD	0.6304	0.9996	N	I		0.6584	0.0000	True	1.0500	1.0900	kt1	989a18637 (tf32, t_tetrakbt -300)		54	0.9829	0.0015	0.0007	0.0012	0.0100	PASS	b1	False	fb2da026b	M=1.0020
mp-766	As4Ru2	6	Pnnm (58)	GOOD	0.4570	0.7532	N	I		0.4556	0.0000	True	0.8100	0.8300	kt1	989a18637 (tf32, t_tetrakbt -300)		54	0.7325	-0.0007	0.0001	0.0011	0.0078	PASS	b1	False	fb2da026b	M=0.7570
mp-947	Au4S2	6	Pn-3m (224)	GOOD	2.0008	3.2474	N	D		1.9091	0.0000	True	3.3200	3.5300	kt1	989a18637 (tf32, t_tetrakbt -300)		78	3.2474	-0.0001	-0.0000	0.0011	0.0126	PASS	b2d	False	1fd34b1c0	M=3.2000
mp-3277	BAsO4	6	I-4 (82)	GOOD	4.5364	8.0824	N	I	differs	4.2820	0.0000	True	8.3100	8.9000	kt1	989a18637 (tf32, t_tetrakbt -300)		33	8.1678	0.0003	0.0858	0.0144	0.0898	PASS	b2	False	fb2da026b	M=8.2600
mp-3589	BPO4	6	I-4 (82)	GOOD	7.3711	10.9109	N	I	differs	7.2637	0.0000	True	11.1200	11.7700	kt1	989a18637 (tf32, t_tetrakbt -300)		53	10.9116	0.0000	0.0009	0.0029	0.0302	PASS	b2all	False	fb2da026b	M=11.0120
mp-27724	BPS4	6	I222 (23)	GOOD	1.9541	4.1997	N	I	differs	2.2760	0.0000	True	4.3800	4.7000	kt1	989a18637 (tf32, t_tetrakbt -300)		73	4.1895	0.0001	-0.0001	0.0011	0.0105	PASS	b2all	False	fb2da026b	M=4.1280
mp-9899	Ba2Ag2P2	6	P6_3/mmc (194)	GOOD	0.0593	0.8121	N	I		0.1217	0.0000	True	0.7300	0.9600	kt1	989a18637 (tf32, t_tetrakbt -300)		68	0.8120	0.0000	0.0000	0.0014	0.0167	PASS	b2	False	fb2da026b	M=0.8040
mp-1205316	Ba2Ag2Sb2	6	P6_3/mmc (194)	GOOD	0.0489	0.6913	N	I		0.0415	0.0000	True	0.6200	0.8200	kt1	989a18637 (tf32, t_tetrakbt -300)		68	0.6916	0.0001	0.0004	0.0020	0.0196	PASS	b2	False	a1d6c0e11	M=0.6910
mp-23070	Ba2Br2F2	6	P4/nmm (129)	GOOD	4.6636	7.4323	N	D		4.8824	0.1266	True	7.5700	8.0700	kt1	989a18637 (tf32, t_tetrakbt -300)		58	7.4333	-0.0000	0.0010	0.0010	0.0084	PASS	b2	False	fb2da026b	M=7.4300
mp-10293	Ba2C4	6	C2/c (15)	GOOD	2.0127	4.3347	N	I	differs	2.1291	0.1468	True	4.3900	4.8500	kt1	989a18637 (tf32, t_tetrakbt -300)		64	4.3355	0.0001	0.0010	0.0042	0.0248	PASS	b2	False	a1d6c0e11	M=4.3930
mp-23432	Ba2Cl2F2	6	P4/nmm (129)	GOOD	5.1758	8.3179	N	D		5.4430	0.1680	True	8.4400	9.0200	kt1	989a18637 (tf32, t_tetrakbt -300)		58	8.3192	0.0000	0.0014	0.0010	0.0072	PASS	b2	False	fb2da026b	M=8.3470
mp-552934	Ba2CuBrO2	6	R-3m (166)	FAILED_MAY	2.2267	4.3121	E	I	differs	2.3159	0.0000	True	4.3000	4.7800	kr7	0601771b4 (tf32, t_tetrakbt -300) with ES, ES rule es-b		60	4.3123	-0.0000	0.0001	0.0017	0.0123	PASS	b2	True	1fd918e7e	N=4.3942;R=4.3938
mp-551456	Ba2CuClO2	6	R-3m (166)	FAILED_MAY	2.2568	4.3723	E	I	differs	2.2980	0.0094	True	4.3700	4.8500	kr7	0601771b4 (tf32, t_tetrakbt -300) with ES, ES rule es-b		60	4.3723	0.0001	0.0001	0.0013	0.0078	PASS	b2	True	1fd918e7e	N=4.4655;R=4.4647
mp-8644	Ba2F4	6	P6_3/mmc (194)	GOOD	5.7739	9.6359	N	D	differs	5.9301	0.1363	True	9.6400	10.5400	kt1	989a18637 (tf32, t_tetrakbt -300)		48	9.6358	-0.0000	-0.0001	0.0008	0.0049	PASS	b2	False	fb2da026b	M=9.7730
mp-24424	Ba2H2Br2	6	P4/nmm (129)	GOOD	2.9529	5.3482	N	D		3.2113	0.0000	True	5.3600	5.8900	kt1	989a18637 (tf32, t_tetrakbt -300)		66	5.3485	-0.0001	0.0004	0.0010	0.0081	PASS	b2	False	fb2da026b	M=5.3560
mp-23861	Ba2H2Cl2	6	P4/nmm (129)	DRIFT_GOOD	3.1581	5.8547	N	D	differs	3.4821	0.0117	True	5.8600	6.4500	kt1	989a18637 (tf32, t_tetrakbt -300)		66	5.8558	0.0000	0.0011	0.0013	0.0106	PASS	b2	False	fb2da026b	M=5.9090
mp-23862	Ba2H2I2	6	P4/nmm (129)	GOOD	2.6034	4.6318	N	D		2.8111	0.0000	True	4.6500	5.1000	kt1	989a18637 (tf32, t_tetrakbt -300)		66	4.6338	0.0000	0.0025	0.0031	0.0274	PASS	b2	False	fb2da026b	M=4.6540
mp-1018651	Ba2H3I	6	P-3m1 (164)	GOOD	2.0230	4.1040	N	I		2.2391	0.0478	True	4.0400	4.5700	kt1	989a18637 (tf32, t_tetrakbt -300)		65	4.1042	0.0005	0.0006	0.0022	0.0107	PASS	b2	False	fb2da026b	M=4.1080
mp-22951	Ba2I2F2	6	P4/nmm (129)	GOOD	3.8472	6.1437	N	D		4.0286	0.0863	True	6.2800	6.6900	kt1	989a18637 (tf32, t_tetrakbt -300)		58	6.1490	0.0000	0.0054	0.0027	0.0196	PASS	b2	False	fb2da026b	M=6.1120
mp-13277	Ba2Li2P2	6	P6_3/mmc (194)	GOOD	0.9075	1.9034	N	D		0.9631	0.0000	True	1.9000	2.1300	kt1	989a18637 (tf32, t_tetrakbt -300)		66	1.9030	0.0000	-0.0001	0.0022	0.0112	PASS	b2	False	a1d6c0e11	M=1.8900
mp-10485	Ba2Li2Sb2	6	P6_3/mmc (194)	GOOD	0.7001	1.6232	N	I		0.6947	0.0000	True	1.6400	1.8400	kt1	989a18637 (tf32, t_tetrakbt -300)		66	1.6233	0.0000	0.0002	0.0017	0.0124	PASS	b2	False	a1d6c0e11	M=1.6180
mp-684	Ba2S4	6	C2/c (15)	GOOD	1.5192	3.6374	N	D	differs	1.5982	0.0000	True	3.6100	4.0300	kt1	989a18637 (tf32, t_tetrakbt -300)		68	3.6386	0.0001	0.0013	0.0111	0.0649	PASS	b2	False	fb2da026b	M=3.7190
mp-7547	Ba2Se4	6	C2/c (15)	GOOD	0.6365	2.3318	N	I	differs	0.6166	0.0000	True	2.2500	2.5800	kt1	989a18637 (tf32, t_tetrakbt -300)		68	2.3319	0.0001	0.0002	0.0036	0.0377	PASS	b2	False	fb2da026b	M=2.4130
mp-2150	Ba2Te4	6	I4/mcm (140)	GOOD	0.3590	1.4693	N	I		0.3513	0.0000	True	1.4800	1.7100	kt1	989a18637 (tf32, t_tetrakbt -300)		84	1.4668	0.0000	0.0003	0.0032	0.0291	PASS	b2all	False	fb2da026b	M=1.4800
mp-3307	BaSO4	6	F-43m (216)	FAILED_MAY	4.1265	6.9859	E	I	differs	4.5019	0.1321	True	7.1500	7.7900	kt1	614ab5eb8 (tf32, t_tetrakbt -300) with ES, ES rule es-a		38	6.9858	-0.0001	0.0000	0.0010	0.0049	PASS	b1	True	a863cf27f	N=7.1159;R=7.1158
mp-30139	Be2Br4	6	Ibam (72)	GOOD	4.9340	7.9007	N	I		5.1804	0.0000	True	8.0900	8.6500	kt1	989a18637 (tf32, t_tetrakbt -300)		68	7.8969	0.0000	-0.0001	0.0049	0.0379	PASS	b2all	False	fb2da026b	M=7.8910
mp-23267	Be2Cl4	6	Ibam (72)	GOOD	6.0939	9.4265	N	I		6.3359	0.0087	True	9.6800	10.3000	kt1	989a18637 (tf32, t_tetrakbt -300)		68	9.4245	-0.0000	-0.0001	0.0025	0.0236	PASS	b2all	False	fb2da026b	M=9.4310
mp-570886	Be2I4	6	Ibam (72)	GOOD	3.8743	6.0942	N	I		4.0723	0.0067	True	6.2800	6.6000	kt1	989a18637 (tf32, t_tetrakbt -300)		68	6.0803	0.0002	0.0119	0.0100	0.0972	PASS	b2all	False	fb2da026b	M=6.1370
mp-1072399	Be5Pt	6	F-43m (216)	GOOD	0.1397	0.3578	N	I		0.0943	0.0000	True	0.3600	0.4100	kt1	989a18637 (tf32, t_tetrakbt -300)		29	0.3537	0.0007	-0.0000	0.0010	0.0110	PASS	b1	False	a1d6c0e11	M=0.3550
mp-5046	BeSO4	6	I-4 (82)	GOOD	7.0074	10.6265	N	I		6.9393	0.0000	True	10.8700	11.4900	kt1	989a18637 (tf32, t_tetrakbt -300)		53	10.6273	0.0000	0.0009	0.0033	0.0355	PASS	b2all	False	fb2da026b	M=10.6000
mp-23072	Bi2Br2O2	6	P4/nmm (129)	GOOD	2.1337	3.2984	N	I		2.2716	0.0557	True	3.3500	3.5400	kt1	989a18637 (tf32, t_tetrakbt -300)		44	3.2926	-0.0006	0.0000	0.0013	0.0123	PASS	b1	False	fb2da026b	M=3.2640
mp-22939	Bi2Cl2O2	6	P4/nmm (129)	GOOD	2.5102	3.7434	N	I		2.5681	0.0396	True	3.7700	3.9600	kt1	989a18637 (tf32, t_tetrakbt -300)		44	3.7282	-0.0004	-0.0000	0.0006	0.0069	PASS	b1	False	fb2da026b	M=3.7280
mp-22987	Bi2I2O2	6	P4/nmm (129)	GOOD	1.4149	2.5145	N	I		1.4833	0.0441	True	2.5700	2.7100	kt1	989a18637 (tf32, t_tetrakbt -300)		44	2.4951	-0.0003	0.0019	0.0033	0.0337	PASS	b1	False	fb2da026b	M=2.5570
mp-23074	Bi2O2F2	6	P4/nmm (129)	GOOD	3.4163	5.0815	N	D	differs	3.1303	0.0044	True	5.1700	5.4200	kt1	989a18637 (tf32, t_tetrakbt -300)		34	5.0816	0.0002	0.0004	0.0018	0.0196	PASS	b1	False	fb2da026b	M=4.9990
mp-28944	Bi2Te2Cl2	6	P6_3mc (186)	GOOD	1.2922	2.2713	N	I		1.5162	0.0888	True	2.2500	2.3500	kt1	989a18637 (tf32, t_tetrakbt -300)		54	2.2122	0.0018	0.0089	0.0030	0.0205	PASS	b1	False	fb2da026b	M=2.2770
mp-27743	BiF5	6	I4/m (87)	NOTCONV_MAY	1.7881	5.5468	N	I		1.8450	0.0000	True	5.8500	6.5000	kt1	989a18637 (tf32, t_tetrakbt -300)		34	5.5473	-0.0001	0.0010	0.0005	0.0033	PASS	b1	False	fb2da026b	R=5.5465
mp-27989	C2Br2N2	6	Pmmn (59)	GOOD	4.8296	8.0782	E	D	CHECK	5.0373	0.4610	True	8.9100	9.3600	kt1	614ab5eb8 (tf32, t_tetrakbt -300) with ES, ES rule es-a		54	8.0770	-0.0007	-0.0001	0.0014	0.0139	PASS	b2	True	75eff0d12	M=8.5160;N=8.5022
mp-730189	C2Br2N2	6	P4/nmm (129)	DRIFT_GOOD	4.7712	8.3513	E	D	differs	4.9511	0.4744	True	8.7800	9.2300	kt1	614ab5eb8 (tf32, t_tetrakbt -300) with ES, ES rule es-a		66	8.3523	0.0000	0.0010	0.0019	0.1586	OK	b2all	True	1bbefe015	M=8.2910;N=8.4117
mp-27502	C2N2Cl2	6	Pmmn (59)	GOOD	5.5662	9.0123	E	D	CHECK	5.8438	0.4210	True	9.8700	10.2000	kt1	614ab5eb8 (tf32, t_tetrakbt -300) with ES, ES rule es-a		66	9.0172	-0.0000	0.0049	0.0018	0.0134	PASS	b2all	True	75eff0d12	M=9.1700;N=9.3324
mp-1077316	C2O4	6	I-42d (122)	NOTCONV_MAY	7.4548	11.2023	N	I		7.6546	0.4496	True	11.4600	12.1000	kt1	989a18637 (tf32, t_tetrakbt -300)		32	11.2074	-0.0000	0.0069	0.0099	0.0697	PASS	b2	False	fb2da026b	R=11.2023
mp-1077906	C2O4	6	Cmce (64)	GOOD	6.2724	9.9772	E	I	CHECK	6.5856	0.0073	True	10.7900	11.2400	kt1	0601771b4 (tf32, t_tetrakbt -300) with ES, ES rule es-c		36	9.9775	0.0000	-0.0000	0.0021	0.0147	PASS	b2	True	f16f0ea3d	M=10.0890;N=10.2795
mp-644607	C2O4	6	P4_2/mnm (136)	NOTCONV_MAY	6.2207	10.1771	E	I	differs	6.3187	0.0054	True	10.7700	11.2400	kr7	0601771b4 (tf32, t_tetrakbt -300) with ES, ES rule es-c		28	10.1773	0.0000	-0.0001	0.0024	0.0644	PASS	b1	True	f16f0ea3d	N=10.2764;R=10.2765
mp-2232	C2S4	6	Cmce (64)	GOOD	3.3116	6.5185	E	I	differs	3.4316	0.2258	True	7.1500	7.3100	kt1	614ab5eb8 (tf32, t_tetrakbt -300) with ES, ES rule es-a		60	6.5260	0.0001	0.0093	0.0094	0.0589	PASS	b2	True	7d5dfe714	M=6.6230;N=6.5521
mp-1071625	C2Se4	6	Cmce (64)	GOOD	2.2770	4.4992	E	I	differs	2.3505	0.3577	True	4.8000	5.0600	kt1	614ab5eb8 (tf32, t_tetrakbt -300) with ES, ES rule es-a		52	4.5001	-0.0001	0.0043	0.0124	0.0925	PASS	b1	True	f481126f0	M=4.5790;N=4.5692
mp-22888	Ca2Br4	6	Pnnm (58)	GOOD	4.3177	7.1852	N	D		4.5310	0.0000	True	7.2500	7.8700	kt1	989a18637 (tf32, t_tetrakbt -300)		62	7.2067	0.0001	0.0216	0.0082	0.0555	PASS	b2	False	fb2da026b	M=7.1460
mp-571166	Ca2Br4	6	P4_2/mnm (136)	NOTCONV_MAY	4.2117	7.0758	N	D		4.4482	0.0017	True	7.1500	7.7600	kr7	b695fa65c (tf32, t_tetrakbt -300)		62	7.0906	0.0000	0.0149	0.0083	0.0815	PASS	b2	False	614ab5eb8	R=7.0756
mp-1575	Ca2C4	6	C2/c (15)	GOOD	1.8990	4.3165	N	I		2.0363	0.0000	True	4.3400	4.8500	kt1	989a18637 (tf32, t_tetrakbt -300)		34	4.3085	-0.0008	0.0026	0.0089	0.0891	PASS	b1	False	0c4d16ceb	M=4.2900
mp-917	Ca2C4	6	C2/m (12)	GOOD	2.1505	4.5942	N	I	differs	2.3130	0.0002	True	4.6400	5.1700	kt1	989a18637 (tf32, t_tetrakbt -300)		58	4.6253	-0.0004	0.0001	0.0034	0.0158	PASS	b2	False	fb2da026b	M=4.5310
mp-27546	Ca2Cl2F2	6	P4/nmm (129)	GOOD	5.4418	9.0144	N	D	differs	5.6753	0.2140	True	9.1800	9.7900	kt1	989a18637 (tf32, t_tetrakbt -300)		58	9.0143	0.0000	-0.0001	0.0007	0.0054	PASS	b2	False	fb2da026b	M=9.0750
mp-22904	Ca2Cl4	6	P4_2/mnm (136)	NOTCONV_MAY	5.0550	8.3742	N	D		5.3533	0.0019	True	8.4200	9.1300	kr7	b695fa65c (tf32, t_tetrakbt -300)		62	8.3830	0.0000	0.0088	0.0054	0.0749	PASS	b2	False	fb2da026b	R=8.3741
mp-23214	Ca2Cl4	6	Pnnm (58)	DRIFT_GOOD	5.1162	8.4409	N	D	differs	5.3978	0.0011	True	8.4800	9.1900	kt1	989a18637 (tf32, t_tetrakbt -300)		62	8.4510	-0.0000	0.0102	0.0053	0.0726	PASS	b2	False	fb2da026b	M=8.3830
mp-24422	Ca2H2Br2	6	P4/nmm (129)	GOOD	3.8818	6.6271	N	I		4.1152	0.0248	True	6.5700	7.2100	kt1	989a18637 (tf32, t_tetrakbt -300)		60	6.6272	-0.0001	0.0000	0.0024	0.0204	PASS	b2	False	fb2da026b	M=6.6320
mp-23859	Ca2H2Cl2	6	P4/nmm (129)	GOOD	3.5234	6.4831	N	D		3.8394	0.0421	True	6.4600	7.1500	kt1	989a18637 (tf32, t_tetrakbt -300)		60	6.4830	0.0001	-0.0000	0.0015	0.0168	PASS	b2	False	fb2da026b	M=6.4410
mp-24204	Ca2H2I2	6	P4/nmm (129)	GOOD	3.2781	5.4381	N	I		3.5271	0.0431	True	5.4400	5.9200	kt1	989a18637 (tf32, t_tetrakbt -300)		68	5.4379	0.0000	0.0001	0.0017	0.0129	PASS	b2all	False	fb2da026b	M=5.4060
mp-1018656	Ca2H3Br	6	P-3m1 (164)	FAILED_MAY	1.3967	3.8254	N	I		1.5365	0.0903	True	3.6800	4.3300	kt1	989a18637 (tf32, t_tetrakbt -300)		39	3.8247	0.0004	-0.0000	0.0023	0.0244	PASS	b1	False	fb2da026b	R=3.8255
mp-1205322	Ca2H4	6	Cmcm (63)	GOOD	0.4133	2.7922	N	I	path<mesh(mesh)	0.6541	0.0562	True	2.4300	3.1100	kt1	989a18637 (tf32, t_tetrakbt -300)		34	2.6395	0.0000	0.0035	0.0025	0.0167	PASS	b1	False	a1d6c0e11	M=2.7920
mp-24809	Ca2H4	6	P6_3/mmc (194)	GOOD	0.3939	2.7783	N	I	path<mesh(mesh)	0.6536	0.0609	True	2.4100	3.1000	kt1	989a18637 (tf32, t_tetrakbt -300)		34	2.6221	0.0001	0.0028	0.0023	0.0142	PASS	b1	False	fb2da026b	M=2.7650
mp-471	Cd2As4	6	I4_122 (98)	GOOD	0.1032	0.7709	N	I		0.1332	0.0000	True	0.7400	0.9400	kt1	989a18637 (tf32, t_tetrakbt -300)		54	0.7762	-0.0001	0.0053	0.0059	0.0500	PASS	b1	False	fb2da026b	M=0.7680
mp-27934	Cd2Br4	6	P6_3mc (186)	GOOD	2.6157	4.9517	N	I		2.9381	0.0003	True	4.9600	5.4400	kt1	989a18637 (tf32, t_tetrakbt -300)		54	5.0106	-0.0000	0.0592	0.0120	0.0795	PASS	b1	False	fb2da026b	M=4.9570
mp-28248	Cd2I4	6	P6_3mc (186)	GOOD	2.1164	3.9749	E	I		2.3653	0.0001	True	4.0200	4.3000	kt1	614ab5eb8 (tf32, t_tetrakbt -300) with ES, ES rule es-a		56	3.9761	0.0000	0.0011	0.0012	0.0134	PASS	b1	True	a863cf27f	M=3.9420;N=3.9582
mp-1492	Cd3Te3	6	P3_121 (152)	GOOD	0.0033	0.7236	N	D		0.0215	0.1126	True	0.6000	0.9600	kt1	989a18637 (tf32, t_tetrakbt -300)		54	0.7259	0.0004	0.0077	0.0036	0.0400	PASS	b1	False	fb2da026b	M=0.7280
mp-1077383	Cs2Au2S2	6	Cmcm (63)	GOOD	1.6985	3.4950	N	I		1.8832	0.0000	True	3.5500	3.8800	kt1	989a18637 (tf32, t_tetrakbt -300)		86	3.4632	0.0002	-0.0022	0.0018	0.0286	PASS	b2d	False	7d5dfe714	M=3.5090
mp-574599	Cs2Au2Se2	6	Cmcm (63)	GOOD	1.5596	3.2979	N	I		1.7093	0.0000	True	3.3300	3.6700	kt1	989a18637 (tf32, t_tetrakbt -300)		86	3.2746	0.0002	-0.0045	0.0026	0.0284	PASS	b2d	False	7d5dfe714	M=3.2630
mp-22935	Cs2Br2F2	6	I4/mmm (139)	GOOD	2.3989	5.6613	E	I	CHECK	2.5062	0.1253	True	5.9100	6.3300	kt1	614ab5eb8 (tf32, t_tetrakbt -300) with ES, ES rule es-a		56	5.6807	0.0000	0.0198	0.0035	0.0409	PASS	b1	True	1fd34b1c0	M=5.4000;N=5.6287
mp-541037	Cs2Cu2O2	6	Cmcm (63)	GOOD	1.0581	2.8789	N	I		1.1292	0.0000	True	2.8400	3.2400	kt1	989a18637 (tf32, t_tetrakbt -300)		76	2.8790	0.0000	0.0001	0.0036	0.0524	PASS	b2d	False	7d5dfe714	M=2.8610
mp-6973	Cs2Na2S2	6	P4/nmm (129)	GOOD	2.2592	4.3092	N	I		2.4120	0.0000	True	4.3300	4.8000	kt1	989a18637 (tf32, t_tetrakbt -300)		76	4.3091	-0.0000	-0.0001	0.0030	0.0188	PASS	b2	False	fb2da026b	M=4.3200
mp-8658	Cs2Na2Se2	6	P4/nmm (129)	GOOD	1.8803	3.8618	N	I		2.0268	0.0000	True	3.8800	4.3400	kt1	989a18637 (tf32, t_tetrakbt -300)		76	3.8614	-0.0001	-0.0001	0.0058	0.0304	PASS	b2	False	fb2da026b	M=3.8510
mp-5339	Cs2Na2Te2	6	P4/nmm (129)	GOOD	1.7874	3.5932	N	I		1.9696	0.0000	True	3.6300	4.0300	kt1	989a18637 (tf32, t_tetrakbt -300)		94	3.5930	0.0000	0.0000	0.0011	0.0100	PASS	b2d	False	7d5dfe714	M=3.5740
mp-1541909	Cs2Te2Au2	6	Pmma (51)	GOOD	1.2357	2.7005	N	I		1.4179	0.0000	True	2.7600	3.0100	kt1	989a18637 (tf32, t_tetrakbt -300)		86	2.6824	0.0000	0.0001	0.0016	0.0244	PASS	b2d	False	7d5dfe714	M=2.7220
mp-573755	Cs2Te2Au2	6	Pmma (51)	GOOD	1.0377	2.3031	N	D		1.2977	0.0014	True	2.3800	2.6000	kt1	989a18637 (tf32, t_tetrakbt -300)		76	2.3090	-0.0001	0.0061	0.0039	0.0656	PASS	b2all	False	fb2da026b	M=2.3440
mp-13548	Cs4Pt2	6	P6_3/mmc (194)	GOOD	1.6816	3.1087	N	I		1.6743	0.0000	True	3.0300	3.4100	kt1	989a18637 (tf32, t_tetrakbt -300)		66	3.1069	-0.0000	0.0142	0.0085	0.0740	PASS	b1	False	a1d6c0e11	M=3.1030
mp-1077814	Cs4S2	6	P6_3/mmc (194)	GOOD	1.8428	3.7791	N	I		2.0830	0.0667	True	3.7400	4.2100	kt1	989a18637 (tf32, t_tetrakbt -300)		82	3.7380	0.0010	-0.0000	0.0026	0.0146	PASS	b2	False	a1d6c0e11	M=3.7830
mp-569272	Cs4Se2	6	Fdd2 (43)	NOTCONV_MAY	1.5023	3.4948	R	I	N:TIMEOUT	1.7441	0.0751	True	3.4600	3.9400	kr7	989a18637 (fp32, t_tetrakbt +300)		90	3.5033	0.0001	0.0027	0.0161	0.0956	PASS	b2all	False	722819fa9	N=3.4902
mp-9384	CsAu3S2	6	P-3m1 (164)	GOOD	2.0292	3.4315	N	I		2.3536	0.0000	True	3.4700	3.7500	kt1	989a18637 (tf32, t_tetrakbt -300)		86	3.4312	-0.0000	-0.0000	0.0009	0.0105	PASS	b2d	False	1fd34b1c0	M=3.4410
mp-9386	CsAu3Se2	6	P-3m1 (164)	GOOD	1.9385	3.2403	N	I	differs	2.1797	0.0000	True	3.2900	3.5300	kt1	989a18637 (tf32, t_tetrakbt -300)		86	3.2402	0.0001	0.0000	0.0008	0.0088	PASS	b2d	False	1fd34b1c0	M=3.3180
mp-546711	CsClO4	6	F-43m (216)	MAY_WRONG	5.4160	8.8720	E	D	CHECK	5.3228	0.0160	True	9.2200	9.8000	kt1	614ab5eb8 (tf32, t_tetrakbt -300) with ES, ES rule es-a		42	8.8768	0.0000	0.0051	0.0017	0.0170	PASS	b1	True	a863cf27f	M=0.2630;N=8.9536;R=8.9534
mp-553303	CsCu3O2	6	P-3m1 (164)	GOOD	1.4625	3.2841	N	I	differs	1.4603	0.0000	True	3.2400	3.6100	kt1	989a18637 (tf32, t_tetrakbt -300)		76	3.2841	-0.0001	-0.0000	0.0014	0.0140	PASS	b2d	False	1fd34b1c0	M=3.3880
mp-7786	CsCu3S2	6	P-3m1 (164)	GOOD	1.6269	3.0205	E	I		1.6819	0.0000	True	2.9500	3.2800	kt1	614ab5eb8 (tf32, t_tetrakbt -300) with ES, ES rule es-a		60	3.0213	0.0001	0.0009	0.0055	0.0810	PASS	b1	True	1bbefe015	M=3.0700;N=2.9897
mp-1077811	Cu2Ag2S2	6	Cmc2_1 (36)	GOOD	0.6091	1.3668	N	I		0.6382	0.0306	True	1.3000	1.5000	kt1	989a18637 (tf32, t_tetrakbt -300)		54	1.3426	0.0001	0.0004	0.0011	0.0190	PASS	b1	False	a1d6c0e11	M=1.3780
mp-8911	Cu2Ag2S2	6	Cmcm (63)	GOOD	0.3394	0.9930	N	I		0.2627	0.0236	True	0.9600	1.1600	kt1	989a18637 (tf32, t_tetrakbt -300)		54	0.9826	0.0000	0.0016	0.0019	0.0394	PASS	b1	False	fb2da026b	M=1.0010
mp-1072589	Cu2GeS3	6	Imm2 (44)	GOOD	0.2292	0.4825	N	D		0.0000	0.0023	True	0.2000	0.6000	kt1	989a18637 (tf32, t_tetrakbt -300)		54	0.4856	0.0000	0.0030	0.0007	0.0099	PASS	b1	False	a1d6c0e11	M=0.4770
mp-361	Cu4O2	6	Pn-3m (224)	GOOD	0.5707	1.9137	N	D		0.5127	0.0000	True	2.0100	2.1100	kt1	989a18637 (tf32, t_tetrakbt -300)		44	1.9134	0.0004	0.0000	0.0076	0.0747	PASS	b1	False	fb2da026b	M=1.9220
mp-2008	Fe2As4	6	Pnnm (58)	GOOD	0.2222	0.4214	N	I		0.2830	0.0000	True	0.4100	0.4500	kt1	989a18637 (tf32, t_tetrakbt -300)		54	0.4097	0.0004	-0.0002	0.0014	0.0111	PASS	b1	False	fb2da026b	M=0.4200
mp-20027	Fe2P4	6	Pnnm (58)	GOOD	0.3578	0.6327	N	I		0.4327	0.0000	True	0.6600	0.7100	kt1	989a18637 (tf32, t_tetrakbt -300)		54	0.6268	-0.0001	-0.0002	0.0011	0.0090	PASS	b1	False	fb2da026b	M=0.6360
mp-1522	Fe2S4	6	Pnnm (58)	GOOD	0.7450	1.2902	N	I		0.8807	0.0000	True	1.2500	1.3700	kt1	989a18637 (tf32, t_tetrakbt -300)		54	1.2551	0.0009	0.0002	0.0003	0.0033	PASS	b1	False	96ec5c1ee	M=1.2940
mp-760	Fe2Se4	6	Pnnm (58)	GOOD	0.2027	0.6672	N	I		0.3741	0.0000	True	0.7400	0.8000	kt1	989a18637 (tf32, t_tetrakbt -300)		54	0.6895	-0.0015	0.0001	0.0005	0.0040	PASS	b1	False	fb2da026b	M=0.6790
mp-19880	Fe2Te4	6	Pnnm (58)	GOOD	0.0441	0.3894	N	I		0.0755	0.0000	True	0.4000	0.4800	kt1	989a18637 (tf32, t_tetrakbt -300)		54	0.3729	0.0004	0.0001	0.0008	0.0072	PASS	b1	False	fb2da026b	M=0.3870
mp-8211	Ga2Ge2Te2	6	R-3m (166)	GOOD	0.1090	1.1211	E	D	differs	0.1672	0.0000	True	1.1100	1.3800	kt1	614ab5eb8 (tf32, t_tetrakbt -300) with ES, ES rule es-a		65	1.1230	0.0003	0.0022	0.0099	0.0942	PASS	b1	True	1bbefe015	M=1.0610;N=1.1070
mp-570875	Ga4Os2	6	Fddd (70)	GOOD	0.6521	1.0615	N	I		0.6655	0.0739	True	1.1000	1.1500	kt1	989a18637 (tf32, t_tetrakbt -300)		74	1.0434	0.0001	0.0042	0.0015	0.0097	PASS	b1	False	fb2da026b	M=1.0610
mp-1072429	Ga4Ru2	6	Fddd (70)	GOOD	0.1327	0.4434	N	I		0.1207	0.0000	True	0.4800	0.5000	kt1	989a18637 (tf32, t_tetrakbt -300)		74	0.4203	-0.0000	0.0008	0.0013	0.0125	PASS	b1	False	fb2da026b	M=0.4430
mp-29403	GaCuI4	6	I-4 (82)	GOOD	1.7266	3.5092	N	D		1.7102	0.0000	True	3.4200	3.8600	kt1	989a18637 (tf32, t_tetrakbt -300)		79	3.5092	0.0001	0.0000	0.0038	0.0346	PASS	b2all	False	fb2da026b	M=3.5060
mp-1072104	Ge2O4	6	Pnnm (58)	GOOD	1.2225	3.6871	N	D	differs	1.4007	0.0854	True	3.7900	4.2700	kt1	989a18637 (tf32, t_tetrakbt -300)		34	3.6876	-0.0001	0.0004	0.0008	0.0046	PASS	b1	False	a1d6c0e11	M=3.8490
mp-470	Ge2O4	6	P4_2/mnm (136)	GOOD	1.5719	4.2059	N	D		1.2428	0.0000	True	4.3500	4.8100	kt1	989a18637 (tf32, t_tetrakbt -300)		34	4.2067	-0.0000	0.0008	0.0008	0.0053	PASS	b1	False	fb2da026b	M=4.2460
mp-1071032	Ge2S4	6	P4_2/nmc (137)	GOOD	0.8937	2.8167	N	I		1.0035	0.0550	True	2.9300	3.2000	kt1	989a18637 (tf32, t_tetrakbt -300)		54	2.8225	0.0002	0.0131	0.0049	0.0457	PASS	b1	False	fb2da026b	M=2.8170
mp-7582	Ge2S4	6	I-42d (122)	GOOD	2.4480	4.2045	N	I		2.5975	0.0176	True			kt1	989a18637 (tf32, t_tetrakbt -300)		54	4.2042	0.0001	0.0119	0.0168	0.0929	PASS	b1	False	fb2da026b	M=4.1660
mp-10074	Ge2Se4	6	I-42d (122)	GOOD	1.5176	2.8644	N	I		1.6379	0.0125	True			kt1	989a18637 (tf32, t_tetrakbt -300)		62	2.8490	0.0000	0.0011	0.0040	0.0325	PASS	b2	False	fb2da026b	M=2.8750
mp-36248	H4BrN	6	P-43m (215)	FAILED_MAY	4.2307	6.8464	N	I		4.0357	0.0013	True	7.0300	7.5200	kt1	989a18637 (tf32, t_tetrakbt -300)		45	6.8463	-0.0001	-0.0000	0.0035	0.0352	PASS	b2	False	fb2da026b	R=6.8463
mp-30302	Hf2Br2N2	6	R-3m (166)	FAILED_MAY	1.8517	3.4539	N	I	path<mesh(mesh)	1.8971	0.0306	True	3.5700	3.7900	kr7	b695fa65c (tf32, t_tetrakbt -300)		74	3.3512	-0.0004	-0.0016	0.0011	0.0056	PASS	b2all	False	614ab5eb8	R=3.4539
mp-568346	Hf2Br2N2	6	Pmmn (59)	GOOD	1.9367	3.7971	N	D		2.1298	0.0191	True	3.8500	4.2400	kt1	989a18637 (tf32, t_tetrakbt -300)		74	3.7972	-0.0000	0.0001	0.0006	0.0038	PASS	b2all	False	fb2da026b	M=3.8300
mp-567441	Hf2I2N2	6	R-3m (166)	FAILED_MAY	0.8662	2.3046	N	I		0.9778	0.0641	True	2.4900	2.6700	kr7	b695fa65c (tf32, t_tetrakbt -300)		74	2.2226	-0.0001	-0.0010	0.0011	0.0054	PASS	b2all	False	614ab5eb8	R=2.3044
mp-541911	Hf2N2Cl2	6	R-3m (166)	GOOD	2.2050	3.9999	N	I	path<mesh(mesh)	2.2262	0.0000	True	4.1400	4.4000	kt1	989a18637 (tf32, t_tetrakbt -300)		74	3.8776	0.0000	-0.0010	0.0009	0.0044	PASS	b2all	False	fb2da026b	M=3.9560
mp-1018721	Hf2O4	6	P4_2/nmc (137)	GOOD	4.5176	6.8555	N	I		4.6678	0.0509	True	6.9600	7.4600	kt1	989a18637 (tf32, t_tetrakbt -300)		64	6.8555	-0.0001	-0.0000	0.0011	0.0080	PASS	b2all	False	fb2da026b	M=6.8650
mp-23292	Hg2Br4	6	Cmc2_1 (36)	GOOD	2.1996	4.4544	E	D	differs	2.5486	0.0000	True	4.5400	5.0100	kt1	614ab5eb8 (tf32, t_tetrakbt -300) with ES, ES rule es-a		58	4.4557	0.0000	0.0007	0.0006	0.0063	PASS	b1	True	75eff0d12	M=4.4900;N=4.5112
mp-570172	Hg2I2Br2	6	Cmc2_1 (36)	GOOD	2.0531	4.0335	E	D	differs	2.3608	0.1368	True	4.1300	4.5400	kt1	614ab5eb8 (tf32, t_tetrakbt -300) with ES, ES rule es-a		58	4.0342	0.0001	0.0011	0.0011	0.0111	PASS	b1	True	1bbefe015	M=4.1090;N=4.0986
mp-23173	Hg2I4	6	Cmc2_1 (36)	GOOD	2.0078	3.8167	E	I		2.3302	0.0009	True	3.8900	4.2400	kt1	614ab5eb8 (tf32, t_tetrakbt -300) with ES, ES rule es-a		66	3.8193	0.0002	0.0000	0.0006	0.0079	PASS	b2	True	75eff0d12	M=3.8490;N=3.8502
mp-23192	Hg2I4	6	P4_2/nmc (137)	GOOD	0.9965	2.5633	N	D		1.3324	0.0000	True	2.6000	2.8900	kt1	989a18637 (tf32, t_tetrakbt -300)		54	2.6078	-0.0000	0.0448	0.0048	0.0448	PASS	b1	False	fb2da026b	M=2.5990
mp-1077107	Hg3O3	6	P3_221 (154)	GOOD	1.1998	2.5853	N	I		1.2712	0.0019	True	2.6500	2.9300	kt1	989a18637 (tf32, t_tetrakbt -300)		39	2.5849	0.0002	-0.0000	0.0012	0.0251	PASS	b1	False	a1d6c0e11	M=2.5990
mp-7826	Hg3O3	6	P3_121 (152)	GOOD	1.2030	2.4940	N	I	differs	1.3293	0.0029	True	2.5500	2.8000	kt1	989a18637 (tf32, t_tetrakbt -300)		39	2.4803	0.0005	-0.0000	0.0010	0.0213	PASS	b1	False	fb2da026b	M=2.5850
mp-634	Hg3S3	6	P3_121 (152)	UNKNOWN_MAY		0.0000	N	metal		1.7240	0.1397	True			kt1	989a18637 (tf32, t_tetrakbt -300)		54				0.0005	0.0046	PASS	b1	False	fb2da026b	R=0.0000
mp-9252	Hg3S3	6	P3_221 (154)	GOOD	1.5332	2.8000	N	I		1.7035	0.0039	True	2.8600	3.1200	kt1	989a18637 (tf32, t_tetrakbt -300)		66	2.7999	0.0001	0.0000	0.0005	0.0041	PASS	b2	False	fb2da026b	M=2.8030
mp-1018722	Hg3Se3	6	P3_221 (154)	GOOD	0.9439	1.8009	N	I		1.0432	0.0000	True	1.8500	2.0400	kt1	989a18637 (tf32, t_tetrakbt -300)		54	1.8022	0.0000	0.0013	0.0069	0.0965	PASS	b1	False	fb2da026b	M=1.8080
mp-1071269	Hg3Te3	6	P3_221 (154)	DRIFT_GOOD	0.5936	1.1634	N	I		0.2802	0.0370	True	1.2200	1.3300	kt1	989a18637 (tf32, t_tetrakbt -300)		54	1.1657	0.0003	0.0027	0.0090	0.0947	PASS	b1	False	a1d6c0e11	M=1.1640
mp-358	Hg3Te3	6	P3_121 (152)	GOOD	0.5513	1.1073	N	I		0.4802	0.0370	True	1.1600	1.2700	kt1	989a18637 (tf32, t_tetrakbt -300)		54	1.1093	0.0003	0.0024	0.0085	0.0945	PASS	b1	False	fb2da026b	M=1.1170
mp-1077098	Hg6	6	P2_1/c (14)	GOOD	1.0942	1.7949	N	I		1.0385	0.0179	True	1.8900	1.9500	kt1	989a18637 (tf32, t_tetrakbt -300)		54	1.7940	0.0011	0.0002	0.0012	0.0149	PASS	b1	False	a1d6c0e11	M=1.7940
mp-27703	In2Br2O2	6	Pmmn (59)	GOOD	1.9587	4.0037	N	I		2.0011	0.1716	True	4.0900	4.4400	kt1	989a18637 (tf32, t_tetrakbt -300)		54	4.0584	0.0000	0.0554	0.0057	0.0598	PASS	b1	False	fb2da026b	M=3.9690
mp-27702	In2Cl2O2	6	Pmmn (59)	GOOD	2.4266	4.5621	N	I	differs	2.3597	0.1378	True	4.5900	5.0100	kt1	989a18637 (tf32, t_tetrakbt -300)		54	4.6185	-0.0001	0.0563	0.0061	0.0644	PASS	b1	False	fb2da026b	M=4.5070
mp-20790	InPS4	6	I-4 (82)	GOOD	2.1876	3.8629	N	I		2.3185	0.0000	True	3.9200	4.2300	kt1	989a18637 (tf32, t_tetrakbt -300)		83	3.8628	0.0000	0.0000	0.0008	0.0070	PASS	b2all	False	fb2da026b	M=3.8500
mp-16236	K2Ag2Se2	6	P4/nmm (129)	GOOD	0.3049	1.6687	N	D		0.4822	0.0000	True	1.5500	2.0200	kt1	989a18637 (tf32, t_tetrakbt -300)		60	1.6796	-0.0001	0.0108	0.0052	0.0655	PASS	b1	False	0c4d16ceb	M=1.6540
mp-7077	K2Au2S2	6	Cmcm (63)	GOOD	1.9478	3.7252	N	I	differs	2.1080	0.0000	True	3.7100	4.0800	kt1	989a18637 (tf32, t_tetrakbt -300)		68	3.6734	0.0001	-0.0008	0.0039	0.0383	PASS	b2	False	fb2da026b	M=3.6690
mp-9881	K2Au2Se2	6	Cmcm (63)	GOOD	1.7066	3.3621	N	I		1.8221	0.0000	True	3.3900	3.7300	kt1	989a18637 (tf32, t_tetrakbt -300)		68	3.3417	0.0002	0.0002	0.0055	0.0675	PASS	b2	False	fb2da026b	M=3.3830
mp-1077078	K2C2N2	6	Cc (9)	GOOD	4.8641	9.0371	N	I	differs	5.0567	0.1256	True	9.3900	10.0300	kt1	989a18637 (tf32, t_tetrakbt -300)		64	9.0428	-0.0037	0.0059	0.0066	0.0412	PASS	b2all	False	a1d6c0e11	M=8.9640
mp-1018736	K2Cd2As2	6	P4/nmm (129)	GOOD	0.0235	0.9055	N	D		0.1656	0.0000	True	0.8200	1.1700	kt1	989a18637 (tf32, t_tetrakbt -300)		76	0.9056	-0.0001	0.0001	0.0015	0.0089	PASS	b2	False	a1d6c0e11	M=0.8980
mp-7435	K2Cu2Se2	6	P6_3/mmc (194)	GOOD	0.1430	1.7634	N	D		0.1762	0.0000	True	1.5000	2.0300	kt1	989a18637 (tf32, t_tetrakbt -300)		60	1.7666	0.0000	0.0032	0.0077	0.0829	PASS	b1	False	fb2da026b	M=1.7730
mp-7436	K2Cu2Te2	6	P6_3/mmc (194)	GOOD	0.5454	1.9837	N	D		0.6030	0.0000	True	1.8700	2.2200	kt1	989a18637 (tf32, t_tetrakbt -300)		68	1.9838	-0.0001	0.0001	0.0030	0.0328	PASS	b2	False	fb2da026b	M=2.0160
mp-634676	K2H2S2	6	P2_1/m (11)	GOOD	2.9486	5.8119	N	D	differs	3.2359	0.0000	True	5.8200	6.5000	kt1	989a18637 (tf32, t_tetrakbt -300)		66	5.8119	0.0000	-0.0000	0.0090	0.0634	PASS	b2	False	fb2da026b	M=5.6720
mp-722181	K2Li2S2	6	P6_3/mmc (194)	GOOD	2.6315	4.8139	N	D		2.7753	0.0490	True	4.8200	5.3300	kt1	989a18637 (tf32, t_tetrakbt -300)		66	4.8138	-0.0001	-0.0000	0.0020	0.0110	PASS	b2	False	fb2da026b	M=4.8130
mp-8430	K2Li2S2	6	P4/nmm (129)	GOOD	2.9063	5.0504	N	I		3.0571	0.0000	True	5.0700	5.5700	kt1	989a18637 (tf32, t_tetrakbt -300)		66	5.0502	0.0000	-0.0000	0.0010	0.0075	PASS	b2	False	fb2da026b	M=5.0790
mp-8756	K2Li2Se2	6	P4/nmm (129)	GOOD	2.4108	4.4327	N	I		2.5249	0.0000	True	4.4900	4.9500	kt1	989a18637 (tf32, t_tetrakbt -300)		66	4.4323	-0.0001	-0.0000	0.0021	0.0125	PASS	b2	False	fb2da026b	M=4.4220
mp-4495	K2Li2Te2	6	P4/nmm (129)	GOOD	2.2881	4.0235	N	D		2.4134	0.0000	True	4.1200	4.4800	kt1	989a18637 (tf32, t_tetrakbt -300)		66	4.0231	0.0000	-0.0001	0.0072	0.0436	PASS	b2	False	fb2da026b	M=4.0200
mp-1019089	K2Mg2As2	6	P4/nmm (129)	GOOD	1.0489	2.3419	N	I		1.1621	0.0000	True	2.3900	2.7100	kt1	989a18637 (tf32, t_tetrakbt -300)		76	2.3415	0.0000	-0.0001	0.0020	0.0154	PASS	b2	False	fb2da026b	M=2.3430
mp-1019105	K2Mg2Bi2	6	P4/nmm (129)	GOOD	0.3661	1.2824	N	D		0.3855	0.0000	True	1.3100	1.5600	kt1	989a18637 (tf32, t_tetrakbt -300)		84	1.2823	0.0000	0.0000	0.0020	0.0542	PASS	b2	False	a1d6c0e11	M=1.2900
mp-1018737	K2Mg2P2	6	P4/nmm (129)	GOOD	1.5501	2.8429	N	I		1.6589	0.0000	True	2.8400	3.1300	kt1	989a18637 (tf32, t_tetrakbt -300)		76	2.8428	-0.0001	-0.0001	0.0017	0.0123	PASS	b2	False	fb2da026b	M=2.8510
mp-7089	K2Mg2Sb2	6	P4/nmm (129)	GOOD	1.1765	2.3487	N	D		1.2672	0.0000	True	2.4100	2.6800	kt1	989a18637 (tf32, t_tetrakbt -300)		76	2.3486	-0.0001	0.0000	0.0046	0.0368	PASS	b2	False	fb2da026b	M=2.3430
mp-6948	K2Na2O2	6	P4/nmm (129)	GOOD	2.3163	4.9350	N	I		2.1322	0.0149	True	4.7700	5.5400	kt1	989a18637 (tf32, t_tetrakbt -300)		50	4.9351	-0.0001	-0.0000	0.0004	0.0037	PASS	b1	False	fb2da026b	M=4.9570
mp-29055	K2Sb4	6	C2/m (12)	GOOD	0.1270	0.7263	N	I		0.2153	0.0000	True	0.7600	0.8700	kt1	989a18637 (tf32, t_tetrakbt -300)		62	0.7491	0.0004	0.0000	0.0019	0.0159	PASS	b2	False	fb2da026b	M=0.7210
mp-3481	K2Sn2As2	6	P6_3mc (186)	GOOD	0.3416	1.0173	N	I		0.3352	0.0000	True	0.9000	1.1700	kt1	989a18637 (tf32, t_tetrakbt -300)		76	1.0051	0.0006	0.0000	0.0022	0.0159	PASS	b2	False	fb2da026b	M=1.0210
mp-3486	K2Sn2Sb2	6	P6_3mc (186)	GOOD	0.3041	0.8576	N	I		0.2609	0.0000	True	0.7300	1.0000	kt1	989a18637 (tf32, t_tetrakbt -300)		70	0.8415	0.0015	0.0001	0.0021	0.0180	PASS	b2	False	fb2da026b	M=0.8510
mp-27716	K2Tl2O2	6	C2/m (12)	NOTCONV_MAY	1.1207	2.3271	N	I		1.1638	0.0000	True	2.5800	2.8300	kr7	b695fa65c (tf32, t_tetrakbt -300)		76	2.5659	0.0002	0.0001	0.0018	0.0148	PASS	b2	False	fb2da026b	R=2.3272
mp-7421	K2Zn2As2	6	P6_3/mmc (194)	GOOD	0.2311	1.5484	N	D		0.2742	0.0000	True	1.4600	1.7600	kt1	989a18637 (tf32, t_tetrakbt -300)		76	1.5486	-0.0001	0.0002	0.0033	0.0174	PASS	b2	False	fb2da026b	M=1.5360
mp-7437	K2Zn2P2	6	P6_3/mmc (194)	GOOD	0.7583	1.9828	N	D		0.8401	0.0000	True	1.9100	2.1700	kt1	989a18637 (tf32, t_tetrakbt -300)		76	1.9828	0.0001	0.0001	0.0028	0.0183	PASS	b2	False	fb2da026b	M=1.9750
mp-7438	K2Zn2Sb2	6	P6_3/mmc (194)	GOOD	0.3945	1.6725	N	D		0.4430	0.0000	True	1.6000	1.8700	kt1	989a18637 (tf32, t_tetrakbt -300)		86	1.6738	-0.0001	0.0012	0.0033	0.0250	PASS	b2	False	fb2da026b	M=1.6660
mp-559278	K4S2	6	P6_3/mmc (194)	GOOD	1.7776	3.8636	N	D		2.0612	0.0873	True	3.8300	4.4100	kt1	989a18637 (tf32, t_tetrakbt -300)		66	3.8642	-0.0000	0.0005	0.0035	0.0205	PASS	b1	False	fb2da026b	M=3.8380
mp-5347	KAlF4	6	P4/mmm (123)	GOOD	6.7825	11.6965	N	I	differs	6.7929	0.0134	True	11.9900	12.9300	kt1	989a18637 (tf32, t_tetrakbt -300)		45	11.6991	0.0001	0.0028	0.0010	0.0153	PASS	b2	False	fb2da026b	M=11.8130
mp-567299	KC2IN2	6	C2/m (12)	FAILED_MAY	4.4024	7.5286	E	D	differs N:SKIP	4.5355	0.5248	True	7.7300	8.2000		614ab5eb8 (tf32, t_tetrakbt -300) with ES, ES rule es-a		63	7.5305	-0.0000	0.0018	0.0031	0.0195	PASS	b2all	True	1bbefe015	R=7.5927
mp-546633	KClO4	6	F-43m (216)	GOOD	5.2179	8.7264	E	I	CHECK	5.1439	0.0394	True	9.0100	9.6100	kt1	614ab5eb8 (tf32, t_tetrakbt -300) with ES, ES rule es-a		41	8.7263	0.0000	0.0001	0.0003	0.0029	PASS	b1	True	a863cf27f	M=8.9280;N=8.7687
mp-1019888	KNa2BN2	6	I4/mmm (139)	GOOD	1.6397	3.8491	N	I		1.8180	0.0000	True	3.8600	4.3600	kt1	989a18637 (tf32, t_tetrakbt -300)		42	3.8489	-0.0002	0.0001	0.0018	0.0282	PASS	b1	False	a1d6c0e11	M=3.8650
mp-545359	KNa2CuO2	6	I4mm (107)	GOOD	1.3820	4.0640	N	I	CHECK	1.5188	0.0000	True			kt1	989a18637 (tf32, t_tetrakbt -300)		47	4.0640	0.0000	0.0001	0.0063	0.0925	PASS	b1	False	fb2da026b	M=3.7640
mp-9244	Li2B2C2	6	P6_3/mmc (194)	GOOD	0.9645	1.9838	N	I	path<mesh(mesh)	0.8471	0.0000	True	1.6400	1.7400	kt1	989a18637 (tf32, t_tetrakbt -300)		24	1.5909	-0.0017	-0.0037	0.0071	0.0372	PASS	b1	False	fb2da026b	M=1.9800
mp-9562	Li2Be2As2	6	P4/nmm (129)	GOOD	0.9502	1.7799	N	I		1.0063	0.0000	True	1.8900	1.9500	kt1	989a18637 (tf32, t_tetrakbt -300)		34	1.7787	-0.0001	0.0000	0.0046	0.0404	PASS	b1	False	fb2da026b	M=1.7700
mp-9915	Li2Be2P2	6	P4/nmm (129)	GOOD	1.0685	2.0069	N	I		1.1571	0.0000	True	2.1200	2.2100	kt1	989a18637 (tf32, t_tetrakbt -300)		34	2.0083	-0.0001	0.0000	0.0024	0.0166	PASS	b1	False	fb2da026b	M=2.0040
mp-9575	Li2Be2Sb2	6	P6_3mc (186)	GOOD	0.9514	1.4171	N	I		0.8731	0.0178	True	1.4800	1.5300	kt1	989a18637 (tf32, t_tetrakbt -300)		34	1.4191	0.0002	0.0022	0.0014	0.0076	PASS	b1	False	fb2da026b	M=1.4170
mp-23856	Li2H2O2	6	P4/nmm (129)	NOTCONV_MAY	4.0185	7.8800	N	D		4.0345	0.0000	True	7.9000	8.6500	kt1	989a18637 (tf32, t_tetrakbt -300)		40	7.8800	-0.0001	-0.0000	0.0038	0.0380	PASS	b2	False	fb2da026b	R=7.8801
mp-9919	Li2Zn2Sb2	6	P6_3mc (186)	GOOD	0.3518	1.0294	N	D		0.4057	0.0000	True	1.0500	1.1500	kt1	989a18637 (tf32, t_tetrakbt -300)		54	1.0293	0.0001	0.0000	0.0019	0.0092	PASS	b1	False	fb2da026b	M=1.0280
mp-29149	Li4NCl	6	R-3m (166)	GOOD	1.7666	3.6629	N	I	CHECK	1.7617	0.0542	True	3.7000	4.0800	kt1	989a18637 (tf32, t_tetrakbt -300)		45	3.6627	-0.0001	-0.0000	0.0021	0.0119	PASS	b2	False	fb2da026b	M=3.3620
mp-29771	Mg2C4	6	P4_2/mnm (136)	GOOD	2.5188	4.6788	N	I		2.5620	0.4302	True	4.7900	5.1600	kt1	989a18637 (tf32, t_tetrakbt -300)		58	4.6756	0.0029	-0.0001	0.0044	0.0392	PASS	b2	False	fb2da026b	M=4.6630
mp-1072956	Mg2F4	6	Pnnm (58)	GOOD	6.6322	11.8485	N	D	CHECK	6.8484	0.0025	True	12.1900	13.1500	kt1	989a18637 (tf32, t_tetrakbt -300)		42	11.8489	-0.0001	0.0004	0.0006	0.0042	PASS	b2	False	a1d6c0e11	M=12.4190
mp-1249	Mg2F4	6	P4_2/mnm (136)	NOTCONV_MAY	6.9261	12.1508	N	D		6.8163	0.0000	True	12.5100	13.4600	kt1	989a18637 (tf32, t_tetrakbt -300)		42	12.1511	0.0000	0.0003	0.0010	0.0083	PASS	b2	False	fb2da026b	R=12.1506
mp-23710	Mg2H4	6	P4_2/mnm (136)	GOOD	3.4456	6.5155	N	I		3.7097	0.0000	True	6.2800	7.0900	kt1	989a18637 (tf32, t_tetrakbt -300)		34	6.4941	0.0004	0.0043	0.0110	0.0720	PASS	b1	False	fb2da026b	M=6.5420
mp-1018809	Mo2S4	6	P6_3/mmc (194)	DRIFT_GOOD	1.2288	2.0641	N	I	differs path<mesh(mesh)	1.3361	0.0024	True	1.8400	1.8200	kt1	989a18637 (tf32, t_tetrakbt -300)		54	1.8524	0.0001	-0.0030	0.0014	0.0105	PASS	b1	False	a1d6c0e11	M=1.9900
mp-2815	Mo2S4	6	P6_3/mmc (194)	GOOD	1.2758	2.1769	N	I	path<mesh(mesh)	1.4649	0.0017	True	1.9500	1.9400	kt1	989a18637 (tf32, t_tetrakbt -300)		54	1.9720	0.0000	-0.0024	0.0016	0.0102	PASS	b1	False	fb2da026b	M=2.1890
mp-1018807	Mo2Se4	6	P6_3/mmc (194)	GOOD	1.1776	1.9560	N	I	path<mesh(mesh)	1.2544	0.0033	True	1.7500	1.7600	kt1	989a18637 (tf32, t_tetrakbt -300)		54	1.8097	0.0001	-0.0016	0.0023	0.0234	PASS	b1	False	fb2da026b	M=1.9650
mp-1634	Mo2Se4	6	P6_3/mmc (194)	GOOD	1.0651	1.7385	N	I		1.4176	0.0000	True	1.6000	1.6000	kt1	989a18637 (tf32, t_tetrakbt -300)		54	1.6545	0.0001	0.0059	0.0017	0.0180	PASS	b1	False	0c4d16ceb	M=1.7480
mp-9573	Na2Be2As2	6	P6_3/mmc (194)	GOOD	1.2427	2.2970	N	I		1.2874	0.0000	True	2.3200	2.4900	kt1	989a18637 (tf32, t_tetrakbt -300)		44	2.2968	-0.0000	0.0000	0.0027	0.0255	PASS	b1	False	fb2da026b	M=2.2880
mp-9574	Na2Be2Sb2	6	P6_3/mmc (194)	GOOD	0.9040	1.7553	N	I		0.8934	0.0484	True	1.7700	1.9100	kt1	989a18637 (tf32, t_tetrakbt -300)		60	1.7553	-0.0000	-0.0001	0.0033	0.0169	PASS	b2	False	fb2da026b	M=1.7530
mp-30053	Na2C2N2	6	Pmmn (59)	NOTCONV_MAY	4.8781	9.0991	N	I		5.0600	0.2003	True	9.5000	10.1100	kt1	989a18637 (tf32, t_tetrakbt -300)		58	9.0951	0.0000	-0.0006	0.0041	0.0233	PASS	b2all	False	fb2da026b	R=9.0992
mp-7433	Na2Cu2Se2	6	P4/nmm (129)	GOOD	0.0086	1.2777	N	D		0.0477	0.0386	True	1.0100	1.5200	kt1	989a18637 (tf32, t_tetrakbt -300)		54	1.2777	-0.0001	0.0000	0.0004	0.0046	PASS	b1	False	fb2da026b	M=1.3150
mp-7434	Na2Cu2Te2	6	P4/nmm (129)	GOOD	0.5791	1.7489	N	D		0.6323	0.0083	True	1.7500	2.0000	kt1	989a18637 (tf32, t_tetrakbt -300)		54	1.7520	0.0000	0.0031	0.0052	0.0554	PASS	b1	False	fb2da026b	M=1.7520
mp-23891	Na2H2O2	6	Cmcm (63)	NOTCONV_MAY	2.8929	6.7873	R	D	N:SKIP	2.8144	0.0092	True	6.7300	7.6200		989a18637 (fp32, t_tetrakbt +300)		34	6.7873	-0.0001	-0.0000	0.0010	0.0049	PASS	b1	False	27d52b5af	
mp-23940	Na2H2O2	6	P2_1/m (11)	NOTCONV_MAY	2.9247	6.8139	N	D		2.8373	0.0102	True	6.7300	7.6400	kt1	989a18637 (tf32, t_tetrakbt -300)		34	6.8139	0.0000	-0.0000	0.0008	0.0041	PASS	b1	False	fb2da026b	R=6.8139
mp-634657	Na2H2S2	6	P2_1/m (11)	GOOD	2.9698	5.6386	N	D	differs	3.1636	0.0000	True	5.6200	6.2600	kt1	989a18637 (tf32, t_tetrakbt -300)		44	5.6389	-0.0001	0.0002	0.0144	0.0872	PASS	b1	False	fb2da026b	M=5.7200
mp-8452	Na2Li2S2	6	P4/nmm (129)	GOOD	2.9986	5.1444	N	D		2.2642	0.0000	True	5.2100	5.6600	kt1	989a18637 (tf32, t_tetrakbt -300)		44	5.1445	-0.0001	0.0000	0.0004	0.0034	PASS	b1	False	fb2da026b	M=5.1650
mp-5962	Na2Mg2As2	6	P4/nmm (129)	GOOD	0.9276	2.2025	N	D		0.9548	0.0000	True	2.2300	2.4800	kt1	989a18637 (tf32, t_tetrakbt -300)		54	2.2025	0.0001	0.0002	0.0037	0.0259	PASS	b1	False	fb2da026b	M=2.1920
mp-7090	Na2Mg2Sb2	6	P4/nmm (129)	GOOD	1.0714	1.9536	N	I		1.0359	0.0000	True	1.9700	2.1400	kt1	989a18637 (tf32, t_tetrakbt -300)		54	1.9044	0.0005	0.0024	0.0139	0.0984	PASS	b1	False	fb2da026b	M=1.9450
mp-12433	Na2Sn2N2	6	P6_3mc (186)	GOOD	0.9046	1.8119	N	I		0.9173	0.0642	True	1.7500	1.9100	kt1	989a18637 (tf32, t_tetrakbt -300)		44	1.8090	-0.0007	0.0001	0.0034	0.0189	PASS	b1	False	a1d6c0e11	M=1.8140
mp-29529	Na2Sn2P2	6	P6_3mc (186)	GOOD	0.4465	1.2495	N	I		0.5826	0.0000	True	1.2400	1.3800	kt1	989a18637 (tf32, t_tetrakbt -300)		54	1.2368	0.0008	0.0052	0.0051	0.0320	PASS	b1	False	fb2da026b	M=1.2510
mp-13097	Na2Zn2As2	6	P4/nmm (129)	GOOD	0.3133	1.3686	N	D		0.3576	0.0000	True	1.3500	1.6000	kt1	989a18637 (tf32, t_tetrakbt -300)		64	1.3686	0.0000	0.0000	0.0014	0.0134	PASS	b1	False	a1d6c0e11	M=1.3760
mp-4824	Na2Zn2P2	6	P4/nmm (129)	GOOD	0.7175	1.9655	N	D		0.9102	0.0000	True	2.0200	2.2200	kt1	989a18637 (tf32, t_tetrakbt -300)		54	1.9663	-0.0001	0.0008	0.0008	0.0062	PASS	b1	False	fb2da026b	M=1.9740
mp-8374	Na4S2	6	P6_3/mmc (194)	GOOD	1.4636	3.5116	N	D		1.6813	0.1031	True	3.4800	3.9900	kt1	989a18637 (tf32, t_tetrakbt -300)		54	3.5116	-0.0000	-0.0000	0.0002	0.0011	PASS	b1	False	fb2da026b	M=3.5260
mp-7723	NaAlF4	6	P4/mmm (123)	NOTCONV_MAY	5.5356	10.6042	N	I		5.7756	0.1040	True	10.9300	11.8700	kr7	b695fa65c (tf32, t_tetrakbt -300)		42	10.6046	-0.0000	0.0005	0.0008	0.0080	PASS	b2	False	614ab5eb8	R=10.6040
mp-546118	NaClO4	6	F-43m (216)	NOTCONV_MAY	4.2658	7.9002	E	I		4.4999	0.1115	True	8.1600	8.7700	kt1	614ab5eb8 (tf32, t_tetrakbt -300) with ES, ES rule es-a		41	7.9003	-0.0003	0.0001	0.0003	0.0025	PASS	b1	True	a863cf27f	N=7.8982;R=7.8981
mp-1969	Nb2Sb4	6	C2/m (12)	UNKNOWN_MAY		0.0000	N	metal		0.0000	0.0000	True			kt1	989a18637 (tf32, t_tetrakbt -300)		54				0.0006	0.0036	PASS	b1	False	fb2da026b	R=0.0000
mp-486	Ni2P4	6	C2/c (15)	GOOD	0.3364	0.4989	N	I		0.4733	0.0066	True	1.0600	1.0400	kt1	989a18637 (tf32, t_tetrakbt -300)		54	1.0076	-0.0008	-0.0024	0.0007	0.0060	PASS	b1	False	fb2da026b	M=0.4940
mp-29443	P2I4	6	P-1 (2)	GOOD	1.5837	3.3272	E	D		2.0208	0.0000	True	3.5300	3.8300	kt1	614ab5eb8 (tf32, t_tetrakbt -300) with ES, ES rule es-a		60	3.4178	0.0002	0.0037	0.0063	0.0295	PASS	b1	True	a863cf27f	M=3.3630;N=3.3693
mp-2319	P4Os2	6	Pnnm (58)	GOOD	0.7724	1.0926	N	I		0.8123	0.0000	True	1.1400	1.1700	kt1	989a18637 (tf32, t_tetrakbt -300)		54	1.0845	0.0000	0.0006	0.0009	0.0085	PASS	b1	False	fb2da026b	M=1.0920
mp-28266	P4Pd2	6	C2/c (15)	GOOD	0.3464	0.7540	N	I		0.3419	0.0000	True	1.0300	1.1000	kt1	989a18637 (tf32, t_tetrakbt -300)		54	1.0019	-0.0013	0.0001	0.0009	0.0101	PASS	b1	False	fb2da026b	M=0.7590
mp-1413	P4Ru2	6	Pnnm (58)	GOOD	0.4641	0.8247	N	I		0.4792	0.0000	True	0.8800	0.9000	kt1	989a18637 (tf32, t_tetrakbt -300)		54	0.7950	-0.0012	0.0004	0.0008	0.0071	PASS	b1	False	96ec5c1ee	M=0.8220
mp-23008	Pb2Br2F2	6	P4/nmm (129)	GOOD	2.3681	3.9796	N	D		2.6154	0.1732	True	4.0000	4.3200	kt1	989a18637 (tf32, t_tetrakbt -300)		54	3.9797	0.0000	-0.0000	0.0007	0.0073	PASS	b1	False	fb2da026b	M=4.0160
mp-22964	Pb2Cl2F2	6	P4/nmm (129)	GOOD	3.2520	5.1463	N	I		3.4654	0.2033	True	5.1400	5.5100	kt1	989a18637 (tf32, t_tetrakbt -300)		54	5.1357	-0.0000	0.0000	0.0005	0.0048	PASS	b1	False	fb2da026b	M=5.1880
mp-613652	Pb2Cl2F2	6	P4/nmm (129)	DRIFT_GOOD	3.5612	5.7418	N	I	differs	3.5833	0.4502	True	5.7700	6.1900	kt1	989a18637 (tf32, t_tetrakbt -300)		62	5.7115	-0.0003	-0.0002	0.0008	0.0121	PASS	b2	False	fb2da026b	M=5.8400
mp-22969	Pb2I2F2	6	P4/nmm (129)	GOOD	1.9112	3.4059	N	D		2.0781	0.1478	True	3.4400	3.7100	kt1	989a18637 (tf32, t_tetrakbt -300)		54	3.4062	0.0001	0.0004	0.0058	0.0612	PASS	b1	False	fb2da026b	M=3.3740
mp-540789	Pb2I4	6	R-3m (166)	GOOD	2.2429	3.6393	E	I	differs	2.3725	0.0008	True	3.8100	4.0200	kt1	614ab5eb8 (tf32, t_tetrakbt -300) with ES, ES rule es-a		56	3.6290	0.0012	0.0033	0.0021	0.0139	PASS	b1	True	1bbefe015	M=3.5680;N=3.6418
mp-567503	Pb2I4	6	P6_3mc (186)	GOOD	2.2035	3.5729	E	D		2.4457	0.0000	True	3.6400	3.8500	kt1	614ab5eb8 (tf32, t_tetrakbt -300) with ES, ES rule es-a		56	3.5745	0.0006	0.0033	0.0019	0.0113	PASS	b1	True	1bbefe015	M=3.5820;N=3.5757
mp-569595	Pb2I4	6	R-3m (166)	GOOD	2.2499	3.6622	E	I		2.4086	0.0010	True	3.8400	4.0500	kt1	614ab5eb8 (tf32, t_tetrakbt -300) with ES, ES rule es-a		56	3.6569	0.0012	0.0033	0.0023	0.0122	PASS	b1	True	1bbefe015	M=3.6450;N=3.6639
mp-1018888	Pd2Cl4	6	P2/m (10)	GOOD	0.6035	3.5960	N	I		0.9650	0.0301	True	3.6000	4.1300	kt1	989a18637 (tf32, t_tetrakbt -300)		54	3.6114	0.0002	0.0060	0.0021	0.0152	PASS	b1	False	a1d6c0e11	M=3.6040
mp-1018891	Pd2Cl4	6	P2_1/c (14)	GOOD	0.4040	2.4241	N	I		0.7704	0.0025	True	2.2300	2.7100	kt1	989a18637 (tf32, t_tetrakbt -300)		54	2.4254	0.0000	0.0014	0.0005	0.0040	PASS	b1	False	a1d6c0e11	M=2.4160
mp-569008	Pd2Cl4	6	Pnnm (58)	GOOD	0.5313	3.1316	N	I	differs	0.9227	0.0323	True	2.9600	3.4900	kt1	989a18637 (tf32, t_tetrakbt -300)		54	3.1341	0.0004	0.0028	0.0010	0.0080	PASS	b1	False	fb2da026b	M=3.2110
mp-569017	Pd2I4	6	Pnnm (58)	DRIFT_GOOD	0.6171	1.8372	E	I	differs	0.9334	0.0195	True	1.6800	2.0300	kt1	614ab5eb8 (tf32, t_tetrakbt -300) with ES, ES rule es-a		56	1.8380	0.0000	0.0004	0.0005	0.0039	PASS	b1	True	1bbefe015	M=1.8920;N=1.8593
mp-567484	Pt2Cl4	6	Pnnm (58)	DRIFT_GOOD	0.6579	3.2363	N	I		1.1504	0.0460	True	3.1500	3.7400	kt1	989a18637 (tf32, t_tetrakbt -300)		54	3.2429	0.0001	0.0069	0.0015	0.0134	PASS	b1	False	fb2da026b	M=3.2260
mp-1285	Pt2O4	6	Pnnm (58)	GOOD	0.4882	1.6501	N	I		0.6012	0.0000	True	1.5000	1.8800	kt1	989a18637 (tf32, t_tetrakbt -300)		34	1.6490	-0.0000	0.0014	0.0005	0.0053	PASS	b1	False	a1d6c0e11	M=1.6790
mp-7868	Pt2O4	6	P6_3mc (186)	GOOD	1.3130	3.3947	N	I		1.5350	0.0560	True	3.1400	3.4800	kt1	989a18637 (tf32, t_tetrakbt -300)		34	3.3354	-0.0001	0.0002	0.0010	0.0084	PASS	b1	False	fb2da026b	M=3.4010
mp-9010	Rb2Au2S2	6	Cmcm (63)	GOOD	1.8165	3.6123	N	I		1.9946	0.0000	True	3.6300	3.9800	kt1	989a18637 (tf32, t_tetrakbt -300)		68	3.5771	0.0001	0.0013	0.0034	0.0782	PASS	b2	False	fb2da026b	M=3.6370
mp-9731	Rb2Au2Se2	6	Cmcm (63)	GOOD	1.6082	3.3119	N	I		1.7338	0.0000	True	3.3500	3.6800	kt1	989a18637 (tf32, t_tetrakbt -300)		68	3.2939	0.0003	0.0018	0.0049	0.0865	PASS	b2	False	fb2da026b	M=3.3270
mp-9845	Rb2Ca2As2	6	P4/nmm (129)	DRIFT_GOOD	1.1365	2.4247	N	I		1.2985	0.0000	True	2.4000	2.7400	kt1	989a18637 (tf32, t_tetrakbt -300)		76	2.4218	0.0003	0.0000	0.0025	0.0148	PASS	b2	False	fb2da026b	M=2.4370
mp-9846	Rb2Ca2Sb2	6	P4/nmm (129)	GOOD	1.3334	2.5476	N	I		1.4969	0.0000	True	2.5500	2.8300	kt1	989a18637 (tf32, t_tetrakbt -300)		76	2.5430	-0.0000	0.0000	0.0069	0.0652	PASS	b2	False	fb2da026b	M=2.5760
mp-626620	Rb2H2O2	6	Cmc2_1 (36)	NOTCONV_MAY	3.4097	6.6632	N	D		3.3366	0.0000	True	6.6500	7.3700	kr7	b695fa65c (tf32, t_tetrakbt -300)		40	6.6634	-0.0002	0.0003	0.0029	0.0394	PASS	b1	False	614ab5eb8	R=6.6631
mp-643043	Rb2H2O2	6	P2_1/m (11)	FAILED_MAY	2.9981	6.4277	N	I		3.1071	0.0188	True	6.4000	7.1900	kt1	989a18637 (tf32, t_tetrakbt -300)		40	6.4373	0.0001	0.0096	0.0062	0.0909	PASS	b1	False	fb2da026b	R=6.4276
mp-696804	Rb2H2S2	6	P2_1/m (11)	GOOD	2.7650	5.6202	N	D		3.0844	0.0000	True	5.6600	6.2900	kt1	989a18637 (tf32, t_tetrakbt -300)		66	5.6202	0.0001	-0.0000	0.0098	0.0987	PASS	b2	False	fb2da026b	M=5.6100
mp-8751	Rb2Li2S2	6	P4/nmm (129)	GOOD	2.5649	4.6550	N	I		2.7450	0.0000	True	4.6900	5.1500	kt1	989a18637 (tf32, t_tetrakbt -300)		66	4.6548	0.0000	-0.0000	0.0012	0.0089	PASS	b2	False	fb2da026b	M=4.6710
mp-9250	Rb2Li2Se2	6	P4/nmm (129)	GOOD	2.1392	4.1177	N	I		2.3089	0.0000	True	4.1900	4.6300	kt1	989a18637 (tf32, t_tetrakbt -300)		66	4.1172	0.0000	-0.0001	0.0014	0.0089	PASS	b2	False	fb2da026b	M=4.1380
mp-8453	Rb2Na2O2	6	P4/nmm (129)	DRIFT_GOOD	2.1453	4.6245	N	I	differs	1.9907	0.0120	True	4.5300	5.1900	kt1	989a18637 (tf32, t_tetrakbt -300)		50	4.6246	-0.0001	0.0000	0.0007	0.0061	PASS	b1	False	fb2da026b	M=4.7410
mp-8799	Rb2Na2S2	6	P4/nmm (129)	GOOD	2.1296	4.2963	N	I		2.2945	0.0000	True	4.3200	4.8400	kt1	989a18637 (tf32, t_tetrakbt -300)		76	4.2961	-0.0000	-0.0000	0.0010	0.0046	PASS	b2	False	fb2da026b	M=4.2520
mp-568018	Rb2Sb4	6	C2/m (12)	GOOD	0.1963	1.0767	N	I		0.2676	0.0000	True	1.0400	1.2500	kt1	989a18637 (tf32, t_tetrakbt -300)		68	1.0783	0.0004	0.0021	0.0071	0.0707	PASS	b2	False	fb2da026b	M=1.0420
mp-9008	Rb2Te2Au2	6	Pmma (51)	GOOD	0.8143	1.9571	N	D		1.1069	0.0158	True	2.0300	2.2300	kt1	989a18637 (tf32, t_tetrakbt -300)		68	1.9671	0.0000	0.0102	0.0018	0.0322	PASS	b2	False	fb2da026b	M=1.9470
mp-721469	Rb4S2	6	P6_3/mmc (194)	GOOD	1.6019	3.6646	N	D		1.8961	0.0876	True	3.6600	4.1900	kt1	989a18637 (tf32, t_tetrakbt -300)		66	3.6651	0.0001	0.0008	0.0075	0.0563	PASS	b1	False	fb2da026b	M=3.6160
mp-5479	RbAlF4	6	P4/mmm (123)	NOTCONV_MAY	6.8899	11.6676	N	I		6.8772	0.0010	True	11.9700	12.8200	kt1	989a18637 (tf32, t_tetrakbt -300)		46	11.6702	0.0000	0.0026	0.0013	0.0232	PASS	b2	False	fb2da026b	R=11.6677
mp-9385	RbAu3Se2	6	P-3m1 (164)	GOOD	1.4756	2.6724	N	I		1.7381	0.0000	True	2.7300	2.9500	kt1	989a18637 (tf32, t_tetrakbt -300)		61	2.6986	-0.0000	0.0236	0.0065	0.0496	PASS	b2	False	fb2da026b	M=2.6750
mp-550759	RbClO4	6	F-43m (216)	GOOD	5.3247	8.8121	E	D	differs	5.2282	0.0252	True	9.1600	9.7500	kt1	614ab5eb8 (tf32, t_tetrakbt -300) with ES, ES rule es-a		42	8.8125	0.0001	0.0007	0.0005	0.0029	PASS	b1	True	a297c38f9	M=8.9670;N=8.8967
mp-568100	ReNCl4	6	I4 (79)	GOOD	0.9646	2.8560	N	I		1.0833	0.0966	True	2.7900	3.3400	kt1	989a18637 (tf32, t_tetrakbt -300)		49	2.8575	0.0000	0.0000	0.0008	0.0086	PASS	b1	False	fb2da026b	M=2.9030
mp-27726	S2O4	6	Aea2 (41)	NOTCONV_MAY	2.5975	6.4603	E	I	differs	3.1539	0.0000	True	7.0800	7.5200	kr7	614ab5eb8 (tf32, t_tetrakbt -300) with ES, ES rule es-a		42	6.4623	0.0000	0.0022	0.0007	0.0039	PASS	b1	True	75eff0d12	N=6.6597;R=6.6597
mp-7	S6	6	R-3 (148)	NOTCONV_MAY	1.9717	3.9260	E	D	differs	2.5261	0.0512	True	4.1500	4.5500	kr7	614ab5eb8 (tf32, t_tetrakbt -300) with ES, ES rule es-a		61	4.0194	0.0000	0.0001	0.0008	0.0046	PASS	b1	True	1bbefe015	N=4.0119;R=4.0116
mp-28051	Sb2Te2I2	6	C2/m (12)	GOOD	0.7671	1.3732	N	I		0.8429	0.1440	True	1.4300	1.4900	kt1	989a18637 (tf32, t_tetrakbt -300)		54	1.3544	0.0001	0.0067	0.0029	0.0179	PASS	b1	False	fb2da026b	M=1.4110
mp-2695	Sb4Os2	6	Pnnm (58)	GOOD	0.3126	0.6315	N	I		0.3430	0.0000	True	0.6800	0.7200	kt1	989a18637 (tf32, t_tetrakbt -300)		54	0.6387	-0.0001	-0.0025	0.0011	0.0076	PASS	b1	False	fb2da026b	M=0.6380
mp-20928	Sb4Ru2	6	Pnnm (58)	GOOD	0.0037	0.2456	N	I		0.0000	0.0000	True	0.2700	0.3000	kt1	989a18637 (tf32, t_tetrakbt -300)		54	0.2320	-0.0001	0.0019	0.0011	0.0077	PASS	b1	False	fb2da026b	M=0.2510
mp-546279	Sc2Br2O2	6	Pmmn (59)	DRIFT_GOOD	3.0972	6.4190	N	I	differs	3.2552	0.1070	True	6.3900	7.1000	kt1	989a18637 (tf32, t_tetrakbt -300)		60	6.4054	0.0003	-0.0000	0.0006	0.0048	PASS	b2all	False	fb2da026b	M=6.3440
mp-147	Se6	6	R-3 (148)	GOOD	1.2871	2.4605	E	I	differs	1.6040	0.0234	True	2.6400	2.9400	kt1	614ab5eb8 (tf32, t_tetrakbt -300) with ES, ES rule es-a		61	2.6139	0.0001	0.0001	0.0006	0.0024	PASS	b1	True	f481126f0	M=2.5550;N=2.5310
mp-1071820	Si2O4	6	Ibam (72)	NOTCONV_MAY	4.4473	8.1115	N	I		4.6893	0.4425	True	8.3700	9.0200	kt1	989a18637 (tf32, t_tetrakbt -300)		42	8.1165	-0.0001	0.0025	0.0021	0.0275	PASS	b2	False	fb2da026b	R=8.1104
mp-546794	Si2O4	6	I-42d (122)	NOTCONV_MAY	5.6947	9.2441	E	D	differs	5.6896	0.0056	True	9.6600	10.3600	kt1	614ab5eb8 (tf32, t_tetrakbt -300) with ES, ES rule es-a		36	9.2432	0.0009	-0.0000	0.0044	0.0715	PASS	b1	True	a297c38f9	N=9.4357;R=9.4359
mp-6947	Si2O4	6	P4_2/mnm (136)	GOOD	4.9581	8.1238	N	D		5.0156	0.2017	True	8.3500	8.8800	kt1	989a18637 (tf32, t_tetrakbt -300)		34	8.1431	0.0000	0.0195	0.0024	0.0247	PASS	b1	False	fb2da026b	M=8.0990
mp-7905	Si2O4	6	Ibam (72)	GOOD	4.5540	8.2101	E	I		4.7797	0.4225	True	8.4600	9.1200	kt1	0601771b4 (tf32, t_tetrakbt -300) with ES, ES rule es-c		44	8.2100	-0.0000	-0.0001	0.0016	0.0133	PASS	b2	True	c9932cbfc	M=8.2370;N=8.2283
mp-8352	Si2O4	6	Fd-3m (227)	GOOD	5.3018	8.8578	E	I	differs	5.3720	0.0206	True	9.1700	9.8500	kt1	614ab5eb8 (tf32, t_tetrakbt -300) with ES, ES rule es-a		42	8.8579	-0.0000	-0.0001	0.0006	0.0044	PASS	b1	True	1bbefe015	M=8.9110;N=8.9656
mp-1602	Si2S4	6	Ibam (72)	GOOD	2.6926	5.0129	N	I	differs	3.0758	0.0000	True	5.2300	5.5500	kt1	989a18637 (tf32, t_tetrakbt -300)		78	5.0132	0.0000	0.0020	0.0022	0.0217	PASS	b2all	False	0c4d16ceb	M=4.9010
mp-7583	Si2S4	6	I-42d (122)	GOOD	3.0262	4.7884	N	I		3.2999	0.0195	True	4.8700	5.1700	kt1	989a18637 (tf32, t_tetrakbt -300)		62	4.7674	-0.0000	0.0061	0.0092	0.0605	PASS	b2	False	fb2da026b	M=4.8290
mp-1179443	Si2Se4	6	Ibam (72)	GOOD	1.7915	3.6612	E	I	differs	1.8981	0.0057	True	3.8800	4.1600	kt1	614ab5eb8 (tf32, t_tetrakbt -300) with ES, ES rule es-a		80	3.6609	0.0000	-0.0001	0.0026	0.0301	PASS	b2all	True	f481126f0	M=3.7110;N=3.7123
mp-568264	Si2Se4	6	Ibam (72)	GOOD	1.7981	3.6949	N	I		2.1670	0.0000	True	3.8500	4.1300	kt1	989a18637 (tf32, t_tetrakbt -300)		78	3.6832	0.0003	-0.0002	0.0027	0.0294	PASS	b2all	False	fb2da026b	M=3.6920
mp-550172	Sn2O4	6	Pnnm (58)	GOOD	0.6384	2.7171	N	D	differs	0.8170	0.0023	True	2.6800	3.2100	kt1	989a18637 (tf32, t_tetrakbt -300)		34	2.7176	0.0000	0.0006	0.0005	0.0034	PASS	b1	False	fb2da026b	M=2.7850
mp-856	Sn2O4	6	P4_2/mnm (136)	GOOD	0.8454	3.1322	N	D		0.6607	0.0000	True	3.1800	3.6600	kt1	989a18637 (tf32, t_tetrakbt -300)		34	3.1334	-0.0000	0.0012	0.0006	0.0044	PASS	b1	False	fb2da026b	M=3.1520
mp-9984	Sn2S4	6	P6_3mc (186)	GOOD	1.2193	2.6442	N	I		1.4857	0.0003	True	2.5800	2.7500	kt1	989a18637 (tf32, t_tetrakbt -300)		54	2.6331	0.0000	0.0005	0.0019	0.0134	PASS	b1	False	fb2da026b	M=2.6490
mp-10667	Sr2Ag2P2	6	P6_3/mmc (194)	GOOD	0.0206	0.8426	N	D		0.1126	0.0000	True	0.7600	1.0100	kt1	989a18637 (tf32, t_tetrakbt -300)		54	0.8426	-0.0001	-0.0000	0.0013	0.0141	PASS	b1	False	a1d6c0e11	M=0.8370
mp-1077553	Sr2BBrN2	6	R-3m (166)	FAILED_MAY	2.2551	4.0963	N	I		2.4076	0.0330	True	4.0500	4.3700	kt1	989a18637 (tf32, t_tetrakbt -300)		51	4.0965	0.0000	0.0000	0.0009	0.0047	PASS	b2	False	fb2da026b	R=4.0962
mp-23024	Sr2Br2F2	6	P4/nmm (129)	GOOD	5.0399	7.7237	N	D	differs	5.0036	0.1527	True	7.8900	8.3300	kt1	989a18637 (tf32, t_tetrakbt -300)		58	7.7237	0.0000	-0.0001	0.0005	0.0030	PASS	b2	False	fb2da026b	M=7.6380
mp-10497	Sr2C4	6	C2/c (15)	FAILED_MAY	2.1170	4.4243	N	I		2.2919	0.0000	True	4.5000	4.9200	kt1	989a18637 (tf32, t_tetrakbt -300)		64	4.4144	-0.0028	-0.0000	0.0032	0.0160	PASS	b2	False	fb2da026b	R=4.4244
mp-22957	Sr2Cl2F2	6	P4/nmm (129)	GOOD	5.6653	8.7274	N	D	differs	5.9377	0.1758	True			kt1	989a18637 (tf32, t_tetrakbt -300)		58	8.7274	0.0000	-0.0000	0.0005	0.0044	PASS	b2	False	fb2da026b	M=8.6610
mp-12557	Sr2Cu2As2	6	P6_3/mmc (194)	GOOD	0.3811	0.5303	N	I		0.0038	0.0000	True	0.4000	0.6500	kt1	989a18637 (tf32, t_tetrakbt -300)		54	0.5309	-0.0001	0.0003	0.0014	0.0153	PASS	b1	False	a1d6c0e11	M=0.5280
mp-552537	Sr2CuBrO2	6	R-3m (166)	GOOD	2.4013	4.7395	N	I	CHECK	2.3516	0.0349	True	4.6100	5.0200	kt1	989a18637 (tf32, t_tetrakbt -300)		58	4.7398	0.0000	0.0003	0.0046	0.0517	PASS	b2	False	fb2da026b	M=4.5100
mp-1019258	Sr2F4	6	P6_3/mmc (194)	GOOD	5.7384	9.7833	N	D	differs	5.9375	0.1710	True	9.9300	10.7900	kt1	989a18637 (tf32, t_tetrakbt -300)		40	9.7939	-0.0001	0.0107	0.0043	0.0503	PASS	b1	False	a1d6c0e11	M=9.6400
mp-24423	Sr2H2Br2	6	P4/nmm (129)	GOOD	3.5072	5.8599	N	D		3.8297	0.0121	True	5.9300	6.4000	kt1	989a18637 (tf32, t_tetrakbt -300)		66	5.8602	0.0000	0.0001	0.0010	0.0072	PASS	b2	False	fb2da026b	M=5.8520
mp-23860	Sr2H2Cl2	6	P4/nmm (129)	GOOD	3.6662	6.3116	N	D	differs	4.0404	0.0139	True	6.3600	6.9200	kt1	989a18637 (tf32, t_tetrakbt -300)		66	6.3080	0.0018	-0.0001	0.0010	0.0080	PASS	b2	False	fb2da026b	M=6.3850
mp-24205	Sr2H2I2	6	P4/nmm (129)	GOOD	3.1984	5.3127	N	I	differs	3.5902	0.0065	True	5.3700	5.8000	kt1	989a18637 (tf32, t_tetrakbt -300)		60	5.3136	0.0000	0.0008	0.0064	0.0640	PASS	b2	False	fb2da026b	M=5.3880
mp-1019269	Sr2H3I	6	P-3m1 (164)	FAILED_MAY	1.7938	3.9648	N	I		2.0572	0.0710	True	3.9700	4.4800	kt1	989a18637 (tf32, t_tetrakbt -300)		59	3.9669	0.0001	-0.0013	0.0022	0.0141	PASS	b2	False	fb2da026b	R=3.9648
mp-1179094	Sr2H4	6	Cmcm (63)	GOOD	1.0460	3.2890	N	I	path<mesh(mesh)	1.2783	0.0441	True	3.0600	3.6500	kt1	989a18637 (tf32, t_tetrakbt -300)		34	3.1607	0.0000	0.0038	0.0020	0.0087	PASS	b1	False	a1d6c0e11	M=3.2840
mp-23759	Sr2H4	6	P6_3/mmc (194)	GOOD	1.0762	3.3143	N	I	path<mesh(mesh)	1.2621	0.0459	True	3.0800	3.6700	kt1	989a18637 (tf32, t_tetrakbt -300)		34	3.1797	0.0000	0.0042	0.0016	0.0062	PASS	b1	False	fb2da026b	M=3.3380
mp-29754	Sr2Li2N2	6	P4_2/mmc (131)	GOOD	0.2487	1.1716	N	I		0.2574	0.0000	True	1.1400	1.3000	kt1	989a18637 (tf32, t_tetrakbt -300)		40	1.1838	0.0000	0.0124	0.0079	0.0674	PASS	b1	False	fb2da026b	M=1.1680
mp-13276	Sr2Li2P2	6	P6_3/mmc (194)	GOOD	1.2482	2.3617	N	I		1.3431	0.0000	True	2.4200	2.6100	kt1	989a18637 (tf32, t_tetrakbt -300)		44	2.3611	-0.0000	-0.0001	0.0021	0.0178	PASS	b1	False	a1d6c0e11	M=2.3500
mp-4359	Sr2PdO3	6	Immm (71)	DRIFT_GOOD	0.0621	2.1814	N	I	CHECK	0.2353	0.0000	True	1.9400	2.5700	kt1	989a18637 (tf32, t_tetrakbt -300)		45	2.1814	-0.0000	0.0000	0.0005	0.0033	PASS	b1	False	fb2da026b	M=2.6100
mp-1950	Sr2S4	6	I4/mcm (140)	GOOD	1.1450	2.9964	N	I		1.3014	0.0234	True	3.0500	3.3900	kt1	989a18637 (tf32, t_tetrakbt -300)		54	2.9977	-0.0000	0.0076	0.0072	0.0782	PASS	b1	False	fb2da026b	M=3.0010
mp-7811	SrSO4	6	F-43m (216)	FAILED_MAY	3.5544	6.4886	E	I	differs	3.9207	0.2171	True	6.6900	7.2800	kt1	614ab5eb8 (tf32, t_tetrakbt -300) with ES, ES rule es-a		38	6.4883	0.0000	-0.0001	0.0007	0.0043	PASS	b1	True	1bbefe015	N=6.5842;R=6.5843
mp-12561	Ta2As4	6	C2/m (12)	UNKNOWN_MAY		0.0000	N	metal		0.0000	0.0000	True			kt1	989a18637 (tf32, t_tetrakbt -300)		54				0.0010	0.0059	PASS	b1	False	a1d6c0e11	R=0.0000
mp-22945	Te2Rh2Cl2	6	C2/m (12)	GOOD	0.6403	1.5428	N	D		0.7797	0.0000	True	1.5300	1.7200	kt1	989a18637 (tf32, t_tetrakbt -300)		54	1.5479	0.0005	0.0056	0.0014	0.0128	PASS	b1	False	fb2da026b	M=1.5860
mp-602	Te4Mo2	6	P6_3/mmc (194)	GOOD	0.9480	1.4225	N	I		0.9651	0.0000	True	1.3100	1.3200	kt1	989a18637 (tf32, t_tetrakbt -300)		54	1.3279	0.0000	0.0005	0.0021	0.0180	PASS	b1	False	fb2da026b	M=1.4310
mp-267	Te4Ru2	6	Pnnm (58)	GOOD	0.2092	0.6865	N	I		0.2847	0.0000	True	0.7600	0.8000	kt1	989a18637 (tf32, t_tetrakbt -300)		54	0.6801	-0.0000	0.0001	0.0013	0.0155	PASS	b1	False	fb2da026b	M=0.6850
mp-1019322	Te4W2	6	P6_3/mmc (194)	GOOD	1.1314	1.6784	N	D	path<mesh(mesh)	0.9389	0.0336	True	1.3700	1.3900	kt1	989a18637 (tf32, t_tetrakbt -300)		54	1.4066	-0.0020	0.0006	0.0036	0.0442	PASS	b1	False	a1d6c0e11	M=1.6790
mp-27849	Ti2Br2N2	6	Pmmn (59)	GOOD	0.5354	1.7780	N	D		0.5551	0.1399	True	1.6300	1.8900	kt1	989a18637 (tf32, t_tetrakbt -300)		44	1.7781	-0.0001	0.0000	0.0009	0.0321	PASS	b1	False	fb2da026b	M=1.7910
mp-27850	Ti2N2Cl2	6	Pmmn (59)	GOOD	0.5288	1.9002	N	D		0.5605	0.0764	True	1.7100	2.0100	kt1	989a18637 (tf32, t_tetrakbt -300)		44	1.9002	0.0000	0.0000	0.0016	0.0227	PASS	b1	False	fb2da026b	M=1.9480
mp-390	Ti2O4	6	I4_1/amd (141)	GOOD	2.0191	4.0499	N	I	differs	2.0630	0.0000	True			kt1	989a18637 (tf32, t_tetrakbt -300)		34	4.0153	0.0014	-0.0000	0.0011	0.0086	PASS	b1	False	fb2da026b	M=3.9060
mp-27484	Tl4O2	6	R-3m (166)	GOOD	0.6301	1.1355	N	D		0.5717	0.0000	True	1.1000	1.2200	kt1	989a18637 (tf32, t_tetrakbt -300)		64	1.1325	0.0002	0.0004	0.0021	0.0238	PASS	b1	False	fb2da026b	M=1.1570
mp-551470	Tl4O2	6	C2/m (12)	GOOD	0.6294	1.1345	N	I		0.5139	0.0000	True	1.1600	1.2300	kt1	989a18637 (tf32, t_tetrakbt -300)		64	1.1233	-0.0012	0.0004	0.0023	0.0245	PASS	b1	False	fb2da026b	M=1.1350
mp-30530	TlClO4	6	F-43m (216)	FAILED_MAY	4.5380	7.6480	E	D		4.5793	0.0000	True	7.7800	8.3300	kt1	614ab5eb8 (tf32, t_tetrakbt -300) with ES, ES rule es-a		40	7.6494	0.0000	0.0014	0.0019	0.0233	PASS	b1	True	a863cf27f	N=7.6322;R=7.6323
mp-1072660	V2As4	6	C2/m (12)	UNKNOWN_MAY		0.0000	N	metal		0.0000	0.0000	True			kt1	989a18637 (tf32, t_tetrakbt -300)		54				0.0010	0.0066	PASS	b1	False	a1d6c0e11	R=0.0000
mp-224	W2S4	6	P6_3/mmc (194)	GOOD	1.2874	2.1974	N	I	path<mesh(mesh)	1.5657	0.0000	True	1.9600	1.9800	kt1	989a18637 (tf32, t_tetrakbt -300)		54	1.9554	0.0001	-0.0067	0.0020	0.0114	PASS	b1	False	fb2da026b	M=2.2190
mp-1821	W2Se4	6	P6_3/mmc (194)	GOOD	1.2651	2.0231	N	I	path<mesh(mesh)	1.4468	0.0000	True	1.8200	1.8500	kt1	989a18637 (tf32, t_tetrakbt -300)		54	1.8938	0.0000	0.0107	0.0029	0.0303	PASS	b1	False	fb2da026b	M=2.0420
mp-28260	WBr4O	6	I4 (79)	GOOD	0.9975	2.6289	N	I	differs	1.1204	0.5151	True	2.7100	2.9900	kt1	989a18637 (tf32, t_tetrakbt -300)		49	2.6279	-0.0000	0.0001	0.0006	0.0033	PASS	b1	False	fb2da026b	M=2.7560
mp-27754	WCl4O	6	I4 (79)	GOOD	1.6754	3.7712	N	I	differs	2.3332	0.5653	True	3.9300	4.2100	kt1	989a18637 (tf32, t_tetrakbt -300)		49	3.7748	0.0000	0.0000	0.0004	0.0031	PASS	b1	False	fb2da026b	M=3.8830
mp-27985	Y2Cl2O2	6	P4/nmm (129)	FAILED_MAY	4.8906	6.9796	N	D		5.0892	0.1552	True	7.0400	7.4500	kt1	989a18637 (tf32, t_tetrakbt -300)		60	6.9797	-0.0000	-0.0000	0.0020	0.0432	PASS	b2all	False	fb2da026b	R=6.9797
mp-552120	Y2Cl2O2	6	R-3m (166)	DRIFT_GOOD	4.2555	6.8205	N	I	CHECK	4.2733	0.1084	True	6.9100	7.3500	kt1	989a18637 (tf32, t_tetrakbt -300)		60	6.7356	0.0003	0.0012	0.0007	0.0057	PASS	b2all	False	fb2da026b	M=6.5010
mp-10219	Y2O2F2	6	P4/nmm (129)	GOOD	5.0338	7.5222	N	I	differs	4.9449	0.0177	True	7.4900	8.0300	kt1	989a18637 (tf32, t_tetrakbt -300)		56	7.5220	0.0000	-0.0001	0.0011	0.0141	PASS	b2all	False	a1d6c0e11	M=7.5850
mp-3637	Y2O2F2	6	R-3m (166)	GOOD	4.9739	7.7214	N	D	CHECK	4.9303	0.0000	True	7.6600	8.1600	kt1	989a18637 (tf32, t_tetrakbt -300)		56	7.6201	0.0015	-0.0015	0.0011	0.0108	PASS	b2all	False	fb2da026b	M=7.2720
mp-10086	Y2S2F2	6	P4/nmm (129)	GOOD	1.1741	2.7671	N	D		1.3137	0.0000	True	2.8100	3.1100	kt1	989a18637 (tf32, t_tetrakbt -300)		50	2.7671	-0.0001	-0.0000	0.0004	0.0034	PASS	b1	False	a1d6c0e11	M=2.7580
mp-22909	Zn2Cl4	6	I-42d (122)	GOOD	3.8306	6.9717	N	D		4.0570	0.0000	True	7.0800	7.6900	kt1	989a18637 (tf32, t_tetrakbt -300)		62	7.0000	-0.0001	0.0282	0.0035	0.0285	PASS	b2	False	fb2da026b	M=6.9350
mp-567279	Zn2Cl4	6	P4_2/nmc (137)	GOOD	3.5798	6.7784	N	D		3.8828	0.0016	True	6.8900	7.4800	kt1	989a18637 (tf32, t_tetrakbt -300)		62	6.7882	0.0001	0.0099	0.0018	0.0162	PASS	b2	False	fb2da026b	M=6.7990
mp-1873	Zn2F4	6	P4_2/mnm (136)	NOTCONV_MAY	3.4318	8.0526	N	I		3.4773	0.0000	True	8.0300	9.0200	kt1	989a18637 (tf32, t_tetrakbt -300)		34	8.0732	-0.0001	0.0206	0.0035	0.0834	PASS	b1	False	fb2da026b	R=8.0522
mp-1071319	Zn3Te3	6	P3_121 (152)	GOOD	0.1055	1.1035	N	D		0.2929	0.1516	True	1.0800	1.3700	kt1	989a18637 (tf32, t_tetrakbt -300)		69	1.1121	-0.0000	0.0086	0.0038	0.0315	PASS	b1	False	fb2da026b	M=1.1040
mp-571195	Zn3Te3	6	P3_1 (144)	GOOD	0.8356	2.1843	N	D		1.0679	0.0037	True	2.2100	2.5100	kt1	989a18637 (tf32, t_tetrakbt -300)		66	2.1849	-0.0000	0.0007	0.0023	0.0130	PASS	b2	False	fb2da026b	M=2.1750
mp-545756	ZnSO4	6	F-43m (216)	GOOD	4.5730	8.5816	E	D	differs	4.2718	0.0383	True	8.6900	9.3900	kt1	0601771b4 (tf32, t_tetrakbt -300) with ES, ES rule es-c		38	8.5879	0.0001	0.0064	0.0036	0.0662	PASS	b1	True	1fd918e7e	M=8.7660;N=8.5351
mp-541912	Zr2Br2N2	6	R-3m (166)	GOOD	1.5495	2.9448	N	I	path<mesh(mesh)	1.4687	0.0016	True	3.0900	3.2500	kt1	989a18637 (tf32, t_tetrakbt -300)		60	2.8147	-0.0000	-0.0007	0.0011	0.0053	PASS	b2all	False	fb2da026b	M=2.9090
mp-570157	Zr2Br2N2	6	Pmmn (59)	GOOD	1.7328	3.3718	N	D		1.7035	0.0159	True	3.4200	3.7100	kt1	989a18637 (tf32, t_tetrakbt -300)		60	3.3718	0.0000	-0.0000	0.0005	0.0048	PASS	b2all	False	fb2da026b	M=3.4140
mp-23052	Zr2I2N2	6	Pmmn (59)	FAILED_MAY	1.1833	2.8761	N	D		1.2172	0.0000	True	3.0100	3.2500	kr7	b695fa65c (tf32, t_tetrakbt -300)		60	2.8760	-0.0000	-0.0000	0.0006	0.0048	PASS	b2all	False	fb2da026b	R=2.8761
mp-580886	Zr2I2N2	6	R-3m (166)	GOOD	0.8075	2.1226	N	I	differs path<mesh(mesh)	0.7438	0.0292	True	2.3100	2.4300	kt1	989a18637 (tf32, t_tetrakbt -300)		60	2.0194	-0.0000	-0.0002	0.0011	0.0060	PASS	b2all	False	fb2da026b	M=2.0040
mp-542791	Zr2N2Cl2	6	R-3m (166)	GOOD	1.8199	3.3483	N	I	differs path<mesh(mesh)	1.7306	0.0000	True	3.5200	3.7200	kt1	989a18637 (tf32, t_tetrakbt -300)		60	3.2145	0.0000	-0.0008	0.0009	0.0043	PASS	b2all	False	fb2da026b	M=3.2510
mp-2574	Zr2O4	6	P4_2/nmc (137)	GOOD	3.8284	6.1380	N	I	differs	3.8825	0.0271	True	6.1700	6.6700	kt1	989a18637 (tf32, t_tetrakbt -300)		34	6.1378	0.0000	-0.0001	0.0035	0.0167	PASS	b1	False	fb2da026b	M=6.2320
mp-8231	Zr2S2O2	6	P4/nmm (129)	GOOD	0.6801	1.7234	N	D		0.7956	0.0257	True	1.8400	1.9900	kt1	989a18637 (tf32, t_tetrakbt -300)		44	1.7232	0.0000	-0.0001	0.0006	0.0041	PASS	b1	False	fb2da026b	M=1.7370
mp-23485	Ag2HgI4	7	I-4 (82)	GOOD	1.0391	2.6283	N	D		1.2219	0.0000	True	2.6000	2.9800	kt1	989a18637 (tf32, t_tetrakbt -300)		63	2.6964	0.0001	0.0681	0.0062	0.0681	PASS	b1	False	fb2da026b	M=2.6280
mp-570256	Ag2HgI4	7	P-42m (111)	GOOD	0.9491	2.4986	N	D		1.1004	0.0024	True	2.4700	2.8500	kt1	989a18637 (tf32, t_tetrakbt -300)		63	2.5469	0.0001	0.0483	0.0039	0.0483	PASS	b1	False	fb2da026b	M=2.5400
mp-5928	Al2CdS4	7	I-4 (82)	GOOD	2.5717	4.4583	N	I		2.7303	0.0000	True	4.5500	4.9100	kt1	989a18637 (tf32, t_tetrakbt -300)		75	4.4567	0.0001	0.0003	0.0006	0.0043	PASS	b2	False	fb2da026b	M=4.4680
mp-3159	Al2CdSe4	7	I-4 (82)	GOOD	1.8846	3.4906	N	D	differs	2.0058	0.0000	True	3.5800	3.8900	kt1	989a18637 (tf32, t_tetrakbt -300)		75	3.4911	-0.0000	0.0004	0.0024	0.0218	PASS	b2	False	fb2da026b	M=3.4340
mp-7909	Al2CdTe4	7	I-4 (82)	GOOD	1.5167	2.7123	N	D		1.6261	0.0000	True	2.8100	3.0100	kt1	989a18637 (tf32, t_tetrakbt -300)		75	2.7135	0.0001	0.0014	0.0039	0.0266	PASS	b2	False	fb2da026b	M=2.7140
mp-7906	Al2HgS4	7	I-4 (82)	GOOD	1.9026	3.4889	N	I		2.0163	0.0000	True	3.5700	3.8800	kt1	989a18637 (tf32, t_tetrakbt -300)		63	3.5198	0.0002	0.0190	0.0045	0.0390	PASS	b1	False	fb2da026b	M=3.4860
mp-3038	Al2HgSe4	7	I-4 (82)	GOOD	1.3266	2.6736	N	D		1.4322	0.0000	True	2.7500	3.0100	kt1	989a18637 (tf32, t_tetrakbt -300)		63	2.6916	0.0001	0.0184	0.0059	0.0672	PASS	b1	False	fb2da026b	M=2.6710
mp-7910	Al2HgTe4	7	I-4 (82)	GOOD	1.0346	2.0133	N	D		1.1122	0.0000	True	2.0900	2.2500	kt1	989a18637 (tf32, t_tetrakbt -300)		75	2.0142	-0.0000	0.0010	0.0020	0.0161	PASS	b2	False	fb2da026b	M=2.0500
mp-9254	Al2Te5	7	C2/m (12)	GOOD	0.9120	1.7447	N	I		1.0461	0.0000	True	1.7700	1.8300	kt1	989a18637 (tf32, t_tetrakbt -300)		71	1.6755	-0.0001	0.0021	0.0061	0.0493	PASS	b2	False	fb2da026b	M=1.7420
mp-7907	Al2ZnSe4	7	I-4 (82)	GOOD	2.0651	3.7407	N	D		2.1529	0.0000	True	3.8500	4.1500	kt1	989a18637 (tf32, t_tetrakbt -300)		75	3.7410	0.0001	0.0004	0.0015	0.0147	PASS	b2	False	fb2da026b	M=3.7880
mp-7908	Al2ZnTe4	7	I-4 (82)	GOOD	1.5556	2.6850	N	I		1.6274	0.0000	True	2.7500	2.9000	kt1	989a18637 (tf32, t_tetrakbt -300)		80	2.6856	0.0001	0.0008	0.0022	0.0230	PASS	b2	False	fb2da026b	M=2.7220
mp-1591	Al4C3	7	R-3m (166)	GOOD	1.3131	2.2439	N	I		1.3164	0.0000	True	2.3500	2.4600	kt1	989a18637 (tf32, t_tetrakbt -300)		76	2.2430	-0.0001	-0.0000	0.0035	0.0238	PASS	b2	False	0c4d16ceb	M=2.2400
mp-9321	Ba2HfS4	7	I4/mmm (139)	GOOD	0.7087	2.1978	N	I		0.8646	0.0000	True	2.2600	2.6100	kt1	989a18637 (tf32, t_tetrakbt -300)		84	2.1977	0.0000	-0.0000	0.0058	0.0839	PASS	b2	False	fb2da026b	M=2.2130
mp-20098	Ba2PbO4	7	I4/mmm (139)	DRIFT_GOOD	1.3503	2.6407	N	I	differs	1.2338	0.0000	True	2.6500	2.9100	kt1	989a18637 (tf32, t_tetrakbt -300)		54	2.6512	0.0001	0.0108	0.0014	0.0108	PASS	b1	False	fb2da026b	M=2.5720
mp-3359	Ba2SnO4	7	I4/mmm (139)	GOOD	2.5822	4.7346	N	I	differs	2.4494	0.0000	True	4.7300	5.2000	kt1	989a18637 (tf32, t_tetrakbt -300)		49	4.7604	-0.0009	0.0408	0.0054	0.0408	PASS	b1	False	fb2da026b	M=4.8710
mp-8335	Ba2ZrO4	7	I4/mmm (139)	NOTCONV_MAY	2.9414	5.3962	N	I		2.9833	0.0000	True	5.4600	5.9600	kt1	989a18637 (tf32, t_tetrakbt -300)		57	5.3933	-0.0007	0.0000	0.0021	0.0150	PASS	b2	False	fb2da026b	R=5.3959
mp-3813	Ba2ZrS4	7	I4/mmm (139)	GOOD	0.5080	1.8471	N	I		0.5895	0.0016	True	1.8700	2.1700	kt1	989a18637 (tf32, t_tetrakbt -300)		69	1.8468	-0.0000	0.0000	0.0048	0.0591	PASS	b1	False	fb2da026b	M=1.8660
mp-545788	Ba3ZnN2O	7	P4/mmm (123)	GOOD	0.4452	1.6232	N	I	differs	0.4216	0.1107	True	1.6100	1.8600	kt1	989a18637 (tf32, t_tetrakbt -300)		73	1.6233	-0.0002	0.0001	0.0027	0.0236	PASS	b2	False	fb2da026b	M=1.5710
mp-8300	Ba4As2O	7	I4/mmm (139)	GOOD	0.6255	1.6755	N	D		0.6642	0.0000	True	1.6500	1.9100	kt1	989a18637 (tf32, t_tetrakbt -300)		86	1.6908	0.0000	0.0154	0.0039	0.0265	PASS	b2	False	fb2da026b	M=1.6280
mp-9774	Ba4Sb2O	7	I4/mmm (139)	GOOD	0.6175	1.6226	N	D	differs	0.6354	0.0000	True	1.6000	1.8500	kt1	989a18637 (tf32, t_tetrakbt -300)		86	1.6564	-0.0000	0.0339	0.0076	0.0583	PASS	b2	False	fb2da026b	M=1.7080
mp-550751	BaBeSiO4	7	Cm (8)	GOOD	4.2644	6.9252	E	I	differs	4.6114	0.0000	True	7.0700	7.6800	kt1	0601771b4 (tf32, t_tetrakbt -300) with ES, ES rule es-c		42	6.9257	0.0001	0.0007	0.0018	0.0133	PASS	b1	True	f09035a49	M=7.0500;N=7.0539
mp-1077866	BaZnBO3F	7	P-6 (174)	GOOD	3.4544	6.3393	N	I		3.6218	0.0203	True	6.3300	6.9600	kt1	989a18637 (tf32, t_tetrakbt -300)		53	6.3177	-0.0017	0.0014	0.0016	0.0248	PASS	b2	False	a1d6c0e11	M=6.3470
mp-676250	Bi2Te4Pb	7	R-3m (166)	GOOD	0.6564	1.0346	N	D		0.4945	0.0011	True	1.1000	1.1500	kt1	989a18637 (tf32, t_tetrakbt -300)		63	1.0441	0.0007	0.0043	0.0021	0.0128	PASS	b1	False	fb2da026b	M=1.0410
mp-570572	C3N4	7	R3m (160)	NOTCONV_MAY	1.3027	3.6760	E	I	differs	1.4130	0.1473	True	3.9800	4.3200	kt1	0601771b4 (tf32, t_tetrakbt -300) with ES, ES rule es-c	ES placed by hand from 2026-10-07 03:13 (es_custom): ctrlg_addes.py --rmin 1.8, three ES in the voids between the layers (2.96, 2.54, 2.30 a.u.); without them the MLO misses the state at Gamma at the top of the window	31	3.6847	0.0002	0.0108	0.0033	0.0187	PASS	b1	True	f09035a49	N=3.7488;R=3.7486
mp-571653	C3N4	7	P-43m (215)	GOOD	2.3624	4.3030	N	D	differs	2.4955	0.4981	True	4.5000	4.7800	kt1	989a18637 (tf32, t_tetrakbt -300)		28	4.3039	-0.0002	0.0009	0.0017	0.0083	PASS	b1	False	fb2da026b	M=4.4850
mp-13650	Ca2GeO4	7	I4/mmm (139)	GOOD	2.7303	5.3190	N	I		2.9044	0.1464	True	5.3100	5.8900	kt1	989a18637 (tf32, t_tetrakbt -300)		43	5.3189	0.0000	0.0000	0.0004	0.0029	PASS	b1	False	a1d6c0e11	M=5.3230
mp-8682	Ca2SiO4	7	I4/mmm (139)	NOTCONV_MAY	4.2203	7.1905	N	I		4.3447	0.1888	True	7.1200	7.7600	kt1	989a18637 (tf32, t_tetrakbt -300)		43	7.1905	-0.0000	0.0000	0.0007	0.0054	PASS	b1	False	fb2da026b	R=7.1907
mp-27294	Ca3AsBr3	7	Pm-3m (221)	GOOD	1.4897	3.5385	N	D		1.6726	0.0000	True	3.5000	3.9900	kt1	989a18637 (tf32, t_tetrakbt -300)		75	3.5384	0.0000	0.0000	0.0053	0.0523	PASS	b2	False	fb2da026b	M=3.5460
mp-28069	Ca3AsCl3	7	Pm-3m (221)	GOOD	1.6386	3.9375	N	D		1.8439	0.0000	True	3.9000	4.4500	kt1	989a18637 (tf32, t_tetrakbt -300)		75	3.9374	0.0000	-0.0000	0.0031	0.0345	PASS	b2	False	fb2da026b	M=3.9730
mp-30315	Ca3BN3	7	P4/mmm (123)	GOOD	0.4340	1.4015	N	I		0.5681	0.0000	True	1.3800	1.6400	kt1	989a18637 (tf32, t_tetrakbt -300)		43	1.4076	0.0000	0.0063	0.0088	0.0568	PASS	b1	False	fb2da026b	M=1.4120
mp-29342	Ca3PCl3	7	Pm-3m (221)	DRIFT_GOOD	1.6246	3.9328	N	D	differs	1.8416	0.0000	True	3.9100	4.4600	kt1	989a18637 (tf32, t_tetrakbt -300)		75	3.9327	-0.0000	0.0000	0.0032	0.0419	PASS	b2	False	fb2da026b	M=4.0260
mp-8789	Ca4As2O	7	I4/mmm (139)	GOOD	1.1102	2.4484	N	I	differs	1.2121	0.0000	True	2.4800	2.7400	kt1	989a18637 (tf32, t_tetrakbt -300)		58	2.4523	0.0001	0.0043	0.0091	0.0756	PASS	b1	False	fb2da026b	M=2.5000
mp-551873	Ca4Bi2O	7	I4/mmm (139)	GOOD	0.7800	1.9488	N	I		0.8131	0.0000	True	1.9800	2.2000	kt1	989a18637 (tf32, t_tetrakbt -300)		82	1.9638	-0.0000	0.0151	0.0034	0.0253	PASS	b2	False	fb2da026b	M=1.9310
mp-5380	Ca4P2O	7	I4/mmm (139)	GOOD	1.1421	2.5758	N	I	differs	1.2708	0.0000	True	2.6200	2.9000	kt1	989a18637 (tf32, t_tetrakbt -300)		58	2.5795	-0.0001	0.0039	0.0092	0.0775	PASS	b1	False	fb2da026b	M=2.5040
mp-13660	Ca4Sb2O	7	I4/mmm (139)	GOOD	0.8650	2.0592	N	I		0.9079	0.0000	True	2.1000	2.3300	kt1	989a18637 (tf32, t_tetrakbt -300)		58	2.0685	0.0000	0.0095	0.0095	0.0923	PASS	b1	False	a1d6c0e11	M=2.0140
mp-1025377	CdAg2I4	7	I-42m (121)	GOOD	1.5671	3.4310	N	D	differs	1.7741	0.0000	True	3.4200	3.8500	kt1	989a18637 (tf32, t_tetrakbt -300)		67	3.4803	-0.0000	0.0493	0.0071	0.0782	PASS	b2	False	a1d6c0e11	M=3.4890
mp-4452	CdGa2S4	7	I-4 (82)	GOOD	1.9828	3.5599	N	D		2.1200	0.0000	True	3.6200	3.9300	kt1	989a18637 (tf32, t_tetrakbt -300)		73	3.5844	0.0004	0.0271	0.0085	0.0549	PASS	b1	False	fb2da026b	M=3.5680
mp-3772	CdGa2Se4	7	I-4 (82)	GOOD	1.2248	2.5893	N	D		1.3487	0.0000	True	2.6500	2.9300	kt1	989a18637 (tf32, t_tetrakbt -300)		73	2.6143	0.0001	0.0252	0.0097	0.0503	PASS	b1	False	fb2da026b	M=2.5750
mp-13949	CdGa2Te4	7	I-4 (82)	GOOD	0.9461	2.0038	N	D		1.0379	0.0000	True	2.0700	2.2700	kt1	989a18637 (tf32, t_tetrakbt -300)		85	2.0045	0.0000	0.0008	0.0022	0.0187	PASS	b2	False	96ec5c1ee	M=1.9990
mp-22304	CdIn2Se4	7	I-4 (82)	GOOD	0.8014	2.0317	N	D		0.9564	0.0000	True	2.0500	2.3300	kt1	989a18637 (tf32, t_tetrakbt -300)		73	2.0517	0.0001	0.0202	0.0064	0.0446	PASS	b1	False	fb2da026b	M=2.0200
mp-568032	CdIn2Se4	7	P-42m (111)	GOOD	0.7201	1.9555	N	D		0.8708	0.0042	True	1.9700	2.2500	kt1	989a18637 (tf32, t_tetrakbt -300)		73	1.9704	0.0002	0.0163	0.0039	0.0348	PASS	b1	False	fb2da026b	M=1.9670
mp-568661	CdIn2Se4	7	I-42m (121)	GOOD	0.6057	1.8229	N	D		0.7742	0.0027	True	1.8200	2.1200	kt1	989a18637 (tf32, t_tetrakbt -300)		73	1.8376	0.0000	0.0147	0.0040	0.0262	PASS	b1	False	fb2da026b	M=1.7950
mp-21374	CdIn2Te4	7	I-4 (82)	GOOD	0.7159	1.6995	N	D		0.8506	0.0000	True	1.7500	1.9300	kt1	989a18637 (tf32, t_tetrakbt -300)		85	1.7003	0.0001	0.0009	0.0017	0.0101	PASS	b2	False	fb2da026b	M=1.7290
mp-1077904	CdPb2Cl2O2	7	C2/m (12)	NOTCONV_MAY	2.4072	3.9550	N	I		2.4355	0.1147	True	4.0700	4.3600	kt1	989a18637 (tf32, t_tetrakbt -300)		63	4.0078	0.0002	0.0072	0.0052	0.0506	PASS	b1	False	fb2da026b	R=3.9547
mp-15157	Cs2CaF4	7	I4/mmm (139)	NOTCONV_MAY	6.0047	9.9911	N	I		6.0910	0.0000	True	10.0900	10.9400	kt1	989a18637 (tf32, t_tetrakbt -300)		66	9.9911	-0.0001	-0.0001	0.0091	0.0850	PASS	b2	False	fb2da026b	R=9.9900
mp-697133	Cs2CaH4	7	I4/mmm (139)	NOTCONV_MAY	2.6655	5.6449	N	I		3.0097	0.0000	True	5.5700	6.2900	kt1	989a18637 (tf32, t_tetrakbt -300)		92	5.6449	0.0001	-0.0001	0.0024	0.0207	PASS	b2d	False	fb2da026b	R=5.6446
mp-8963	Cs2HgF4	7	I4/mmm (139)	NOTCONV_MAY	1.9036	5.1098	N	I		2.1117	0.0000	True	4.9600	5.7200	kt1	989a18637 (tf32, t_tetrakbt -300)		51	5.1616	-0.0001	0.0518	0.0054	0.0522	PASS	b1	False	fb2da026b	R=5.1091
mp-23752	Cs2MgH4	7	I4/mmm (139)	GOOD	2.6716	5.3005	N	I		2.9953	0.0069	True	5.2000	5.8700	kt1	989a18637 (tf32, t_tetrakbt -300)		77	5.2806	0.0044	0.0008	0.0097	0.0687	PASS	b2	False	fb2da026b	M=5.3450
mp-1078085	Cs2PdCl4	7	P4/mmm (123)	GOOD	1.5660	4.7360	E	D	differs	1.8390	0.0000	True	4.9400	5.4300	kt1	614ab5eb8 (tf32, t_tetrakbt -300) with ES, ES rule es-a		73	4.7361	-0.0000	0.0002	0.0022	0.0143	PASS	b1	True	f1c43557a	M=4.5900;N=4.7529
mp-551629	CsLiMoO4	7	F-43m (216)	GOOD	4.2555	7.0022	E	I	differs	4.4240	0.0000	True	7.2500	7.7200	kt1	0601771b4 (tf32, t_tetrakbt -300) with ES, ES rule es-c		45	7.0046	-0.0001	0.0024	0.0007	0.0045	PASS	b1	True	f09035a49	M=6.9110;N=7.0991
mp-23353	Cu2HgI4	7	I-42m (121)	GOOD	0.5632	1.8829	N	D		0.5902	0.0000	True	1.7300	2.1300	kt1	989a18637 (tf32, t_tetrakbt -300)		63	1.9391	0.0000	0.0562	0.0044	0.0562	PASS	b1	False	fb2da026b	M=1.8500
mp-568598	Cu2HgI4	7	P-42m (111)	GOOD	0.2730	1.5293	N	I		0.3179	0.0035	True	1.2800	1.7500	kt1	989a18637 (tf32, t_tetrakbt -300)		63	1.5298	0.0001	0.0006	0.0020	0.0271	PASS	b1	False	fb2da026b	M=1.5540
mp-557373	Cu2WS4	7	I-42m (121)	GOOD	1.4769	2.6981	N	I		1.5621	0.0010	True	2.8500	2.9800	kt1	989a18637 (tf32, t_tetrakbt -300)		79	2.6983	0.0000	0.0002	0.0005	0.0034	PASS	b2all	False	fb2da026b	M=2.7030
mp-8976	Cu2WS4	7	P-42m (111)	GOOD	1.3932	2.6184	N	I		1.4443	0.0042	True	2.7900	2.9100	kt1	989a18637 (tf32, t_tetrakbt -300)		79	2.6187	-0.0000	0.0002	0.0007	0.0063	PASS	b2all	False	fb2da026b	M=2.6150
mp-4809	Ga2HgS4	7	I-4 (82)	GOOD	1.4447	2.7916	N	D		1.5764	0.0000	True	2.8500	3.1100	kt1	989a18637 (tf32, t_tetrakbt -300)		73	2.8032	0.0000	0.0116	0.0024	0.0225	PASS	b1	False	fb2da026b	M=2.8310
mp-4730	Ga2HgSe4	7	I-4 (82)	GOOD	0.8020	1.9523	N	D		0.9189	0.0000	True	1.9900	2.2400	kt1	989a18637 (tf32, t_tetrakbt -300)		73	1.9644	0.0001	0.0123	0.0041	0.0388	PASS	b1	False	fb2da026b	M=1.9650
mp-16337	Ga2HgTe4	7	I-4 (82)	GOOD	0.5780	1.4543	N	D		0.6622	0.0000	True	1.5100	1.6700	kt1	989a18637 (tf32, t_tetrakbt -300)		73	1.4663	0.0002	0.0122	0.0102	0.0710	PASS	b1	False	0c4d16ceb	M=1.4570
mp-2371	Ga2Te5	7	I4/m (87)	GOOD	0.8961	1.5169	E	I		0.9609	0.0000	True	1.8700	1.9300	kt1	614ab5eb8 (tf32, t_tetrakbt -300) with ES, ES rule es-b		74	1.5296	0.0001	0.0007	0.0017	0.0184	PASS	b1	True	bb1cb4dcc	M=1.5500;N=1.5459
mp-27948	GeBi2Te4	7	R-3m (166)	GOOD	0.7332	1.0615	N	D		0.4962	0.0132	True	1.1200	1.1500	kt1	989a18637 (tf32, t_tetrakbt -300)		63	1.0588	0.0007	0.0033	0.0028	0.0339	PASS	b1	False	fb2da026b	M=1.0530
mp-14790	GeTe4As2	7	R-3m (166)	GOOD	0.6025	0.7368	N	D	path<mesh(mesh)	0.3654	0.0385	True	0.4900	0.4600	kt1	989a18637 (tf32, t_tetrakbt -300)		63	0.4294	0.0017	-0.0012	0.0015	0.0124	PASS	b1	False	96ec5c1ee	M=0.7370
mp-3167	Hg2GeSe4	7	I-4 (82)	GOOD	0.2948	1.2133	N	D		0.4336	0.0000	True	1.1700	1.4400	kt1	989a18637 (tf32, t_tetrakbt -300)		63	1.2178	0.0000	0.0046	0.0017	0.0133	PASS	b1	False	fb2da026b	M=1.1950
mp-655275	HgC2S2N2	7	C2/m (12)	GOOD	1.9128	4.0927	E	I	differs	2.1511	0.2364	True	4.3500	4.7400	kt1	0601771b4 (tf32, t_tetrakbt -300) with ES, ES rule es-c		49	4.0983	-0.0000	0.0055	0.0012	0.0125	PASS	b1	True	f09035a49	M=4.2510;N=4.2461
mp-546862	HgPb2Cl2O2	7	C2/m (12)	FAILED_MAY	2.2276	3.6368	N	I		2.2478	0.1284	True	3.6600	3.8800	kt1	989a18637 (tf32, t_tetrakbt -300)		63	3.6375	-0.0000	0.0007	0.0013	0.0148	PASS	b1	False	fb2da026b	R=3.6366
mp-20731	In2HgSe4	7	I-4 (82)	GOOD	0.4733	1.5227	N	D		0.6358	0.0000	True	1.5000	1.7800	kt1	989a18637 (tf32, t_tetrakbt -300)		73	1.5346	0.0001	0.0120	0.0029	0.0190	PASS	b1	False	fb2da026b	M=1.5640
mp-19765	In2HgTe4	7	I-4 (82)	GOOD	0.4129	1.2493	N	D		0.5295	0.0000	True	1.2800	1.4500	kt1	989a18637 (tf32, t_tetrakbt -300)		73	1.2709	0.0001	0.0217	0.0089	0.0713	PASS	b1	False	fb2da026b	M=1.2770
mp-1077901	InCo3SnS2	7	R-3m (166)	FAILED_MAY	0.2067	0.2735	N	I		0.1967	0.0000	True	0.2900	0.3000	kt1	989a18637 (tf32, t_tetrakbt -300)		68	0.2736	-0.0000	-0.0006	0.0006	0.0044	PASS	b1	False	fb2da026b	R=0.2728
mp-643257	K2H4Pd	7	I4/mmm (139)	GOOD	2.5041	5.2455	E	D	CHECK	3.1779	0.0000	True	5.2700	5.9500	kt1	0601771b4 (tf32, t_tetrakbt -300) with ES, ES rule es-c		53	5.2457	-0.0001	0.0001	0.0036	0.0349	PASS	b1	True	f09035a49	M=5.4750;N=5.3365
mp-27207	K2MgCl4	7	I4/mmm (139)	DRIFT_GOOD	4.5992	7.8337	E	I	differs	4.7652	0.0000	True	8.0800	8.7600	kt1	0601771b4 (tf32, t_tetrakbt -300) with ES, ES rule es-c		83	7.8336	-0.0000	-0.0000	0.0008	0.0099	PASS	b2	True	6dc7758fc	M=7.9650;N=7.9303
mp-31212	K2MgF4	7	I4/mmm (139)	NOTCONV_MAY	6.4542	11.1477	N	I		6.4059	0.0000	True	11.3500	12.3300	kt1	989a18637 (tf32, t_tetrakbt -300)		61	11.1477	-0.0000	-0.0001	0.0012	0.0177	PASS	b2	False	fb2da026b	R=11.1480
mp-23956	K2MgH4	7	I4/mmm (139)	GOOD	3.1569	6.2749	N	I	differs	3.4385	0.0000	True	6.0500	6.9000	kt1	989a18637 (tf32, t_tetrakbt -300)		77	6.2435	-0.0001	0.0185	0.0047	0.0352	PASS	b2	False	fb2da026b	M=6.2010
mp-27138	K2PdBr4	7	P4/mmm (123)	GOOD	0.9940	3.6923	E	I	differs	1.2719	0.0000	True	3.8500	4.2700	kt1	0601771b4 (tf32, t_tetrakbt -300) with ES, ES rule es-c		73	3.6925	-0.0008	0.0000	0.0010	0.0059	PASS	b1	True	c9932cbfc	M=3.7580;N=3.6626
mp-22956	K2PdCl4	7	P4/mmm (123)	GOOD	1.2433	4.3860	E	I	differs	1.4279	0.0000	True	4.3400	4.9400	kt1	614ab5eb8 (tf32, t_tetrakbt -300) with ES, ES rule es-a		73	4.3859	-0.0000	-0.0001	0.0008	0.0044	PASS	b1	True	bb1cb4dcc	M=4.3150;N=4.3621
mp-28163	K2PdF4	7	C2/m (12)	GOOD	1.8048	6.5144	N	I	differs	2.0218	0.0000	True	6.6500	7.4200	kt1	989a18637 (tf32, t_tetrakbt -300)		57	6.5148	-0.0000	0.0000	0.0006	0.0096	PASS	b2	False	fb2da026b	M=6.6030
mp-27243	K2PtBr4	7	P4/mmm (123)	DRIFT_GOOD	1.2260	3.9728	E	I		1.4770	0.0063	True	4.1000	4.5900	kt1	0601771b4 (tf32, t_tetrakbt -300) with ES, ES rule es-c		73	3.9727	-0.0006	0.0000	0.0027	0.0390	PASS	b1	True	f16f0ea3d	M=3.9680;N=3.9519
mp-22934	K2PtCl4	7	P4/mmm (123)	NOTCONV_MAY	1.5545	4.6290	E	I		1.8196	0.0000	True	4.7000	5.3200	kt1	614ab5eb8 (tf32, t_tetrakbt -300) with ES, ES rule es-a		81	4.6288	-0.0002	-0.0000	0.0004	0.0513	PASS	b2	True	225f15ef0	N=4.6190;R=4.6191
mp-7502	K2Sn2O3	7	R-3m (166)	GOOD	1.0270	2.4548	N	D		1.2205	0.0058	True	2.4500	2.7900	kt1	989a18637 (tf32, t_tetrakbt -300)		70	2.4553	0.0001	0.0007	0.0008	0.0057	PASS	b2	False	fb2da026b	M=2.4710
mp-9583	K2ZnF4	7	I4/mmm (139)	FAILED_MAY	4.2332	8.8629	N	I		4.3203	0.0000	True	8.8500	9.8900	kt1	989a18637 (tf32, t_tetrakbt -300)		61	8.8629	0.0000	-0.0001	0.0009	0.0163	PASS	b2	False	fb2da026b	R=8.8624
mp-29584	K4BeAs2	7	R-3m (166)	GOOD	0.7228	1.9982	E	I		0.8827	0.0000	True	2.0000	2.3100	kt1	0601771b4 (tf32, t_tetrakbt -300) with ES, ES rule es-c		94	1.9977	-0.0001	-0.0000	0.0006	0.0024	PASS	b2	True	f09035a49	M=2.0420;N=1.9917
mp-9872	K4BeP2	7	R-3m (166)	NOTCONV_MAY	0.9524	2.2398	E	I		1.1348	0.0000	True	2.2300	2.5800	kt1	0601771b4 (tf32, t_tetrakbt -300) with ES, ES rule es-c	ES placed by hand from 2026-10-07 12:01 (es_custom): one ES of 2.2 a.u. (2.9 a.u. of the rule broke the LDA between the large K spheres)	91	2.2394	0.0001	-0.0000	0.0007	0.0035	PASS	b2	True	27d52b5af	N=2.2521;R=2.2523
mp-28627	K4Br2O	7	I4/mmm (139)	NOTCONV_MAY	0.9516	3.4037	N	D		0.9893	0.1354	True	3.2800	3.9900	kt1	989a18637 (tf32, t_tetrakbt -300)		118	3.4037	-0.0001	-0.0000	0.0011	0.0098	PASS	b2d	False	fb2da026b	R=3.4037
mp-29585	K4CdAs2	7	R-3m (166)	SUSPECT_GOOD	0.4995	1.6065	E	I	CHECK	0.6091	0.0000	True	1.6400	1.9100	kt1	0601771b4 (tf32, t_tetrakbt -300) with ES, ES rule es-c		96	1.6062	0.0001	-0.0000	0.0020	0.0143	PASS	b2	True	f09035a49	M=1.1070;N=1.6175;R=1.6175
mp-28302	K4CdP2	7	R-3m (166)	GOOD	0.6956	1.8023	E	I	differs	0.8255	0.0000	True	1.8300	2.0800	kt1	614ab5eb8 (tf32, t_tetrakbt -300) with ES, ES rule es-c		96	1.8021	-0.0000	-0.0001	0.0015	0.0082	PASS	b2	True	c9932cbfc	M=1.7010;N=1.8124
mp-29484	K4HgAs2	7	R-3m (166)	GOOD	0.5908	1.7069	E	I	differs	0.6970	0.0000	True	1.7600	2.0100	kt1	0601771b4 (tf32, t_tetrakbt -300) with ES, ES rule es-c		96	1.7067	0.0001	0.0000	0.0013	0.0114	PASS	b2	True	f16f0ea3d	M=1.5460;N=1.7181
mp-8753	K4HgP2	7	R-3m (166)	SUSPECT_GOOD	0.8026	1.9221	E	I	CHECK	0.9367	0.0000	True	1.9400	2.1900	kt1	0601771b4 (tf32, t_tetrakbt -300) with ES, ES rule es-c		96	1.9217	0.0001	0.0001	0.0011	0.0062	PASS	b2	True	f09035a49	M=1.6410;N=1.9320;R=1.9319
mp-571461	K4ZnAs2	7	R-3m (166)	FAILED_MAY	0.5917	1.7778	E	I		0.7250	0.0000	True	1.8000	2.0800	kt1	0601771b4 (tf32, t_tetrakbt -300) with ES, ES rule es-c		96	1.7776	0.0000	-0.0001	0.0013	0.0094	PASS	b2	True	f09035a49	N=1.7809;R=1.7810
mp-11719	K4ZnP2	7	R-3m (166)	GOOD	0.8019	2.0024	E	I	differs	0.9455	0.0000	True	2.0100	2.3000	kt1	614ab5eb8 (tf32, t_tetrakbt -300) with ES, ES rule es-a		96	2.0022	0.0001	-0.0000	0.0010	0.0058	PASS	b2	True	f1c43557a	M=1.8850;N=2.0067
mp-6867	KCaCO3F	7	P-6m2 (187)	GOOD	4.0476	7.4254	E	D	differs	4.3552	0.0000	True	7.5300	8.3200	kt1	0601771b4 (tf32, t_tetrakbt -300) with ES, ES rule es-c		45	7.4256	-0.0002	-0.0001	0.0013	0.0148	PASS	b1	True	f09035a49	M=7.4000;N=7.5073
mp-865427	KSrCO3F	7	P-6m2 (187)	GOOD	3.8279	7.1676	E	D	differs	4.1032	0.0000	True	7.3200	8.0100	kt1	0601771b4 (tf32, t_tetrakbt -300) with ES, ES rule es-c		45	7.1682	-0.0000	0.0002	0.0019	0.0289	PASS	b1	True	f09035a49	M=7.0860;N=7.2245
mp-29009	Li2MgBr4	7	Cmmm (65)	GOOD	4.3599	7.0495	N	D	differs	4.5262	0.0146	True	7.2300	7.7000	kt1	989a18637 (tf32, t_tetrakbt -300)		65	7.0641	-0.0000	0.0147	0.0039	0.0286	PASS	b2	False	fb2da026b	M=7.1290
mp-549308	LiGeBO4	7	Fmm2 (42)	NOTCONV_MAY	2.5865	5.7476	N	I		2.7311	0.2068	True	5.9000	6.4400	kt1	989a18637 (tf32, t_tetrakbt -300)		33	5.7921	0.0000	0.0445	0.0096	0.0601	PASS	b1	False	fb2da026b	R=5.7475
mp-8873	LiGeBO4	7	I-4 (82)	NOTCONV_MAY	4.3461	7.6326	N	I		4.5264	0.0044	True	7.7900	8.3800	kt1	989a18637 (tf32, t_tetrakbt -300)		45	7.6361	0.0005	0.0001	0.0009	0.0072	PASS	b2	False	fb2da026b	R=7.6328
mp-8874	LiSiBO4	7	I-4 (82)	GOOD	6.2246	9.5860	N	I	differs	6.4308	0.0053	True	9.7500	10.3500	kt1	989a18637 (tf32, t_tetrakbt -300)		45	9.5868	0.0001	0.0009	0.0013	0.0117	PASS	b2	False	fb2da026b	M=9.4830
mp-11175	LiZnPS4	7	I-4 (82)	GOOD	2.5595	4.5235	N	I	differs	2.7312	0.0000	True	4.6400	4.9500	kt1	989a18637 (tf32, t_tetrakbt -300)		66	4.5356	0.0000	0.0122	0.0095	0.0882	PASS	b2	False	a1d6c0e11	M=4.6050
mp-7983	Mg2SiO4	7	I4/mmm (139)	FAILED_MAY	3.4107	6.3505	N	I		3.5361	0.3797	True	6.4800	7.0500	kt1	989a18637 (tf32, t_tetrakbt -300)		43	6.3506	0.0000	-0.0000	0.0004	0.0028	PASS	b1	False	fb2da026b	R=6.3499
mp-7604	Mg3NF3	7	Pm-3m (221)	GOOD	3.8516	7.1588	N	D	differs	3.5818	0.0423	True	7.2700	7.9400	kt1	989a18637 (tf32, t_tetrakbt -300)		55	7.1657	-0.0002	0.0067	0.0013	0.0175	PASS	b2	False	fb2da026b	M=7.0260
mp-16755	MgAl2S4	7	R-3m (166)	GOOD	1.7949	3.8457	E	D	differs	2.0150	0.0280	True	4.1200	4.4300	kt1	614ab5eb8 (tf32, t_tetrakbt -300) with ES, ES rule es-a		79	3.8455	-0.0001	0.0001	0.0023	0.0196	PASS	b2	True	bb1cb4dcc	M=3.9360;N=3.9330
mp-9479	MgAl2Se4	7	R-3m (166)	GOOD	0.8676	2.6999	E	D	differs	1.0530	0.0176	True	2.9400	3.2200	kt1	0601771b4 (tf32, t_tetrakbt -300) with ES, ES rule es-c		67	2.7015	0.0000	0.0018	0.0104	0.0726	PASS	b1	True	f09035a49	M=2.7650;N=2.7649
mp-558836	MoF6	7	Im-3m (229)	GOOD	4.0386	7.9719	E	I	differs	4.2423	0.0304	True	8.9800	9.0300	kt1	0601771b4 (tf32, t_tetrakbt -300) with ES, ES rule es-c		37	7.9687	-0.0000	0.0010	0.0004	0.0043	PASS	b1	True	f16f0ea3d	M=7.8390;N=8.1381
mp-643260	Na2H4Pd	7	I4/mmm (139)	GOOD	2.0936	4.6544	N	D	differs	2.3874	0.0000	True	4.5100	5.2000	kt1	989a18637 (tf32, t_tetrakbt -300)		67	4.6544	0.0000	-0.0001	0.0059	0.0429	PASS	b2	False	fb2da026b	M=4.5310
mp-697096	Na2H4Pt	7	I4/mmm (139)	GOOD	1.9382	4.4079	N	I		2.1188	0.0000	True	4.3000	4.9300	kt1	989a18637 (tf32, t_tetrakbt -300)		67	4.4058	-0.0003	-0.0001	0.0065	0.0493	PASS	b2	False	fb2da026b	M=4.4270
mp-28599	Na4Br2O	7	I4/mmm (139)	GOOD	2.2143	4.8974	N	D	differs	1.9852	0.1340	True	4.8700	5.5400	kt1	989a18637 (tf32, t_tetrakbt -300)		74	4.8974	-0.0001	-0.0001	0.0009	0.0069	PASS	b2	False	fb2da026b	M=4.7130
mp-8752	Na4CdP2	7	R-3m (166)	GOOD	0.6729	1.7901	N	I	differs	0.7395	0.0000	True	1.8400	2.0600	kt1	989a18637 (tf32, t_tetrakbt -300)		83	1.7898	0.0002	-0.0000	0.0015	0.0103	PASS	b2	False	fb2da026b	M=1.8450
mp-28591	Na4HgP2	7	R-3m (166)	NOTCONV_MAY	0.7982	1.9590	N	I		0.8779	0.0000	True	2.0000	2.2300	kt1	989a18637 (tf32, t_tetrakbt -300)		83	1.9588	0.0001	-0.0000	0.0013	0.0082	PASS	b2	False	fb2da026b	R=1.9591
mp-22937	Na4I2O	7	I4/mmm (139)	NOTCONV_MAY	2.3367	4.7616	N	D		2.2154	0.0787	True	4.7400	5.3600	kt1	989a18637 (tf32, t_tetrakbt -300)		74	4.7616	0.0000	0.0001	0.0052	0.0476	PASS	b2	False	fb2da026b	R=4.7613
mp-10426	Nb2O5	7	C2 (5)	GOOD	1.6576	2.9908	N	I	differs	1.8452	0.3420	True	3.0800	3.3000	kt1	989a18637 (tf32, t_tetrakbt -300)		38	2.9934	-0.0001	0.0025	0.0035	0.0708	PASS	b1	False	a1d6c0e11	M=3.0900
mp-1595	Nb2O5	7	C2/m (12)	GOOD	1.7615	3.8574	E	I		2.1771	0.0075	True	3.8900	4.2600	kt1	614ab5eb8 (tf32, t_tetrakbt -300) with ES, ES rule es-a		42	3.8574	-0.0001	-0.0001	0.0009	0.0055	PASS	b1	True	f1c43557a	M=3.8810;N=3.8254
mp-551826	NbTlBr4O	7	C2 (5)	FAILED_MAY	1.1096	2.6664	N	I		1.2501	0.2818	True	2.6500	3.0100	kt1	989a18637 (tf32, t_tetrakbt -300)		63	2.6666	-0.0000	0.0001	0.0007	0.0289	PASS	b1	False	fb2da026b	R=2.6663
mp-24517	Rb2CaH4	7	I4/mmm (139)	GOOD	2.9632	6.2326	N	D		3.3025	0.0090	True	6.1300	6.9300	kt1	989a18637 (tf32, t_tetrakbt -300)		77	6.2230	0.0009	0.0000	0.0043	0.0462	PASS	b2	False	fb2da026b	M=6.2290
mp-29873	Rb2CdCl4	7	I4/mmm (139)	GOOD	2.9078	5.8714	E	I	differs	3.1677	0.0079	True	5.8600	6.5500	kt1	0601771b4 (tf32, t_tetrakbt -300) with ES, ES rule es-c		71	5.8725	-0.0000	0.0009	0.0006	0.0098	PASS	b1	True	f09035a49	M=5.6860;N=5.8757
mp-8962	Rb2HgF4	7	I4/mmm (139)	NOTCONV_MAY	1.7238	5.0855	N	I		1.9675	0.0000	True	4.8900	5.7000	kt1	989a18637 (tf32, t_tetrakbt -300)		49	5.0983	0.0000	0.0129	0.0018	0.0135	PASS	b1	False	fb2da026b	R=5.0856
mp-8861	Rb2MgF4	7	I4/mmm (139)	DRIFT_GOOD	6.2492	10.6944	N	I	differs	6.2257	0.0000	True	10.9000	11.7500	kt1	989a18637 (tf32, t_tetrakbt -300)		49	10.6990	-0.0001	0.0045	0.0054	0.0975	PASS	b1	False	fb2da026b	M=10.5840
mp-7863	Rb2Sn2O3	7	R-3m (166)	NOTCONV_MAY	1.0310	2.4059	N	D		1.2196	0.0000	True	2.4000	2.7100	kt1	989a18637 (tf32, t_tetrakbt -300)		70	2.4066	-0.0000	0.0008	0.0008	0.0041	PASS	b2	False	fb2da026b	R=2.4057
mp-31002	Rb2Te5	7	C2/m (12)	GOOD	0.2266	0.9838	N	I		0.2365	0.0000	True	0.9800	1.1200	kt1	989a18637 (tf32, t_tetrakbt -300)		69	0.9818	0.0001	0.0092	0.0083	0.0575	PASS	b1	False	fb2da026b	M=1.0050
mp-1077942	Rb2TeSe4	7	C2/m (12)	GOOD	0.8235	2.0171	N	I		0.9115	0.0072	True	2.0100	2.2500	kt1	989a18637 (tf32, t_tetrakbt -300)		69	2.0189	0.0000	0.0040	0.0066	0.0484	PASS	b1	False	a1d6c0e11	M=2.0350
mp-30004	Rb4Br2O	7	I4/mmm (139)	NOTCONV_MAY	0.5019	2.7791	E	D		0.5848	0.1372	True	2.7000	3.3400	kt1	0601771b4 (tf32, t_tetrakbt -300) with ES, ES rule es-c		72	2.7795	-0.0001	0.0004	0.0059	0.0958	PASS	b1	True	f09035a49	N=2.8231;R=2.8235
mp-863745	RbSrCO3F	7	P-6m2 (187)	GOOD	3.8487	7.1479	E	D	CHECK	4.1334	0.0000	True	7.3700	8.0100	kt1	0601771b4 (tf32, t_tetrakbt -300) with ES, ES rule es-c	May value 5.33 eV wrong (N 7.26, 2025 8.01)	45	7.1480	0.0000	0.0001	0.0010	0.0112	PASS	b1	True	f09035a49	M=5.3320;N=7.2550
mp-8560	SF6	7	Im-3m (229)	GOOD	6.0954	11.8936	E	D	CHECK	5.8139	0.0089	True	12.8900	13.5500	kt1	0601771b4 (tf32, t_tetrakbt -300) with ES, ES rule es-c		37	11.8936	-0.0000	-0.0001	0.0005	0.0031	PASS	b1	True	f16f0ea3d	M=12.5460;N=12.1361
mp-31507	Sb2Te4Pb	7	R-3m (166)	GOOD	0.4040	0.6788	N	D		0.2736	0.1872	True	0.7400	0.7700	kt1	989a18637 (tf32, t_tetrakbt -300)		63	0.6819	0.0003	0.0035	0.0017	0.0105	PASS	b1	False	fb2da026b	M=0.6780
mp-7700	SiB6	7	Pm-3m (221)	FAILED_MAY	0.0442	0.2653	N	I		0.0466	0.4789	True	0.2100	0.3200	kt1	989a18637 (tf32, t_tetrakbt -300)		33	0.2642	-0.0000	0.0001	0.0014	0.0097	PASS	b1	False	fb2da026b	R=0.2653
mp-10955	SnHg2Se4	7	I-4 (82)	GOOD	0.1149	1.0053	N	D		0.2753	0.0000	True	0.9000	1.2100	kt1	989a18637 (tf32, t_tetrakbt -300)		63	1.0108	0.0000	0.0056	0.0014	0.0108	PASS	b1	False	a1d6c0e11	M=0.9970
mp-27947	SnSb2Te4	7	R-3m (166)	GOOD	0.3073	0.5102	N	D		0.2525	0.0000	True	0.5500	0.5700	kt1	989a18637 (tf32, t_tetrakbt -300)		63	0.5128	0.0003	0.0032	0.0017	0.0105	PASS	b1	False	fb2da026b	M=0.5190
mp-567655	Sr2CN2Cl2	7	C2/m (12)	DRIFT_GOOD	4.0106	6.2516	N	I		4.2020	0.0777	True	6.2500	6.7000	kt1	989a18637 (tf32, t_tetrakbt -300)		66	6.2518	0.0004	0.0007	0.0034	0.0385	PASS	b2	False	fb2da026b	M=6.2860
mp-3376	Sr2SnO4	7	I4/mmm (139)	NOTCONV_MAY	2.7121	5.0391	N	I		2.5780	0.0053	True	5.1000	5.5800	kt1	989a18637 (tf32, t_tetrakbt -300)		49	5.0405	-0.0000	0.0013	0.0005	0.0037	PASS	b1	False	fb2da026b	R=5.0394
mp-5532	Sr2TiO4	7	I4/mmm (139)	NOTCONV_MAY	1.8857	4.0636	N	I	vs2025	1.9149	0.0000	True	3.6800	3.0900	kt1	989a18637 (tf32, t_tetrakbt -300)		49	4.0659	-0.0000	-0.0002	0.0010	0.0107	PASS	b1	False	fb2da026b	R=4.0637
mp-8299	Sr4As2O	7	I4/mmm (139)	GOOD	1.0970	2.1665	N	I	differs	1.1913	0.0000	True	2.1800	2.4100	kt1	989a18637 (tf32, t_tetrakbt -300)		86	2.1700	-0.0000	0.0038	0.0013	0.0080	PASS	b2	False	fb2da026b	M=2.2540
mp-8298	Sr4P2O	7	I4/mmm (139)	GOOD	1.1057	2.2533	N	I	differs	1.2132	0.0000	True	2.2900	2.4800	kt1	989a18637 (tf32, t_tetrakbt -300)		86	2.2562	0.0000	0.0033	0.0011	0.0078	PASS	b2	False	fb2da026b	M=2.3160
mp-570097	SrLi4P2	7	R-3m (166)	NOTCONV_MAY	0.8682	1.8839	N	I		0.9759	0.0000	True	1.9200	2.1000	kt1	989a18637 (tf32, t_tetrakbt -300)		43	1.8840	0.0000	0.0004	0.0015	0.0128	PASS	b1	False	fb2da026b	R=1.8840
mp-554867	Ta2O5	7	Pmmm (47)	GOOD	0.0365	1.7637	N	I	differs	0.2637	0.3323	True	1.3200	2.1800	kt1	989a18637 (tf32, t_tetrakbt -300)		38	1.7633	-0.0001	-0.0001	0.0031	0.0387	PASS	b1	False	fb2da026b	M=1.8500
mp-624688	Ta2O5	7	C2 (5)	GOOD	2.3159	4.0280	N	I	CHECK	2.4734	0.4173	True	4.1000	4.4100	kt1	989a18637 (tf32, t_tetrakbt -300)		58	4.0280	0.0000	0.0001	0.0014	0.0085	PASS	b2all	False	fb2da026b	M=4.4680
mp-1025299	Tl2CdTe4	7	I-4 (82)	GOOD	0.0000	0.5209	N	D		0.0789	0.0858	True	0.4700	0.6600	kt1	989a18637 (tf32, t_tetrakbt -300)		73	0.5332	0.0001	0.0124	0.0020	0.0124	PASS	b1	False	a1d6c0e11	M=0.5260
mp-29889	Tl2PdCl4	7	P4/mmm (123)	GOOD	0.7787	2.9433	E	I		1.0534	0.0000	True	3.0400	3.3800	kt1	0601771b4 (tf32, t_tetrakbt -300) with ES, ES rule es-c		77	2.9432	-0.0000	-0.0001	0.0004	0.0025	PASS	b1	True	f09035a49	M=2.9850;N=2.9307
mp-9791	Tl3AsS3	7	R3m (160)	GOOD	0.9585	1.7879	N	I		1.2176	0.0061	True	1.8300	1.9600	kt1	989a18637 (tf32, t_tetrakbt -300)		78	1.7882	0.0001	0.0005	0.0005	0.0036	PASS	b1	False	fb2da026b	M=1.7920
mp-7684	Tl3AsSe3	7	R3m (160)	GOOD	0.6541	1.2985	N	D		0.8814	0.0000	True	1.3200	1.4300	kt1	989a18637 (tf32, t_tetrakbt -300)		78	1.2998	-0.0000	0.0011	0.0009	0.0067	PASS	b1	False	fb2da026b	M=1.3190
mp-8393	Tl3SbS3	7	R3m (160)	GOOD	1.3771	2.1441	N	D		1.5925	0.0000	True	2.2500	2.3700	kt1	989a18637 (tf32, t_tetrakbt -300)		78	2.2214	0.0000	0.0005	0.0007	0.0104	PASS	b1	False	fb2da026b	M=2.1340
mp-720166	V2O5	7	C2/m (12)	GOOD	1.1802	2.3477	N	I	differs	1.3794	0.1275	True	2.2500	2.4200	kt1	989a18637 (tf32, t_tetrakbt -300)		38	2.2885	-0.0000	-0.0031	0.0008	0.0060	PASS	b1	False	fb2da026b	M=2.4190
mp-28483	WBr6	7	R-3 (148)	GOOD	0.8757	2.0948	E	D	differs	1.0699	0.0000	True	1.9500	2.3500	kt1	614ab5eb8 (tf32, t_tetrakbt -300) with ES, ES rule es-c		72	2.0879	0.0001	0.0000	0.0002	0.0023	PASS	b1	True	d90296348	M=2.1480;N=2.0646
mp-571518	WCl6	7	R-3 (148)	NOTCONV_MAY	1.5859	3.4642	E	I		1.7921	0.0000	True	3.2000	3.6000	kt1	0601771b4 (tf32, t_tetrakbt -300) with ES, ES rule es-c		66	3.4639	0.0000	0.0001	0.0002	0.0020	PASS	b1	True	f09035a49	N=3.5085;R=3.4960
mp-546864	Y2CN2O2	7	P-3m1 (164)	GOOD	3.6971	5.3548	E	D	CHECK	3.9578	0.0538	True	5.7200	6.0400	kt1	0601771b4 (tf32, t_tetrakbt -300) with ES, ES rule es-c		60	5.3528	0.0010	-0.0001	0.0014	0.0098	PASS	b2all	True	f09035a49	M=5.7270;N=5.5748
mp-1078049	ZnGa2S4	7	P-42m (111)	GOOD	1.8306	3.4737	N	D		1.9330	0.0086	True	3.5600	3.8600	kt1	989a18637 (tf32, t_tetrakbt -300)		73	3.4912	0.0000	0.0176	0.0037	0.0383	PASS	b1	False	a1d6c0e11	M=3.5010
mp-5350	ZnGa2S4	7	I-4 (82)	GOOD	2.1578	3.8073	N	D		2.2765	0.0000	True	3.8800	4.1900	kt1	989a18637 (tf32, t_tetrakbt -300)		73	3.8398	0.0001	0.0326	0.0063	0.0703	PASS	b1	False	fb2da026b	M=3.8240
mp-15776	ZnGa2Se4	7	I-4 (82)	GOOD	1.3124	2.7406	N	D		1.4001	0.0000	True	2.8000	3.0800	kt1	989a18637 (tf32, t_tetrakbt -300)		73	2.7675	0.0001	0.0271	0.0063	0.0580	PASS	b1	False	0c4d16ceb	M=2.7460
mp-15777	ZnGa2Te4	7	I-4 (82)	GOOD	0.9436	1.9345	N	I		1.0183	0.0000	True	1.9600	2.1100	kt1	989a18637 (tf32, t_tetrakbt -300)		78	1.9403	0.0002	0.0060	0.0136	0.0984	PASS	b1	False	0c4d16ceb	M=1.9430
mp-22253	ZnIn2S4	7	P3m1 (156)	GOOD	0.0146	1.1306	N	D		0.1074	0.0586	True	0.9200	1.3900	kt1	989a18637 (tf32, t_tetrakbt -300)		73	1.1408	-0.0001	0.0103	0.0036	0.0267	PASS	b1	False	fb2da026b	M=1.1400
mp-541937	ZnIn2S4	7	R3m (160)	GOOD	0.0355	1.1596	N	D		0.1358	0.0599	True	1.0600	1.4300	kt1	989a18637 (tf32, t_tetrakbt -300)		73	1.1697	-0.0001	0.0101	0.0039	0.0353	PASS	b1	False	fb2da026b	M=1.1470
mp-22607	ZnIn2Se4	7	I-4 (82)	GOOD	0.8425	2.1075	N	D		0.9958	0.0000	True	2.1400	2.4200	kt1	989a18637 (tf32, t_tetrakbt -300)		73	2.1287	0.0001	0.0213	0.0051	0.0383	PASS	b1	False	fb2da026b	M=2.1320
mp-20832	ZnIn2Te4	7	I-4 (82)	GOOD	0.7347	1.7337	N	D		0.8318	0.0000	True	1.7900	1.9700	kt1	989a18637 (tf32, t_tetrakbt -300)		90	1.7349	0.0000	0.0012	0.0013	0.0148	PASS	b2	False	fb2da026b	M=1.7690
mp-545730	Ag2C2N2O2	8	Pmmn (59)	FAILED_MAY	1.1346	3.4362	N	I		1.3019	0.9253	True	3.2900	3.7500	kt1	989a18637 (tf32, t_tetrakbt -300)		66	3.4364	-0.0001	0.0001	0.0009	0.0096	PASS	b2all	False	fb2da026b	R=3.4361
mp-6070	Ag2C2N2O2	8	Cmcm (63)	NOTCONV_MAY	2.2371	4.5859	E	I	differs	2.3532	0.8343	True	4.5800	5.2200	kt1	0601771b4 (tf32, t_tetrakbt -300) with ES, ES rule es-c		44	4.5551	0.0001	0.0010	0.0021	0.0245	PASS	b1	True	00792e927	N=4.6403;R=4.6403
mp-6781	Ag2C2N2O2	8	P2_1/m (11)	FAILED_MAY	2.9752	5.5990	N	I		3.0653	0.2440	True	5.5900	6.1200	kt1	989a18637 (tf32, t_tetrakbt -300)		66	5.6204	0.0000	0.0128	0.0032	0.0466	PASS	b2all	False	fb2da026b	R=5.5988
mp-1079156	Ag2Cl2O4	8	Cmme (67)	NOTCONV_MAY	0.6568	4.0607	E	I	differs	0.9151	0.4423	True	4.2100	4.9300	kt1	0601771b4 (tf32, t_tetrakbt -300) with ES, ES rule es-c		62	4.0492	0.0002	0.0015	0.0007	0.0088	PASS	b1	True	d2878d537	N=4.2122;R=4.2121
mp-552169	Ag2Cl2O4	8	Cmme (67)	FAILED_MAY	0.6522	3.7586	E	D		0.9119	0.4007	True	3.6500	4.6000	kt1	0601771b4 (tf32, t_tetrakbt -300) with ES, ES rule es-c		60	3.7546	0.0000	0.0000	0.0002	0.0016	PASS	b1	True	6dc7758fc	N=3.7992;R=3.7989
mp-2247	Ag2N6	8	Ibam (72)	FAILED_MAY	1.3847	3.6399	N	I		1.5736	0.3542	True	3.5500	4.0200	kt1	989a18637 (tf32, t_tetrakbt -300)		42	3.6394	0.0005	-0.0000	0.0053	0.0937	PASS	b1	False	fb2da026b	R=3.6401
mp-571297	Ag2N6	8	I4/mcm (140)	FAILED_MAY	1.4700	3.3301	N	D		1.6315	0.3742	True	3.2700	3.7200	kt1	989a18637 (tf32, t_tetrakbt -300)		42	3.3303	-0.0001	0.0001	0.0011	0.0132	PASS	b1	False	fb2da026b	R=3.3300
mp-559470	Ag2Pb2Br2O2	8	P4/nmm (129)	GOOD	0.0835	1.6856	E	D		0.1883	0.1910	True	1.0200	1.9900	kt1	0601771b4 (tf32, t_tetrakbt -300) with ES, ES rule es-c		74	1.6864	0.0003	0.0012	0.0009	0.0146	PASS	b1	True	6dc7758fc	M=1.7240;N=1.7333
mp-580941	Ag4I4	8	P6_3mc (186)	GOOD	1.3809	3.0981	E	D		1.3759	0.0000	True	3.1300	3.4500	kt1	0601771b4 (tf32, t_tetrakbt -300) with ES, ES rule es-c		74	3.1032	-0.0001	0.0050	0.0052	0.0465	PASS	b1	True	00792e927	M=3.0910;N=3.0830
mp-1079720	Ag4O4	8	P2_1/c (14)	GOOD	0.0225	0.5922	N	I		0.1160	0.0423	True	0.6300	0.7800	kt1	989a18637 (tf32, t_tetrakbt -300)		52	0.6714	-0.0000	0.0003	0.0002	0.0015	PASS	b1	False	a1d6c0e11	M=0.6240
mp-9631	Al2Ag2O4	8	P6_3/mmc (194)	GOOD	1.5485	3.3211	N	I	differs	1.4164	0.0000	True	3.2000	3.6000	kt1	989a18637 (tf32, t_tetrakbt -300)		52	3.3069	-0.0004	-0.0000	0.0046	0.0645	PASS	b1	False	fb2da026b	M=3.2160
mp-5782	Al2Ag2S4	8	I-42d (122)	GOOD	1.7993	3.4258	N	D	differs	1.8992	0.0000	True	3.4400	3.8100	kt1	989a18637 (tf32, t_tetrakbt -300)		72	3.4329	0.0002	0.0073	0.0034	0.0356	PASS	b1	False	fb2da026b	M=3.4940
mp-14091	Al2Ag2Se4	8	I-42d (122)	GOOD	1.0364	2.5793	N	D		1.1352	0.0000	True	2.6000	2.9600	kt1	989a18637 (tf32, t_tetrakbt -300)		72	2.5949	0.0002	0.0159	0.0050	0.0596	PASS	b1	False	fb2da026b	M=2.6220
mp-14092	Al2Ag2Te4	8	I-42d (122)	GOOD	0.9829	2.2271	N	D		1.0469	0.0000	True	2.2900	2.5200	kt1	989a18637 (tf32, t_tetrakbt -300)		80	2.2341	0.0004	0.0074	0.0050	0.0507	PASS	b2	False	fb2da026b	M=2.2150
mp-25469	Al2Cl6	8	C2/m (12)	GOOD	5.0334	8.2189	N	I	CHECK	5.2740	0.0000	True	8.4500	8.9800	kt1	989a18637 (tf32, t_tetrakbt -300)		104	8.2188	0.0000	0.0000	0.0002	0.0021	PASS	b2all	False	fb2da026b	M=8.0110
mp-3098	Al2Cu2O4	8	P6_3/mmc (194)	NOTCONV_MAY	2.0411	3.8627	N	I		1.8105	0.0000	True	3.6800	3.9200	kt1	989a18637 (tf32, t_tetrakbt -300)		60	3.8422	-0.0010	-0.0001	0.0080	0.0973	PASS	b2	False	fb2da026b	R=3.8626
mp-4979	Al2Cu2S4	8	I-42d (122)	GOOD	1.7682	3.0912	N	D		1.7035	0.0000	True	3.0600	3.3700	kt1	989a18637 (tf32, t_tetrakbt -300)		72	3.1245	0.0001	0.0335	0.0069	0.0687	PASS	b1	False	fb2da026b	M=3.0900
mp-8016	Al2Cu2Se4	8	I-42d (122)	GOOD	0.9308	2.2895	N	D		0.8929	0.0000	True	2.2900	2.6000	kt1	989a18637 (tf32, t_tetrakbt -300)		72	2.3331	0.0002	0.0438	0.0082	0.0853	PASS	b1	False	fb2da026b	M=2.3200
mp-8017	Al2Cu2Te4	8	I-42d (122)	GOOD	1.0500	2.2115	N	D		1.0470	0.0000	True	2.2800	2.4300	kt1	989a18637 (tf32, t_tetrakbt -300)		80	2.2194	0.0001	0.0079	0.0050	0.0647	PASS	b2	False	fb2da026b	M=2.2420
mp-468	Al2F6	8	R-3c (167)	FAILED_MAY	7.8906	13.1966	N	D		7.5923	0.0000	True	13.6000	14.5100	kt1	989a18637 (tf32, t_tetrakbt -300)		50	13.2237	-0.0001	0.0270	0.0050	0.0624	PASS	b2	False	fb2da026b	R=13.1977
mp-23807	Al2H2O4	8	Pmn2_1 (31)	NOTCONV_MAY	5.5967	8.6305	N	D		5.6576	0.0417	True	8.8300	9.3500	kt1	989a18637 (tf32, t_tetrakbt -300)		42	8.6374	0.0000	0.0070	0.0022	0.0522	PASS	b1	False	fb2da026b	R=8.6306
mp-23933	Al2H6	8	R-3c (167)	GOOD	2.1456	5.0696	N	I	differs	2.1977	0.0000	True	4.9800	5.6900	kt1	989a18637 (tf32, t_tetrakbt -300)		42	5.0605	0.0069	-0.0000	0.0124	0.0759	PASS	b1	False	fb2da026b	M=5.1250
mp-9579	Al2Tl2Se4	8	I4/mcm (140)	GOOD	0.4295	1.4004	N	I		0.5837	0.0091	True	1.3900	1.5800	kt1	989a18637 (tf32, t_tetrakbt -300)		82	1.3913	-0.0002	0.0022	0.0011	0.0130	PASS	b1	False	fb2da026b	M=1.4040
mp-23218	As2I6	8	R-3 (148)	NOTCONV_MAY	2.1001	3.3840	E	I		2.2460	0.0000	True	3.4600	3.6900	kt1	0601771b4 (tf32, t_tetrakbt -300) with ES, ES rule es-c		82	3.3839	0.0002	0.0016	0.0011	0.0059	PASS	b1	True	f09035a49	N=3.4126;R=3.4126
mp-561703	Au2C2Cl2O2	8	Cmcm (63)	GOOD	2.9947	5.7823	E	I	differs	3.0723	0.3002	True	5.9400	6.3900	kt1	0601771b4 (tf32, t_tetrakbt -300) with ES, ES rule es-c		88	5.7823	0.0001	-0.0000	0.0007	0.0138	PASS	b2d	True	6dc7758fc	M=5.5960;N=5.8047
mp-505366	Au4Br4	8	P4_2/ncm (138)	GOOD	1.4575	3.1240	N	D		1.6982	0.0000	True	3.1400	3.4700	kt1	989a18637 (tf32, t_tetrakbt -300)		88	3.1240	-0.0000	0.0000	0.0020	0.0227	PASS	b2all	False	fb2da026b	M=3.0960
mp-570140	Au4Br4	8	I4_1/amd (141)	FAILED_MAY	1.8818	3.4750	N	D		1.9860	0.0178	True	3.4900	3.8000	kt1	989a18637 (tf32, t_tetrakbt -300)		104	3.4748	-0.0000	-0.0001	0.0004	0.0053	PASS	b2d	False	fb2da026b	R=3.4749
mp-32780	Au4Cl4	8	I4_1/amd (141)	GOOD	1.7025	3.1746	N	D	differs	1.9094	0.0000	True	3.1800	3.5000	kt1	989a18637 (tf32, t_tetrakbt -300)		88	3.1791	0.0000	0.0047	0.0025	0.0457	PASS	b2all	False	fb2da026b	M=3.2390
mp-27725	Au4I4	8	P4_2/ncm (138)	GOOD	1.6100	3.0544	N	I		2.0942	0.0000	True	3.0900	3.3400	kt1	989a18637 (tf32, t_tetrakbt -300)		88	3.0290	0.0000	0.0007	0.0063	0.0696	PASS	b2all	False	fb2da026b	M=3.0740
mp-23225	B2Br6	8	P6_3/m (176)	GOOD	3.5616	6.6121	E	I	differs	3.8356	0.0000	True	7.1800	7.5800	kt1	0601771b4 (tf32, t_tetrakbt -300) with ES, ES rule es-c		82	6.6116	0.0002	-0.0001	0.0013	0.0915	PASS	b2	True	f09035a49	M=6.7230;N=6.7558
mp-23184	B2Cl6	8	P6_3/m (176)	NOTCONV_MAY	4.3939	8.1521	E	I	differs	4.7211	0.0000	True	8.8300	9.3500	kt1	0601771b4 (tf32, t_tetrakbt -300) with ES, ES rule es-c		74	8.1519	0.0002	0.0007	0.0009	0.0098	PASS	b1	True	27d52b5af	N=8.3366;R=8.3366
mp-23189	B2I6	8	P6_3/m (176)	GOOD	2.5310	4.8108	E	I	differs	2.6901	0.0000	True	5.1500	5.5100	kt1	0601771b4 (tf32, t_tetrakbt -300) with ES, ES rule es-c		106	4.8088	0.0001	0.0000	0.0007	0.0031	PASS	b2all	True	f09035a49	M=4.8700;N=4.8979
mp-1086652	Ba2Ag2S2F2	8	P4/nmm (129)	GOOD	1.2570	2.8139	N	D		1.4324	0.0000	True	2.8200	3.1300	kt1	989a18637 (tf32, t_tetrakbt -300)		68	2.8482	0.0000	0.0343	0.0030	0.0888	PASS	b1	False	a1d6c0e11	M=2.7700
mp-1079647	Ba2Ag2Se2F2	8	P4/nmm (129)	GOOD	1.0857	2.5883	N	D		1.2693	0.0692	True	2.5900	2.9000	kt1	989a18637 (tf32, t_tetrakbt -300)		68	2.6288	0.0000	0.0405	0.0049	0.0482	PASS	b1	False	fb2da026b	M=2.5730
mp-16742	Ba2Ag2Te2F2	8	P4/nmm (129)	GOOD	1.3206	2.6803	N	D		1.5110	0.0785	True	2.7700	3.0600	kt1	989a18637 (tf32, t_tetrakbt -300)		68	2.7297	0.0001	0.0495	0.0094	0.0779	PASS	b1	False	0c4d16ceb	M=2.6670
mp-1095151	Ba2Cd2As2F2	8	P4/nmm (129)	GOOD	0.7725	1.9608	N	D		0.9586	0.0000	True	2.1300	2.3400	kt1	989a18637 (tf32, t_tetrakbt -300)		68	1.9613	-0.0000	0.0005	0.0088	0.0483	PASS	b1	False	a1d6c0e11	M=1.9500
mp-1079603	Ba2Cd2P2F2	8	P4/nmm (129)	GOOD	0.9276	2.2154	N	D		1.1489	0.0087	True	2.2600	2.4600	kt1	989a18637 (tf32, t_tetrakbt -300)		68	2.2157	-0.0000	0.0003	0.0081	0.0448	PASS	b1	False	a1d6c0e11	M=2.2350
mp-1078693	Ba2Cd2Sb2F2	8	P4/nmm (129)	GOOD	0.1196	1.1718	N	D		0.2897	0.0401	True	1.2900	1.5300	kt1	989a18637 (tf32, t_tetrakbt -300)		68	1.1724	-0.0000	0.0007	0.0118	0.0871	PASS	b1	False	a1d6c0e11	M=1.1760
mp-1080650	Ba2Cu2S2F2	8	P4/nmm (129)	GOOD	1.5350	3.1106	N	D		1.6223	0.0040	True	3.0300	3.3900	kt1	989a18637 (tf32, t_tetrakbt -300)		76	3.1107	-0.0001	0.0000	0.0012	0.0104	PASS	b2	False	a1d6c0e11	M=3.0790
mp-9195	Ba2Cu2Se2F2	8	P4/nmm (129)	GOOD	1.3131	2.7618	N	D		1.4273	0.1123	True	2.7100	3.0500	kt1	989a18637 (tf32, t_tetrakbt -300)		76	2.7618	-0.0000	0.0000	0.0015	0.0144	PASS	b2	False	fb2da026b	M=2.7540
mp-13287	Ba2Cu2Te2F2	8	P4/nmm (129)	GOOD	0.9235	2.1869	N	D		0.9884	0.1055	True	2.1900	2.4100	kt1	989a18637 (tf32, t_tetrakbt -300)		76	2.1878	-0.0000	0.0009	0.0017	0.0158	PASS	b2	False	a1d6c0e11	M=2.2050
mp-10322	Ba2Hf2N4	8	P4/nmm (129)	GOOD	1.1112	2.5910	N	I		1.2536	0.0000	True	2.6500	2.9400	kt1	989a18637 (tf32, t_tetrakbt -300)		72	2.5905	0.0005	0.0000	0.0075	0.0873	PASS	b1	False	a1d6c0e11	M=2.5920
mp-18943	Ba2Ni2O4	8	Cmcm (63)	GOOD	0.1515	2.2253	N	D	LDA≠PBE	2.3221	0.1170	True	1.9000	2.2300	kt1	989a18637 (tf32, t_tetrakbt -300)		66	2.2253	-0.0000	-0.0001	0.0015	0.0160	PASS	b2	False	fb2da026b	M=2.1810
mp-7808	Ba2P6	8	C2/m (12)	GOOD	0.5056	1.3906	N	I		0.5463	0.0000	True	1.4000	1.6000	kt1	989a18637 (tf32, t_tetrakbt -300)		86	1.3847	0.0001	0.0034	0.0030	0.0216	PASS	b2	False	fb2da026b	M=1.4090
mp-4009	Ba2Pd2S4	8	Cmcm (63)	GOOD	0.2263	1.4244	N	D		0.6944	0.0000	True	1.4200	1.6900	kt1	989a18637 (tf32, t_tetrakbt -300)		86	1.4245	-0.0000	0.0001	0.0081	0.0871	PASS	b2	False	fb2da026b	M=1.4500
mp-239	Ba2S6	8	P-42_1m (113)	GOOD	1.2721	3.0065	N	I		1.3913	0.0000	True	3.0100	3.4000	kt1	989a18637 (tf32, t_tetrakbt -300)		78	3.0116	0.0008	0.0046	0.0091	0.0561	PASS	b1	False	fb2da026b	M=3.0430
mp-7548	Ba2Se6	8	P-42_1m (113)	GOOD	0.8740	2.2588	N	I		0.9408	0.0000	True	2.2300	2.5600	kt1	989a18637 (tf32, t_tetrakbt -300)		78	2.2577	0.0007	0.0114	0.0060	0.0360	PASS	b1	False	fb2da026b	M=2.2490
mp-8234	Ba2Te6	8	P-42_1m (113)	GOOD	0.8093	1.6346	N	I		0.8198	0.0000	True	1.6500	1.8200	kt1	989a18637 (tf32, t_tetrakbt -300)		78	1.6436	0.0003	0.0015	0.0059	0.0603	PASS	b1	False	fb2da026b	M=1.6520
mp-1079320	Ba2Zn2As2F2	8	P4/nmm (129)	GOOD	0.0901	1.3473	N	D		0.2471	0.0000	True	1.3100	1.5900	kt1	989a18637 (tf32, t_tetrakbt -300)		78	1.3472	0.0001	0.0001	0.0076	0.0965	PASS	b1	False	fb2da026b	M=1.3360
mp-548469	Ba2Zn2S2O2	8	Cmcm (63)	GOOD	2.0444	3.9443	N	D	differs	2.2367	0.0000	True	3.9600	4.3800	kt1	989a18637 (tf32, t_tetrakbt -300)		84	3.9443	-0.0001	0.0000	0.0007	0.0045	PASS	b2	False	fb2da026b	M=4.0530
mp-3104	Ba2Zr2N4	8	P4/nmm (129)	NOTCONV_MAY	0.9404	2.4653	N	D		0.9965	0.0000	True	2.5200	2.8100	kt1	989a18637 (tf32, t_tetrakbt -300)		66	2.4652	-0.0000	-0.0000	0.0010	0.0062	PASS	b2	False	fb2da026b	R=2.4652
mp-1078191	Ba4Te2O2	8	P4/nmm (129)	NOTCONV_MAY	1.7415	3.2306	N	D		1.7830	0.0802	True	3.2700	3.6000	kt1	989a18637 (tf32, t_tetrakbt -300)		90	3.2722	0.0001	0.0418	0.0084	0.0605	PASS	b2	False	fb2da026b	R=3.2306
mp-7394	BaAg2GeS4	8	I-42m (121)	GOOD	0.3653	1.7395	N	I		0.5961	0.0000	True	1.6800	2.0400	kt1	989a18637 (tf32, t_tetrakbt -300)		75	1.7523	-0.0000	0.0128	0.0022	0.0191	PASS	b1	False	fb2da026b	M=1.7300
mp-569790	BaAg2GeSe4	8	I222 (23)	GOOD		1.0325	N	I		0.0350	0.0000	True	1.0100	1.3200	kt1	989a18637 (tf32, t_tetrakbt -300)		75	1.0797	0.0000	0.0472	0.0076	0.0684	PASS	b1	False	fb2da026b	M=1.0500
mp-555166	BaAg2SnS4	8	I222 (23)	GOOD	0.3331	1.6327	N	I		0.3679	0.0000	True	1.6300	1.9300	kt1	989a18637 (tf32, t_tetrakbt -300)		83	1.6423	0.0001	0.0097	0.0050	0.0985	PASS	b2	False	fb2da026b	M=1.6260
mp-569114	BaAg2SnSe4	8	I222 (23)	GOOD		1.0165	N	I		0.0654	0.0000	True	1.0100	1.2900	kt1	989a18637 (tf32, t_tetrakbt -300)		83	1.0293	0.0001	0.0128	0.0033	0.0639	PASS	b2	False	fb2da026b	M=1.0030
mp-14006	BaGeF6	8	R-3m (166)	FAILED_MAY	5.7406	10.5684	N	D		5.6043	0.0000	True	10.8800	11.7100	kt1	989a18637 (tf32, t_tetrakbt -300)		53	10.5686	-0.0001	0.0001	0.0011	0.0103	PASS	b2	False	fb2da026b	R=10.5687
mp-1080511	BaMgC2O4	8	C2/m (12)	FAILED_MAY	1.0076	3.8428	N	D		1.2628	0.5066	True	3.8300	4.3700	kt1	989a18637 (tf32, t_tetrakbt -300)		61	3.8454	0.0000	0.0026	0.0013	0.0088	PASS	b2	False	fb2da026b	R=3.8429
mp-613910	BaNiF6	8	R-3m (166)	GOOD	1.2824	5.4274	N	I	differs	1.8265	0.0000	True	5.5700	6.1900	kt1	989a18637 (tf32, t_tetrakbt -300)		45	5.4277	0.0001	0.0004	0.0006	0.0037	PASS	b1	False	fb2da026b	M=5.3730
mp-19799	BaPbF6	8	R-3m (166)	GOOD	2.9331	6.8597	N	I	CHECK	2.8927	0.0000	True	7.1000	7.6000	kt1	989a18637 (tf32, t_tetrakbt -300)		50	6.8710	-0.0001	0.0114	0.0015	0.0119	PASS	b1	False	fb2da026b	M=6.6440
mp-5588	BaSiF6	8	R-3m (166)	GOOD	7.4511	12.2133	N	D	differs	7.3914	0.0000	True	12.4700	13.3500	kt1	989a18637 (tf32, t_tetrakbt -300)		53	12.2142	0.0000	0.0010	0.0023	0.0203	PASS	b2	False	fb2da026b	M=12.1110
mp-8290	BaSnF6	8	R-3 (148)	NOTCONV_MAY	5.1803	9.6930	N	I		4.9556	0.0000	True	9.9300	10.7500	kt1	989a18637 (tf32, t_tetrakbt -300)		50	9.7758	-0.0000	0.0801	0.0111	0.0801	PASS	b1	False	fb2da026b	R=9.6931
mp-8291	BaTiF6	8	R-3m (166)	NOTCONV_MAY	4.3576	8.7287	N	I	vs2025	4.3236	0.0000	True	8.9000	8.6300	kt1	989a18637 (tf32, t_tetrakbt -300)		45	8.7287	0.0000	0.0001	0.0010	0.0068	PASS	b1	False	fb2da026b	R=8.7283
mp-7599	Be4O4	8	P4_2/mnm (136)	GOOD	7.2310	10.3885	N	I	differs	7.0842	0.0153	True	10.5600	11.1500	kt1	989a18637 (tf32, t_tetrakbt -300)		48	10.3607	0.0003	0.0030	0.0022	0.0346	PASS	b2	False	fb2da026b	M=10.4890
mp-568301	Bi2Br6	8	C2/m (12)	GOOD	2.6299	4.2001	E	D		2.8362	0.0023	True	4.3000	4.5500	kt1	0601771b4 (tf32, t_tetrakbt -300) with ES, ES rule es-c		73	4.2253	0.0001	0.0264	0.0040	0.0264	PASS	b1	True	6dc7758fc	M=4.2080;N=4.2052
mp-30200	Bi2CO5	8	Imm2 (44)	GOOD	0.9463	2.7481	N	I	differs	1.0853	0.1159	True	2.7900	3.0900	kt1	989a18637 (tf32, t_tetrakbt -300)		42	2.7572	0.0001	0.0121	0.0047	0.0468	PASS	b1	False	fb2da026b	M=2.5920
mp-22849	Bi2I6	8	R-3 (148)	GOOD	2.3596	3.4990	E	I		2.5265	0.0000	True	3.6200	3.7800	kt1	0601771b4 (tf32, t_tetrakbt -300) with ES, ES rule es-c		76	3.5111	0.0003	0.0039	0.0012	0.0065	PASS	b1	True	27d52b5af	M=3.4900;N=3.5096
mp-569157	Bi2I6	8	P-31m (162)	GOOD	2.1695	3.3539	E	I		2.4790	0.0026	True	3.4800	3.6200	kt1	0601771b4 (tf32, t_tetrakbt -300) with ES, ES rule es-c		76	3.3567	0.0004	0.0030	0.0012	0.0066	PASS	b1	True	6dc7758fc	M=3.3330;N=3.3632
mp-568388	Bi4I4	8	C2/m (12)	FAILED_MAY	0.6400	1.4444	E	D	N:TIMEOUT	0.8318	0.0270	True	1.5100	1.6400	kt1	0601771b4 (tf32, t_tetrakbt -300) with ES, ES rule es-c		73	1.4515	0.0009	0.0080	0.0037	0.0309	PASS	b1	True	00792e927	N=1.4414;R=1.4414
mp-23435	Bi4Te2I2	8	R-3m (166)	FAILED_MAY	0.0141	0.3312	R	I	N:TIMEOUT	0.1682	0.1280	True	0.2500	0.3600		989a18637 (fp32, t_tetrakbt +300)		72	0.3027	0.0089	0.0111	0.0038	0.0241	PASS	b1	False	27d52b5af	
mp-23297	Br2F6	8	Cmc2_1 (36)	DRIFT_GOOD	2.0327	5.9067	E	I	differs	2.2110	0.0000	True	6.2400	6.7800	kt1	0601771b4 (tf32, t_tetrakbt -300) with ES, ES rule es-c		48	5.9068	0.0000	0.0002	0.0002	0.0014	PASS	b1	True	f16f0ea3d	M=5.7600;N=5.9014
mp-11875	C4O4	8	P2_13 (198)	GOOD	5.9199	11.9848	E	D	CHECK	6.1541	0.6618	True	13.0400	13.5100	kt1	0601771b4 (tf32, t_tetrakbt -300) with ES, ES rule es-c	ES by hand from 2026-10-07 14:39: 2.5 a.u., s (the rule gave 3.5 a.u., the QSGW80 gap swung 7.7-9.6 eV for 10 iterations); MLO PASS 0.072 eV	52	11.9910	0.0035	0.0107	0.0180	0.0724	PASS	b2	True	27d52b5af	M=12.2930;N=12.1057
mp-729933	C4O4	8	P2_12_12_1 (19)	GOOD	5.7119	11.3866	E	I	CHECK	5.9510	0.6698	True	12.6900	13.2000	kt1	0601771b4 (tf32, t_tetrakbt -300) with ES, ES rule es-c		64	11.3835	0.0003	0.0003	0.0049	0.0364	PASS	b2	True	00792e927	M=11.7520;N=11.8242
mp-569416	C8	8	R-3m (166)	DRIFT_GOOD	1.7905	4.1486	E		CHECK path-metal LDA≠PBE vs2025 N:TIMEOUT	0.1056	0.0021	True	0.2800	1.3000		0601771b4 (tf32, t_tetrakbt -300) with ES, ES rule es-c	graphite-like fragment (invalid structure); the bands cross E_F on the path	33	0.2108	0.0033	-0.0023	0.0047	0.0187	PASS	b1	True	00792e927	M=4.9680
mp-570002	C8	8	Im-3m (229)	GOOD	3.0614	4.6383	N	I	differs path<mesh(mesh)	3.0049	0.7655	True	4.6300	4.8500	kt1	989a18637 (tf32, t_tetrakbt -300)		64	4.4952	-0.0001	0.0034	0.0108	0.0691	PASS	b2	False	fb2da026b	M=4.5870
mp-7801	Ca2Ge2N4	8	I-42d (122)	GOOD	2.7377	4.0805	N	D		2.6622	0.0000	True	4.0800	4.3900	kt1	989a18637 (tf32, t_tetrakbt -300)		52	4.0809	0.0001	0.0004	0.0013	0.0080	PASS	b1	False	fb2da026b	M=4.1050
mp-642725	Ca2H2Cl2O2	8	P6_3mc (186)	GOOD	5.2371	8.2580	N	D		5.3295	0.1040	True	8.2800	8.9600	kt1	989a18637 (tf32, t_tetrakbt -300)		68	8.2585	0.0000	0.0004	0.0009	0.0052	PASS	b2	False	fb2da026b	M=8.2700
mp-9122	Ca2P6	8	P-1 (2)	GOOD	0.0755	0.4318	N	D		0.0049	0.0000	True	0.4600	0.6100	kt1	989a18637 (tf32, t_tetrakbt -300)		72	0.4317	0.0001	0.0000	0.0004	0.0030	PASS	b1	False	fb2da026b	M=0.4370
mp-7204	Ca2Zn2S2O2	8	P6_3mc (186)	GOOD	2.4869	4.4483	N	D		2.6853	0.0107	True	4.4200	4.8400	kt1	989a18637 (tf32, t_tetrakbt -300)		78	4.4482	0.0000	0.0000	0.0011	0.0126	PASS	b2	False	fb2da026b	M=4.4160
mp-28553	Ca4I2N2	8	P6_3/mmc (194)	GOOD	2.2610	3.6181	N	D	differs	2.3510	0.0298	True	3.5600	3.9000	kt1	989a18637 (tf32, t_tetrakbt -300)		62	3.6878	-0.0001	0.0697	0.0090	0.0697	PASS	b1	False	fb2da026b	M=3.5450
mp-1079707	Ca4O4	8	Cmce (64)	SUSPECT_GOOD	2.1283	4.7125	E	D	differs	2.0869	0.2098	True	4.5600	5.2200		0601771b4 (tf32, t_tetrakbt -300) with ES, ES rule es-c		60	4.7126	0.0000	0.0000	0.0083	0.0648	PASS	b1	True	f09035a49	M=4.7230;R=4.8484
mp-20463	CaPbF6	8	Fm-3m (225)	NOTCONV_MAY	3.5522	8.2841	E	I	vs2025	3.4631	0.0000	True	7.4100	8.5300	kt1	0601771b4 (tf32, t_tetrakbt -300) with ES, ES rule es-c		58	8.2841	-0.0000	-0.0000	0.0004	0.0045	PASS	b1	True	d2878d537	N=8.3202;R=8.3203
mp-7922	CaPdF6	8	R-3 (148)	NOTCONV_MAY	2.0231	6.3113	N	I		2.0505	0.0000	True	6.4900	7.2000	kt1	989a18637 (tf32, t_tetrakbt -300)		45	6.3113	0.0000	-0.0008	0.0004	0.0024	PASS	b1	False	fb2da026b	R=6.3141
mp-8255	CaPtF6	8	R-3 (148)	GOOD	2.4823	7.0897	N	I	CHECK	2.6570	0.0000	True	7.3500	8.0500	kt1	989a18637 (tf32, t_tetrakbt -300)		45	7.0901	-0.0000	0.0001	0.0006	0.0041	PASS	b1	False	fb2da026b	M=6.6110
mp-4782	CaSnF6	8	R-3 (148)	NOTCONV_MAY	5.4969	10.5585	E	D	differs	5.4180	0.0000	True	10.8200	11.7400	kt1	0601771b4 (tf32, t_tetrakbt -300) with ES, ES rule es-c		52	10.5584	0.0000	-0.0000	0.0020	0.0208	PASS	b1	True	f09035a49	N=10.6134;R=10.6140
mp-8224	CaSnF6	8	Fm-3m (225)	NOTCONV_MAY	5.4620	10.6947	E	I		5.3881	0.0013	True	10.9300	11.8700	kt1	0601771b4 (tf32, t_tetrakbt -300) with ES, ES rule es-c		58	10.6941	0.0000	-0.0001	0.0004	0.0028	PASS	b1	True	0e7afd246	N=10.6628;R=10.6624
mp-4953	Cd2Ge2As4	8	I-42d (122)	GOOD	0.1319	0.3802	N	D		0.0085	0.0000	True	0.2600	0.6000	kt1	989a18637 (tf32, t_tetrakbt -300)		72	0.3842	0.0003	0.0043	0.0067	0.0389	PASS	b1	False	fb2da026b	M=0.3800
mp-3668	Cd2Ge2P4	8	I-42d (122)	GOOD	0.6204	1.5604	N	D		0.6565	0.0000	True	1.5900	1.7900	kt1	989a18637 (tf32, t_tetrakbt -300)		72	1.5647	0.0002	0.0045	0.0060	0.0546	PASS	b1	False	fb2da026b	M=1.5720
mp-644222	Cd2H2Cl2O2	8	P6_3mc (186)	GOOD	2.1941	4.8133	N	I	differs	2.4655	0.1243	True	4.7000	5.3200	kt1	989a18637 (tf32, t_tetrakbt -300)		52	4.8314	-0.0000	0.0191	0.0055	0.0492	PASS	b1	False	fb2da026b	M=4.7490
mp-3078	Cd2Si2As4	8	I-42d (122)	FAILED_MAY	0.3930	1.3784	N	D		0.4002	0.0000	True	1.4200	1.6300	kt1	989a18637 (tf32, t_tetrakbt -300)		72	1.3841	0.0004	0.0062	0.0096	0.0714	PASS	b1	False	fb2da026b	R=1.3785
mp-4666	Cd2Si2P4	8	I-42d (122)	GOOD	1.2661	1.9909	N	D		1.4257	0.0000	True	2.0500	2.1600	kt1	989a18637 (tf32, t_tetrakbt -300)		72	1.9916	0.0002	0.0010	0.0063	0.0553	PASS	b1	False	fb2da026b	M=1.9820
mp-3829	Cd2Sn2As4	8	I-42d (122)	SUSPECT_GOOD	0.1111	0.0591	N	D	QSGW<LDA	0.0063	0.0000	True	0.0100	0.2700	kt1	989a18637 (tf32, t_tetrakbt -300)	CdSnAs2: QSGW80 (0.05-0.06 eV in M, R and N) below LDA (0.11 eV); experiment 0.26 eV. A small-gap chalcopyrite with s-p band ordering at Γ; to be checked	72	0.0656	0.0002	0.0068	0.0070	0.0472	PASS	b1	False	fb2da026b	M=0.0630;R=0.0517
mp-5213	Cd2Sn2P4	8	I-42d (122)	GOOD	0.1729	1.0064	N	D		0.2695	0.0000	True	0.9600	1.2100	kt1	989a18637 (tf32, t_tetrakbt -300)		72	1.0128	0.0001	0.0066	0.0062	0.0358	PASS	b1	False	fb2da026b	M=1.0030
mp-1087540	CdCu2SiTe4	8	I-42m (121)	GOOD	0.1714	1.0584	N	D		0.3000	0.0000	True	1.0100	1.2600	kt1	989a18637 (tf32, t_tetrakbt -300)		72	1.0668	0.0001	0.0084	0.0088	0.0692	PASS	b1	False	a1d6c0e11	M=1.0780
mp-13984	CdPdF6	8	R-3 (148)	NOTCONV_MAY	1.7588	5.4717	N	D		1.7444	0.0000	True	5.2800	6.1800	kt1	989a18637 (tf32, t_tetrakbt -300)		42	5.4717	0.0004	0.0009	0.0004	0.0027	PASS	b1	False	fb2da026b	R=5.4716
mp-5858	CdPtF6	8	R-3 (148)	GOOD	2.1127	6.1443	N	D	CHECK	2.2005	0.0000	True	6.1100	6.9100	kt1	989a18637 (tf32, t_tetrakbt -300)		42	6.1445	0.0003	0.0007	0.0039	0.0452	PASS	b1	False	fb2da026b	M=5.7330
mp-13907	CdSnF6	8	R-3 (148)	NOTCONV_MAY	3.7721	8.2171	N	D		3.8568	0.0000	True	8.1400	9.0300	kt1	989a18637 (tf32, t_tetrakbt -300)		47	8.2279	0.0000	0.0108	0.0026	0.0304	PASS	b1	False	fb2da026b	R=8.2159
mp-29504	Cl4F4	8	P2_1/c (14)	NOTCONV_MAY	1.8470	5.9294	E	I	differs	2.0897	0.0612	True	5.7100	6.5800	kt1	0601771b4 (tf32, t_tetrakbt -300) with ES, ES rule es-c		60	5.9292	0.0001	-0.0001	0.0002	0.0013	PASS	b1	True	f16f0ea3d	N=6.0074;R=5.9476
mp-19178	Co2Ag2O4	8	P6_3/mmc (194)	GOOD	0.4151	1.7324	N	I	differs path<mesh(mesh)	1.3320	0.0000	True	1.0400	1.5600	kt1	989a18637 (tf32, t_tetrakbt -300)		52	1.5682	0.0010	-0.0064	0.0025	0.0507	PASS	b1	False	fb2da026b	M=1.8370
mp-510421	Cr2O6	8	Ama2 (40)	NOTCONV_MAY	1.9072	4.2377	N	I		2.2756	0.0462	True	4.4700	4.7400	kt1	989a18637 (tf32, t_tetrakbt -300)		42	4.2338	0.0000	0.0026	0.0011	0.0098	PASS	b1	False	fb2da026b	R=4.2376
mp-715566	Cr2O6	8	Ama2 (40)	GOOD	1.8495	4.2046	N	I	differs	2.0520	0.0566	True	4.3900	4.6700	kt1	989a18637 (tf32, t_tetrakbt -300)		42	4.2047	0.0000	0.0001	0.0011	0.0060	PASS	b1	False	fb2da026b	M=4.3650
mp-23454	Cs2Ag2Br4	8	Cmcm (63)	GOOD	1.7880	4.1587	N	I	differs	2.0566	0.0213	True	4.1200	4.6900	kt1	989a18637 (tf32, t_tetrakbt -300)		86	4.1557	-0.0001	0.0004	0.0021	0.0377	PASS	b2	False	fb2da026b	M=4.0680
mp-571100	Cs2Ag2Br4	8	P4/nmm (129)	FAILED_MAY	1.5808	3.9245	E	I		1.7972	0.0126	True	3.9400	4.5100	kt1	0601771b4 (tf32, t_tetrakbt -300) with ES, ES rule es-c		88	3.9244	-0.0000	0.0000	0.0002	0.0020	PASS	b2	True	00792e927	N=3.9457;R=3.9456
mp-10101	Cs2Ag2C4	8	P4_2/mmc (131)	GOOD	2.5293	4.8321	N	D		2.6118	0.3893	True	4.8500	5.2800	kt1	989a18637 (tf32, t_tetrakbt -300)		92	4.8322	-0.0000	0.0002	0.0043	0.0349	PASS	b2d	False	7d5dfe714	M=4.8330
mp-542772	Cs2Ag2Cl4	8	Cmcm (63)	NOTCONV_MAY	2.0937	4.7348	N	I		2.3353	0.0035	True	4.6900	5.3300	kt1	989a18637 (tf32, t_tetrakbt -300)		86	4.7325	-0.0000	0.0002	0.0010	0.0126	PASS	b2	False	fb2da026b	R=4.7349
mp-567558	Cs2Ag2Cl4	8	P4/nmm (129)	GOOD	2.0170	4.6509	E	I		2.2010	0.0000	True	4.6600	5.3000	kt1	0601771b4 (tf32, t_tetrakbt -300) with ES, ES rule es-c		88	4.6508	0.0001	-0.0000	0.0001	0.0016	PASS	b2	True	6dc7758fc	M=4.6630;N=4.6724
mp-14069	Cs2Al2O4	8	Fd-3m (227)	GOOD	4.3236	7.1840	N	I	differs	4.2774	0.0000	True	7.2900	7.9000	kt1	989a18637 (tf32, t_tetrakbt -300)		74	7.1839	-0.0000	-0.0001	0.0024	0.0335	PASS	b2	False	614ab5eb8	M=7.0600
mp-29506	Cs2Bi2O4	8	C2/c (15)	GOOD	2.2821	4.0628	N	D	differs	2.3187	0.0000	True	4.2400	4.5000	kt1	989a18637 (tf32, t_tetrakbt -300)		74	4.1096	0.0001	0.0022	0.0020	0.0196	PASS	b2	False	fb2da026b	M=4.1260
mp-552131	Cs2Cl2O4	8	Cmcm (63)	GOOD	2.1224	5.9152	N	I	CHECK	2.3727	0.3536	True	6.2100	6.7400	kt1	989a18637 (tf32, t_tetrakbt -300)		102	5.9152	-0.0000	0.0000	0.0022	0.0425	PASS	b2d	False	7d5dfe714	M=5.5590
mp-553310	Cs2Cu2O4	8	Cmcm (63)	GOOD	0.8655	3.4656	N	I	CHECK	0.9672	0.0000	True	3.6100	4.0000	kt1	989a18637 (tf32, t_tetrakbt -300)		66	3.4652	0.0002	0.0002	0.0004	0.0045	PASS	b2	False	fb2da026b	M=3.1550
mp-5038	Cs2Ga2S4	8	C2/c (15)	GOOD	2.8812	4.9637	E	I	differs	3.0626	0.0000	True	5.1100	5.5300	kt1	0601771b4 (tf32, t_tetrakbt -300) with ES, ES rule es-c		106	4.9616	0.0001	-0.0000	0.0026	0.0171	PASS	b2	True	6dc7758fc	M=4.9770;N=5.0196
mp-24668	Cs2H2F4	8	I4/mcm (140)	NOTCONV_MAY	6.2821	10.6600	N	D		6.5123	0.0000	True	10.8900	11.7000	kt1	989a18637 (tf32, t_tetrakbt -300)		66	10.6614	0.0001	0.0015	0.0049	0.0632	PASS	b2	False	fb2da026b	R=10.6602
mp-23057	Cs2Li2Br4	8	P4/nmm (129)	GOOD	4.0033	6.7032	E	I	CHECK	4.1375	0.0071	True	6.9500	7.4700	kt1	0601771b4 (tf32, t_tetrakbt -300) with ES, ES rule es-c		86	6.7030	-0.0001	-0.0001	0.0019	0.0240	PASS	b2	True	27d52b5af	M=7.0230;N=6.7736
mp-23364	Cs2Li2Cl4	8	P4/nmm (129)	DRIFT_GOOD	4.8795	7.8971	E	I	differs	5.0329	0.0092	True	8.1600	8.7300	kt1	0601771b4 (tf32, t_tetrakbt -300) with ES, ES rule es-c		86	7.8970	0.0000	-0.0001	0.0009	0.0097	PASS	b2	True	f09035a49	M=7.8380;N=7.9575
mp-510557	Cs2N6	8	I4/mcm (140)	FAILED_MAY	4.0796	6.6487	N	I		4.2395	0.0000	True	6.8400	7.2000	kt1	989a18637 (tf32, t_tetrakbt -300)		92	6.6511	0.0000	0.0025	0.0050	0.0751	PASS	b2d	False	fb2da026b	R=6.6484
mp-8978	Cs2Nb2N4	8	Fd-3m (227)	GOOD	1.4143	2.5416	N	I		1.5196	0.0078	True	2.6000	2.8400	kt1	989a18637 (tf32, t_tetrakbt -300)		66	2.5414	0.0000	-0.0000	0.0010	0.0044	PASS	b2	False	fb2da026b	M=2.4980
mp-510273	Cs2Sb2O4	8	C2/c (15)	NOTCONV_MAY	2.3466	4.3122	N	I		2.3758	0.0000	True	4.5500	4.8700	kt1	989a18637 (tf32, t_tetrakbt -300)		90	4.4368	0.0001	0.0027	0.0024	0.0168	PASS	b2all	False	fb2da026b	R=4.3120
mp-1079694	Cs4I4	8	Pnma (62)	GOOD	2.8390	5.4090	M	D	N:TIMEOUT	3.1232	0.1131	True	5.5600	6.0600		2026-04/05 (~/bin2, all-TF32 --mp)	N timed out (2 h) at iteration 3 with 5.43 eV, agreeing with M 5.41; bands from that iteration (the May band plot was of the April iteration 5, 3.30 eV)	116	5.4299	0.0000	0.0004	0.0033	0.0192	PASS	b2all	False	27d52b5af	
mp-8361	Cs4Te4	8	Pbam (55)	FAILED_MAY	0.9305	2.5285	R	I	N:TIMEOUT	1.0019	0.0000	True	2.4700	2.8800	kt1	989a18637 (fp32, t_tetrakbt +300)		116	2.5322	0.0001	0.0038	0.0107	0.0861	PASS	b2all	False	27d52b5af	N=2.5247
mp-9820	CsAsF6	8	R-3 (148)	GOOD	5.5441	10.8747	N	D	CHECK	5.1559	0.0000	True	11.3800	12.1600	kt1	989a18637 (tf32, t_tetrakbt -300)		50	10.8757	0.0001	0.0010	0.0008	0.0047	PASS	b2	False	fb2da026b	M=10.6610
mp-27422	CsBiF6	8	R-3 (148)	NOTCONV_MAY	2.9127	7.0775	N	I		2.7486	0.0000	True	7.4700	8.1100	kt1	989a18637 (tf32, t_tetrakbt -300)		51	7.0878	-0.0000	0.0101	0.0011	0.0101	PASS	b1	False	fb2da026b	R=7.0774
mp-541226	CsBrF6	8	R-3 (148)	NOTCONV_MAY	4.0401	7.1991	N	D		3.9858	0.0000	True	7.9700	7.8200	kt1	989a18637 (tf32, t_tetrakbt -300)		46	7.2004	0.0004	0.0036	0.0020	0.0158	PASS	b1	False	fb2da026b	R=7.1928
mp-1079080	CsCd4As3	8	P4/mmm (123)	GOOD	0.0686	0.7996	E	D		0.2198	0.0000	True	0.7500	0.9700	kt1	0601771b4 (tf32, t_tetrakbt -300) with ES, ES rule es-c		95	0.7996	0.0001	0.0000	0.0014	0.0084	PASS	b2	True	d2878d537	M=0.7980;N=0.7996
mp-11980	CsNbF6	8	R-3 (148)	NOTCONV_MAY	5.0718	9.2271	N	I		5.2004	0.0000	True	9.6500	10.2000	kt1	989a18637 (tf32, t_tetrakbt -300)		46	9.2305	0.0002	0.0003	0.0007	0.0064	PASS	b1	False	fb2da026b	R=9.2270
mp-9636	CsSbF6	8	R-3 (148)	SUSPECT_GOOD	5.2279	10.1987	N	I	CHECK	5.0381	0.0000	True	10.6500	11.3800	kt1	989a18637 (tf32, t_tetrakbt -300)		50	10.1994	0.0000	0.0007	0.0006	0.0037	PASS	b2	False	fb2da026b	M=9.5220;R=10.1988
mp-1101093	CsZn4P3	8	P4/mmm (123)	GOOD	0.2897	1.1090	N	D		0.1202	0.0000	True	0.8200	1.3600	kt1	989a18637 (tf32, t_tetrakbt -300)		75	1.1090	0.0000	0.0001	0.0075	0.0756	PASS	b1	False	a1d6c0e11	M=1.1030
mp-12954	Cu2B2S4	8	I-42d (122)	GOOD	1.6595	2.6637	N	D		1.7425	0.0000	True	2.7200	2.9000	kt1	989a18637 (tf32, t_tetrakbt -300)		62	2.6640	0.0000	0.0003	0.0014	0.0161	PASS	b1	False	a1d6c0e11	M=2.6820
mp-983565	Cu2B2Se4	8	I-42d (122)	GOOD	1.4087	2.2861	N	D		1.4870	0.0054	True	2.3400	2.4900	kt1	989a18637 (tf32, t_tetrakbt -300)		62	2.2901	0.0001	0.0042	0.0048	0.0474	PASS	b1	False	fb2da026b	M=2.2710
mp-23116	Cu2Bi2Se2O2	8	P4/nmm (129)	GOOD	0.1702	0.8478	N	I		0.3006	0.0913	True	0.8200	0.9400	kt1	989a18637 (tf32, t_tetrakbt -300)		62	0.8248	-0.0001	0.0001	0.0005	0.0038	PASS	b1	False	fb2da026b	M=0.8520
mp-562090	Cu2C2Cl2O2	8	Pmn2_1 (31)	GOOD	2.3116	5.5082	N	I	differs	2.3871	0.2735	True	5.7200	6.2000	kt1	989a18637 (tf32, t_tetrakbt -300)		76	5.4699	-0.0000	-0.0030	0.0009	0.0129	PASS	b2all	False	fb2da026b	M=5.4450
mp-559044	Cu2C2S2N2	8	P6_3mc (186)	GOOD	2.0343	3.4143	E	D	differs	2.0768	0.1628	True	3.5200	3.8900	kt1	0601771b4 (tf32, t_tetrakbt -300) with ES, ES rule es-c		78	3.4142	0.0000	-0.0001	0.0013	0.0674	PASS	b2all	True	6dc7758fc	M=3.5560;N=3.5573
mp-1078469	Cu2P2N4	8	I-42d (122)	GOOD	1.8966	3.1153	N	I		1.8223	0.0117	True	3.0600	3.3400	kt1	989a18637 (tf32, t_tetrakbt -300)		52	3.0938	0.0004	0.0021	0.0009	0.0232	PASS	b1	False	fb2da026b	M=3.1470
mp-557510	Cu3TeS3Cl	8	R3m (160)	GOOD	0.7320	1.6716	N	I		0.7673	0.0479	True	1.6200	1.8500	kt1	989a18637 (tf32, t_tetrakbt -300)		72	1.6702	-0.0000	0.0049	0.0033	0.0652	PASS	b1	False	fb2da026b	M=1.6490
mp-871	Fe4Si4	8	P2_13 (198)	GOOD	0.1243	0.2813	N	I		0.1802	0.0000	True	0.2800	0.3200	kt1	989a18637 (tf32, t_tetrakbt -300)		72	0.2831	-0.0001	0.0001	0.0005	0.0029	PASS	b1	False	fb2da026b	M=0.2820
mp-5342	Ga2Ag2S4	8	I-42d (122)	GOOD	0.8824	2.3332	N	D		0.9622	0.0000	True	2.3100	2.6700	kt1	989a18637 (tf32, t_tetrakbt -300)		82	2.3377	0.0001	0.0047	0.0013	0.0124	PASS	b1	False	fb2da026b	M=2.3710
mp-556916	Ga2Ag2S4	8	Cc (9)	GOOD	0.7976	2.2378	N	D		1.0205	0.0026	True	2.2000	2.5700	kt1	989a18637 (tf32, t_tetrakbt -300)		82	2.2444	0.0001	0.0067	0.0016	0.0130	PASS	b1	False	fb2da026b	M=2.2380
mp-5518	Ga2Ag2Se4	8	I-42d (122)	DRIFT_GOOD	0.1621	1.5009	N	D	differs	0.2492	0.0000	True	1.3600	1.8300	kt1	989a18637 (tf32, t_tetrakbt -300)		82	1.5108	0.0001	0.0100	0.0019	0.0199	PASS	b1	False	fb2da026b	M=1.5540
mp-4899	Ga2Ag2Te4	8	I-42d (122)	GOOD	0.1347	1.2224	N	D		0.1926	0.0000	True	1.1700	1.4800	kt1	989a18637 (tf32, t_tetrakbt -300)		82	1.2486	0.0003	0.0265	0.0084	0.0976	PASS	b1	False	fb2da026b	M=1.2380
mp-30952	Ga2Cl6	8	C2/m (12)	NOTCONV_MAY	3.8808	7.2399	E	D	differs	4.1775	0.0000	True	7.5900	8.1900	kt1	0601771b4 (tf32, t_tetrakbt -300) with ES, ES rule es-c		88	7.2473	-0.0001	0.0085	0.0044	0.0435	PASS	b1	True	f09035a49	N=7.3528;R=7.3530
mp-571266	Ga2Cl6	8	P-1 (2)	FAILED_MAY	3.9193	7.4882	E	I	differs N:TIMEOUT	4.2073	0.0015	True	8.0000	8.6000	kt1	0601771b4 (tf32, t_tetrakbt -300) with ES, ES rule es-c		93	7.4992	0.0002	0.0053	0.0024	0.0135	PASS	b1	True	00792e927	N=7.6819;R=7.6812
mp-5238	Ga2Cu2S4	8	I-42d (122)	GOOD	0.7841	1.9549	N	D		0.7026	0.0000	True	1.9000	2.1900	kt1	989a18637 (tf32, t_tetrakbt -300)		82	1.9724	0.0001	0.0176	0.0024	0.0197	PASS	b1	False	fb2da026b	M=1.9320
mp-4840	Ga2Cu2Se4	8	I-42d (122)	GOOD	0.0761	1.2173	N	D		0.0398	0.0000	True	1.0500	1.4700	kt1	989a18637 (tf32, t_tetrakbt -300)		82	1.2392	0.0001	0.0220	0.0032	0.0231	PASS	b1	False	fb2da026b	M=1.2310
mp-3839	Ga2Cu2Te4	8	I-42d (122)	GOOD	0.2232	1.2350	N	D		0.2058	0.0000	True	1.2300	1.4800	kt1	989a18637 (tf32, t_tetrakbt -300)		90	1.2393	-0.0000	0.0043	0.0016	0.0164	PASS	b2	False	fb2da026b	M=1.2190
mp-588	Ga2F6	8	R-3c (167)	NOTCONV_MAY	4.9815	9.7747	N	I		4.7140	0.0000	True	10.0000	10.9100	kt1	989a18637 (tf32, t_tetrakbt -300)		52	9.8100	0.0000	0.0354	0.0067	0.0622	PASS	b1	False	fb2da026b	R=9.7742
mp-23803	Ga2H2O4	8	Pmn2_1 (31)	DRIFT_GOOD	3.3351	5.8409	N	D		3.0016	0.0144	True	5.9300	6.3900	kt1	989a18637 (tf32, t_tetrakbt -300)		52	5.8422	-0.0000	0.0011	0.0007	0.0050	PASS	b1	False	fb2da026b	M=5.8490
mp-2507	Ga4S4	8	P6_3/mmc (194)	GOOD	1.5829	3.0728	N	I		2.0036	0.0000	True	3.0300	3.2200	kt1	989a18637 (tf32, t_tetrakbt -300)		108	3.0730	-0.0000	0.0002	0.0036	0.0215	PASS	b2	False	fb2da026b	M=3.0850
mp-556742	Ga4S4	8	P6_3/mmc (194)	GOOD	1.5819	3.1546	N	I		2.0183	0.0009	True	3.1200	3.3100	kt1	989a18637 (tf32, t_tetrakbt -300)		108	3.1552	0.0001	0.0006	0.0034	0.0216	PASS	b2	False	fb2da026b	M=3.1810
mp-1572	Ga4Se4	8	P-6m2 (187)	GOOD	0.8051	2.3167	E	D		1.2456	0.0003	True	2.2700	2.6100	kt1	0601771b4 (tf32, t_tetrakbt -300) with ES, ES rule es-c		108	2.3237	0.0000	0.0070	0.0037	0.0219	PASS	b2	True	d2878d537	M=2.3100;N=2.3166
mp-1943	Ga4Se4	8	P6_3/mmc (194)	GOOD	0.8149	2.3395	N	D		1.2387	0.0000	True	2.3000	2.6300	kt1	989a18637 (tf32, t_tetrakbt -300)		108	2.3466	-0.0000	0.0071	0.0042	0.0278	PASS	b2	False	fb2da026b	M=2.2940
mp-10009	Ga4Te4	8	P6_3/mmc (194)	GOOD	0.3728	1.4396	E	I	differs	0.7853	0.0044	True			kt1	0601771b4 (tf32, t_tetrakbt -300) with ES, ES rule es-c		94	1.4391	0.0006	0.0000	0.0126	0.0949	PASS	b1	True	f09035a49	M=1.3880;N=1.3914
mp-1025397	Ge4Ru4	8	P2_13 (198)	GOOD	0.1412	0.2639	N	I		0.1291	0.0066	True	0.2700	0.2900	kt1	989a18637 (tf32, t_tetrakbt -300)		72	0.2665	-0.0000	0.0005	0.0004	0.0030	PASS	b1	False	fb2da026b	M=0.2650
mp-2242	Ge4S4	8	Pnma (62)	GOOD	1.0096	1.6977	N	I		1.2368	0.0000	True	1.7700	1.8500	kt1	989a18637 (tf32, t_tetrakbt -300)		72	1.7053	0.0001	0.0011	0.0011	0.0067	PASS	b1	False	fb2da026b	M=1.7000
mp-700	Ge4Se4	8	Pnma (62)	GOOD	0.7945	1.3936	N	D		0.9017	0.0000	True	1.4600	1.5200	kt1	989a18637 (tf32, t_tetrakbt -300)		72	1.3950	0.0000	0.0012	0.0014	0.0118	PASS	b1	False	fb2da026b	M=1.3950
mp-1080459	Ge4Te4	8	Pnma (62)	GOOD	0.3901	0.7251	N	I		0.1550	0.0280	True	0.8000	0.8200	kt1	989a18637 (tf32, t_tetrakbt -300)		72	0.7272	0.0002	0.0023	0.0023	0.0226	PASS	b1	False	fb2da026b	M=0.7280
mp-643364	H2Pb2Cl2O2	8	C2/m (12)	GOOD	2.7851	4.4797	N	D	differs	2.8977	0.1343	True	4.5400	4.8500	kt1	989a18637 (tf32, t_tetrakbt -300)		78	4.5224	0.0000	-0.0000	0.0009	0.0051	PASS	b2	False	fb2da026b	M=4.3650
mp-730101	H8	8	P2_12_12_1 (19)	FAILED_MAY	9.7113	15.5249	E	D	CHECK	9.7207	0.0000	True				0601771b4 (tf32, t_tetrakbt -300) with ES, ES rule es-c		80	15.5323	0.0001	0.0077	0.0351	0.1539	FAIR	b2	True	d90296348	R=15.2306
mp-9922	Hf2S6	8	P2_1/m (11)	FAILED_MAY	0.8751	2.2957	N	I		1.1185	0.0000	True	2.3800	2.6300	kt1	989a18637 (tf32, t_tetrakbt -300)		86	2.2961	-0.0000	0.0004	0.0010	0.0155	PASS	b1	False	fb2da026b	R=2.2956
mp-15622	Hf2Se6	8	P2_1/m (11)	GOOD	0.2912	1.3686	N	I		0.3217	0.0041	True	1.3600	1.5500	kt1	989a18637 (tf32, t_tetrakbt -300)		86	1.3700	0.0001	0.0015	0.0012	0.0217	PASS	b1	False	96ec5c1ee	M=1.3770
mp-1224	Hg4O4	8	Pnma (62)	GOOD	1.1037	2.4623	N	I		1.2057	0.0000	True	2.5000	2.7600	kt1	989a18637 (tf32, t_tetrakbt -300)		52	2.4455	-0.0017	0.0026	0.0014	0.0322	PASS	b1	False	a1d6c0e11	M=2.4870
mp-1546049	I2Cl6	8	P-1 (2)	GOOD	1.4754	3.8755	E	I		1.9894	0.0000	True	4.1300	4.4700	kt1	0601771b4 (tf32, t_tetrakbt -300) with ES, ES rule es-c		80	3.9017	0.0000	-0.0000	0.0002	0.0010	PASS	b1	True	d2878d537	M=3.8310;N=3.9042
mp-27729	I2Cl6	8	P-1 (2)	GOOD	1.6213	4.3027	E	I	differs	1.7960	0.0000	True	4.6500	4.9800	kt1	0601771b4 (tf32, t_tetrakbt -300) with ES, ES rule es-c		84	4.3134	0.0000	0.0002	0.0002	0.0016	PASS	b1	True	f09035a49	M=4.3480;N=4.3700
mp-19833	In2Ag2S4	8	I-42d (122)	GOOD	0.2289	1.5247	N	D	differs	0.3773	0.0000	True	1.3400	1.8100	kt1	989a18637 (tf32, t_tetrakbt -300)		82	1.5310	0.0001	0.0065	0.0015	0.0137	PASS	b1	False	fb2da026b	M=1.5870
mp-22386	In2Ag2Te4	8	I-42d (122)	GOOD	0.0423	0.9775	N	D		0.0650	0.0000	True	0.8500	1.2200	kt1	989a18637 (tf32, t_tetrakbt -300)		82	1.0113	0.0002	0.0340	0.0078	0.0841	PASS	b1	False	fb2da026b	M=0.9640
mp-570219	In2Br6	8	C2/m (12)	FAILED_MAY	2.3343	4.6129	N	I		2.4945	0.0000	True	4.7600	5.1800	kt1	989a18637 (tf32, t_tetrakbt -300)		82	4.6823	-0.0001	0.0574	0.0067	0.0574	PASS	b1	False	fb2da026b	R=4.6128
mp-6949	In2F6	8	R-3c (167)	NOTCONV_MAY	4.0279	8.1390	N	D		4.0113	0.0000	True	8.1500	9.0100	kt1	989a18637 (tf32, t_tetrakbt -300)		52	8.1585	0.0000	0.0195	0.0050	0.0491	PASS	b1	False	fb2da026b	R=8.1379
mp-504535	In2H2O4	8	Pmn2_1 (31)	GOOD	1.8792	3.8673	N	D		1.7764	0.0028	True	3.8200	4.2200	kt1	989a18637 (tf32, t_tetrakbt -300)		52	3.8677	-0.0001	0.0003	0.0005	0.0026	PASS	b1	False	fb2da026b	M=3.8880
mp-632711	In2H2O4	8	Pnnm (58)	GOOD	1.9397	3.9738	N	D	differs	1.8336	0.0132	True	3.9300	4.3200	kt1	989a18637 (tf32, t_tetrakbt -300)		52	3.9740	0.0000	0.0002	0.0005	0.0031	PASS	b1	False	fb2da026b	M=4.0640
mp-19795	In4S4	8	Pnnm (58)	GOOD	1.2680	2.1953	N	I		1.3548	0.0000	True	2.2600	2.4300	kt1	989a18637 (tf32, t_tetrakbt -300)		92	2.2098	0.0001	0.0028	0.0030	0.0398	PASS	b1	False	fb2da026b	M=2.1970
mp-630528	In4S4	8	P2_1/c (14)	GOOD	0.2136	0.8626	N	I		0.3413	0.0278	True	0.9200	1.0600	kt1	989a18637 (tf32, t_tetrakbt -300)		92	0.8663	0.0001	0.0001	0.0008	0.0106	PASS	b1	False	fb2da026b	M=0.8650
mp-1079260	In4Se4	8	P-6m2 (187)	GOOD	0.5042	1.8262	E	D		0.6561	0.0018	True	1.7100	2.0400	kt1	0601771b4 (tf32, t_tetrakbt -300) with ES, ES rule es-c		94	1.8256	0.0009	0.0003	0.0099	0.0748	PASS	b1	True	d2878d537	M=1.8060;N=1.8005
mp-20485	In4Se4	8	P6_3/mmc (194)	GOOD	0.3049	1.4922	E	D		0.4590	0.0000	True	1.3800	1.7100	kt1	0601771b4 (tf32, t_tetrakbt -300) with ES, ES rule es-c		94	1.4915	0.0008	0.0001	0.0105	0.0752	PASS	b1	True	d2878d537	M=1.4460;N=1.4642
mp-22604	InAsF6	8	R-3 (148)	FAILED_MAY	3.3480	6.9504	N	I		3.3819	0.2500	True	7.2800	7.7100	kt1	989a18637 (tf32, t_tetrakbt -300)		47	6.9526	-0.0001	0.0049	0.0018	0.0141	PASS	b1	False	fb2da026b	R=6.9504
mp-559521	InBi2S4Cl	8	C2/m (12)	GOOD	1.4114	2.2545	N	I		1.5740	0.0000	True	2.5900	2.7200	kt1	989a18637 (tf32, t_tetrakbt -300)		77	2.5109	-0.0000	0.0006	0.0005	0.0038	PASS	b1	False	fb2da026b	M=2.2740
mp-27397	Ir2Br6	8	C2/m (12)	GOOD	1.2650	3.0810	N	I		1.5501	0.0000	True	3.0300	3.5100	kt1	989a18637 (tf32, t_tetrakbt -300)		72	3.1054	-0.0000	0.0080	0.0021	0.0171	PASS	b1	False	fb2da026b	M=3.0610
mp-27666	Ir2Cl6	8	C2/m (12)	GOOD	1.6235	3.8315	N	I	differs	1.8970	0.0008	True	3.7300	4.2900	kt1	989a18637 (tf32, t_tetrakbt -300)		72	3.8427	-0.0000	0.0066	0.0016	0.0141	PASS	b1	False	fb2da026b	M=3.9620
mp-2437	Ir2F6	8	R-3c (167)	NOTCONV_MAY	0.9989	4.3722	N	I		1.1411	0.0000	True	3.2700	4.6000	kt1	989a18637 (tf32, t_tetrakbt -300)		66	4.3721	-0.0000	0.0008	0.0007	0.0039	PASS	b2all	False	fb2da026b	R=4.3715
mp-1084785	K2Al2O4	8	Fd-3m (227)	GOOD	2.6934	5.7833	N	D	differs	2.9467	0.0659	True	5.7900	6.5400	kt1	989a18637 (tf32, t_tetrakbt -300)		58	5.7845	-0.0000	0.0012	0.0052	0.0713	PASS	b1	False	fb2da026b	M=5.6340
mp-10165	K2Al2Te4	8	I4/mcm (140)	GOOD	1.6350	2.9272	N	I		1.7064	0.0047	True	3.0400	3.2300	kt1	989a18637 (tf32, t_tetrakbt -300)		94	2.9247	0.0000	-0.0001	0.0020	0.0206	PASS	b2	False	fb2da026b	M=2.9150
mp-9486	K2AlF5	8	P4/mmm (123)	GOOD	6.4197	11.1210	E	I	differs	6.3263	0.0000	True	11.4600	12.3800	kt1	0601771b4 (tf32, t_tetrakbt -300) with ES, ES rule es-c		66	11.1208	-0.0000	-0.0001	0.0007	0.0128	PASS	b2	True	0e7afd246	M=11.0870;N=11.1925
mp-30988	K2Bi2O4	8	C2/c (15)	GOOD	1.7004	3.2748	N	D	differs	1.8514	0.0000	True	3.3400	3.5700	kt1	989a18637 (tf32, t_tetrakbt -300)		58	3.2780	0.0004	0.0037	0.0053	0.0552	PASS	b1	False	fb2da026b	M=3.2100
mp-1079645	K2CdSnSe4	8	I-42m (121)	GOOD	1.4388	2.9526	N	I		1.6721	0.0000	True	2.9900	3.3100	kt1	989a18637 (tf32, t_tetrakbt -300)		78	3.0065	-0.0000	0.0579	0.0114	0.0884	PASS	b1	False	fb2da026b	M=2.9060
mp-31368	K2Cl2O4	8	Cmcm (63)	GOOD	2.0975	6.1333	N	I	differs	2.3478	0.3385	True	6.4600	7.0200	kt1	989a18637 (tf32, t_tetrakbt -300)		66	6.1305	0.0001	0.0036	0.0033	0.0448	PASS	b2	False	fb2da026b	M=5.9560
mp-5256	K2Cu2C4	8	P4_2/mmc (131)	GOOD	1.9442	4.0285	N	D		1.9301	0.2960	True	3.7900	4.2900	kt1	989a18637 (tf32, t_tetrakbt -300)		82	4.0286	-0.0001	0.0001	0.0027	0.0290	PASS	b2	False	fb2da026b	M=3.9990
mp-3982	K2Cu2O4	8	Cmcm (63)	NOTCONV_MAY	0.7302	3.4836	N	I		0.8706	0.0000	True	3.6500	4.0600	kt1	989a18637 (tf32, t_tetrakbt -300)		58	3.4871	0.0001	0.0036	0.0029	0.0162	PASS	b1	False	fb2da026b	R=3.4838
mp-23846	K2H2F4	8	I4/mcm (140)	GOOD	6.8893	11.7810	N	D		6.9658	0.0000	True	12.0900	12.9700	kt1	989a18637 (tf32, t_tetrakbt -300)		64	11.7737	0.0071	-0.0001	0.0066	0.0453	PASS	b2	False	fb2da026b	M=11.7480
mp-24428	K2H4N2	8	P2_1/m (11)	NOTCONV_MAY	1.9349	5.0242	N	D		2.0676	0.0000	True	4.9100	5.7300	kt1	989a18637 (tf32, t_tetrakbt -300)		72	5.0240	-0.0000	-0.0000	0.0030	0.0234	PASS	b2	False	fb2da026b	R=5.0245
mp-19851	K2In2Te4	8	I4/mcm (140)	GOOD	0.8917	2.0290	N	I		0.9892	0.0000	True	2.1200	2.3000	kt1	989a18637 (tf32, t_tetrakbt -300)		104	2.0271	0.0000	-0.0000	0.0005	0.0041	PASS	b2	False	fb2da026b	M=2.0330
mp-28994	K2Li4As2	8	Pmmn (59)	GOOD	0.6437	1.8242	N	D		0.6878	0.0000	True	1.8200	2.1000	kt1	989a18637 (tf32, t_tetrakbt -300)		82	1.8240	-0.0000	0.0000	0.0012	0.0070	PASS	b2	False	fb2da026b	M=1.8130
mp-827	K2N6	8	I4/mcm (140)	GOOD	4.0316	7.2412	N	D	differs	4.1465	0.0000	True	7.6500	8.0000	kt1	989a18637 (tf32, t_tetrakbt -300)		90	7.2405	0.0001	-0.0001	0.0047	0.0535	PASS	b2d	False	7d5dfe714	M=7.3150
mp-7938	K2Nb2S4	8	P6_3/mmc (194)	GOOD	0.7138	1.5395	N	I		0.8124	0.0086	True	1.4000	1.5200	kt1	989a18637 (tf32, t_tetrakbt -300)		72	1.5429	0.0000	0.0002	0.0014	0.0155	PASS	b1	False	fb2da026b	M=1.5170
mp-10417	K2Sb2O4	8	C2/c (15)	GOOD	1.8796	3.7777	N	D	differs	2.0110	0.0000	True	3.8700	4.1900	kt1	989a18637 (tf32, t_tetrakbt -300)		58	3.8156	0.0047	0.0468	0.0140	0.0908	PASS	b1	False	a1d6c0e11	M=3.6200
mp-11703	K2Sb2S4	8	C2/c (15)	GOOD	1.4427	2.7673	N	D		1.6242	0.0000	True	2.8800	3.0600	kt1	989a18637 (tf32, t_tetrakbt -300)		86	2.8043	0.0001	0.0033	0.0044	0.0315	PASS	b2	False	a1d6c0e11	M=2.8020
mp-568968	K2SnHgSe4	8	I-42m (121)	GOOD	1.2680	2.5991	N	I		1.4785	0.0000	True	2.6500	2.9100	kt1	989a18637 (tf32, t_tetrakbt -300)		78	2.6381	0.0000	0.0449	0.0057	0.0496	PASS	b1	False	fb2da026b	M=2.6160
mp-14206	K3Ag3As2	8	R-3m (166)	GOOD	1.1071	1.9771	N	D		1.2533	0.0000	True	2.0000	2.2000	kt1	989a18637 (tf32, t_tetrakbt -300)		81	1.9783	0.0002	0.0014	0.0071	0.0514	PASS	b1	False	96ec5c1ee	M=1.9350
mp-14205	K3Cu3As2	8	R-3m (166)	GOOD	1.2793	2.0975	N	I		1.2741	0.0000	True	2.1100	2.2800	kt1	989a18637 (tf32, t_tetrakbt -300)		81	2.1034	0.0001	0.0060	0.0052	0.0485	PASS	b1	False	96ec5c1ee	M=2.1310
mp-7439	K3Cu3P2	8	R-3m (166)	GOOD	1.2752	2.1308	N	I	differs	1.2873	0.0000	True	2.1500	2.3300	kt1	989a18637 (tf32, t_tetrakbt -300)		81	2.1357	0.0000	0.0049	0.0044	0.0449	PASS	b1	False	fb2da026b	M=1.9860
mp-9273	K3Sb2Au3	8	R-3m (166)	FAILED_MAY	0.9858	1.6241	N	I		1.1046	0.0000	True	1.6400	1.7700	kt1	989a18637 (tf32, t_tetrakbt -300)		81	1.6296	0.0017	0.0074	0.0141	0.0992	PASS	b1	False	fb2da026b	R=1.6243
mp-9911	K3SbS4	8	I-43m (217)	GOOD	1.9964	4.1716	N	I		2.1493	0.0080	True	4.2400	4.6700	kt1	989a18637 (tf32, t_tetrakbt -300)		93	4.1716	0.0000	0.0002	0.0006	0.0112	PASS	b2	False	fb2da026b	M=4.1710
mp-19052	K3VO4	8	I-42m (121)	NOTCONV_MAY	3.5126	6.1754	N	I		3.6294	0.0215	True	6.1600	6.7800	kt1	989a18637 (tf32, t_tetrakbt -300)		73	6.1737	-0.0030	0.0000	0.0006	0.0043	PASS	b2	False	fb2da026b	R=6.1754
mp-7642	K4Ag2As2	8	Cmcm (63)	GOOD	1.0201	2.0491	N	I		1.0719	0.0000	True	2.0400	2.3000	kt1	989a18637 (tf32, t_tetrakbt -300)		100	2.0490	0.0000	-0.0000	0.0005	0.0052	PASS	b2	False	fb2da026b	M=2.0830
mp-9778	K4Ag2P2	8	Cmcm (63)	FAILED_MAY	1.1004	2.1877	N	I		1.2320	0.0000	True	2.2000	2.4400	kt1	989a18637 (tf32, t_tetrakbt -300)		100	2.1877	0.0000	-0.0000	0.0005	0.0052	PASS	b2	False	fb2da026b	R=2.1876
mp-1084770	K4Bi2Au2	8	Cmcm (63)	GOOD	0.8422	1.6846	N	I		0.8705	0.0000	True	1.6700	1.8800	kt1	989a18637 (tf32, t_tetrakbt -300)		108	1.6845	0.0001	0.0000	0.0021	0.0397	PASS	b2	False	a1d6c0e11	M=1.7050
mp-1079679	K4Cd2Sn2	8	Ama2 (40)	GOOD	0.0033	0.4448	N	I		0.0595	0.0000	True	0.4000	0.5400	kt1	989a18637 (tf32, t_tetrakbt -300)		104	0.4448	0.0000	0.0001	0.0012	0.0113	PASS	b2	False	a1d6c0e11	M=0.4560
mp-15684	K4Cu2As2	8	Cmcm (63)	GOOD	0.9579	2.0594	N	I		1.0699	0.0000	True	2.0500	2.3200	kt1	989a18637 (tf32, t_tetrakbt -300)		100	2.0594	0.0000	0.0000	0.0007	0.0067	PASS	b2	False	fb2da026b	M=2.0640
mp-8446	K4Cu2P2	8	Cmcm (63)	FAILED_MAY	1.0734	2.1604	N	I		1.1450	0.0000	True	2.1600	2.4000	kt1	989a18637 (tf32, t_tetrakbt -300)		100	2.1604	0.0000	0.0001	0.0006	0.0056	PASS	b2	False	fb2da026b	R=2.1602
mp-10381	K4Cu2Sb2	8	Cmcm (63)	GOOD	1.0672	2.0417	N	I		1.1104	0.0148	True	2.0300	2.2400	kt1	989a18637 (tf32, t_tetrakbt -300)		100	2.0419	0.0001	0.0004	0.0034	0.0642	PASS	b2	False	a1d6c0e11	M=2.0390
mp-2672	K4O4	8	Cmce (64)	GOOD	2.3181	5.5005	N	I	differs	2.3575	0.0000	True	5.3500	6.1800	kt1	989a18637 (tf32, t_tetrakbt -300)		80	5.5006	-0.0001	0.0001	0.0009	0.0104	PASS	b2	False	fb2da026b	M=5.4360
mp-9687	K4P2Au2	8	Cmcm (63)	FAILED_MAY	0.8069	1.8127	N	I		0.9515	0.0000	True	1.8200	2.0400	kt1	989a18637 (tf32, t_tetrakbt -300)		84	1.8131	0.0001	0.0006	0.0076	0.0454	PASS	b1	False	fb2da026b	R=1.8127
mp-863757	K4Sb2Au2	8	Cmcm (63)	FAILED_MAY	0.8718	1.7791	N	I		1.0032	0.0000	True	1.7800	1.9700	kt1	989a18637 (tf32, t_tetrakbt -300)		100	1.7791	0.0001	0.0001	0.0024	0.0421	PASS	b2	False	fb2da026b	R=1.7791
mp-2072	K4Te4	8	P6_3/mmc (194)	GOOD	0.5477	2.2898	E	D		0.6709	0.0000	True	2.1500	2.6600	kt1	0601771b4 (tf32, t_tetrakbt -300) with ES, ES rule es-c		86	2.3606	-0.0000	0.0709	0.0146	0.0709	PASS	b1	True	d2878d537	M=2.2810;N=2.2953
mp-27999	K5CuSb2	8	R-3m (166)	SUSPECT_GOOD	0.6354	1.6462	N	I	CHECK	0.7465	0.0009	True	1.6300	1.9000	kt1	989a18637 (tf32, t_tetrakbt -300)		107	1.6460	0.0001	-0.0000	0.0017	0.0162	PASS	b2	False	fb2da026b	M=1.8990;R=1.6462
mp-14018	K6As2	8	P6_3/mmc (194)	GOOD	0.0416	0.9952	N	D		0.1118	0.0000	True	0.7200	1.1600	kt1	989a18637 (tf32, t_tetrakbt -300)		114	0.9944	0.0001	0.0001	0.0009	0.0052	PASS	b2	False	96ec5c1ee	M=0.9970
mp-569940	K6Bi2	8	P6_3/mmc (194)	GOOD	0.0005	0.7953	N	D		0.0369	0.0004	True	0.5800	0.9600	kt1	989a18637 (tf32, t_tetrakbt -300)		122	0.7957	0.0000	0.0006	0.0022	0.0144	PASS	b2	False	fb2da026b	M=0.7840
mp-7897	K6P2	8	P6_3/mmc (194)	GOOD	0.1485	1.1328	N	I		0.2117	0.0000	True	0.8600	1.2600	kt1	989a18637 (tf32, t_tetrakbt -300)		114	1.1298	0.0014	0.0002	0.0008	0.0062	PASS	b2	False	fb2da026b	M=1.1440
mp-14017	K6Sb2	8	P6_3/mmc (194)	GOOD	0.3041	1.2995	N	D		0.3894	0.0000	True	1.1100	1.4800	kt1	989a18637 (tf32, t_tetrakbt -300)		114	1.3006	-0.0000	0.0011	0.0035	0.0243	PASS	b2	False	96ec5c1ee	M=1.2960
mp-12015	KAg2AsO4	8	I-42m (121)	GOOD	0.0443	2.4210	N	I	CHECK	0.2116	0.0000	True	2.1900	2.8600	kt1	989a18637 (tf32, t_tetrakbt -300)		55	2.4211	-0.0000	0.0001	0.0002	0.0014	PASS	b1	False	a1d6c0e11	M=2.8300
mp-12532	KAg2PS4	8	I-42m (121)	GOOD	1.0044	2.5643	N	I	differs	1.2500	0.0000	True	2.4800	2.8700	kt1	989a18637 (tf32, t_tetrakbt -300)		75	2.5752	0.0001	0.0109	0.0035	0.0372	PASS	b1	False	fb2da026b	M=2.6390
mp-9490	KAg2SbS4	8	I-42m (121)	GOOD	0.3824	1.8084	N	I		0.5786	0.0059	True	1.7000	2.1100	kt1	989a18637 (tf32, t_tetrakbt -300)		75	1.8237	-0.0001	0.0152	0.0017	0.0152	PASS	b1	False	fb2da026b	M=1.8220
mp-4266	KAsF6	8	R-3 (148)	GOOD	5.1764	10.5907	N	D	CHECK	4.8825	0.0000	True	11.1100	11.8600	kt1	989a18637 (tf32, t_tetrakbt -300)		45	10.6839	0.0001	0.0933	0.0118	0.0933	PASS	b1	False	fb2da026b	M=10.3240
mp-7569	KAsF6	8	R-3m (166)	NOTCONV_MAY	5.1277	10.5440	N	D		4.8371	0.0010	True	11.0600	11.8100	kt1	989a18637 (tf32, t_tetrakbt -300)		49	10.5444	0.0000	0.0006	0.0008	0.0050	PASS	b2	False	fb2da026b	R=10.5437
mp-4608	KPF6	8	R-3 (148)	GOOD	7.2579	12.5467	N	D	CHECK	7.0368	0.0000	True	12.9400	13.8100	kt1	989a18637 (tf32, t_tetrakbt -300)		49	12.5480	-0.0000	0.0013	0.0009	0.0128	PASS	b2	False	fb2da026b	M=12.0940
mp-643033	KPH2SO3	8	Cm (8)	GOOD	4.1734	7.1553	N	I		4.5259	0.0000	True	7.3600	7.8900	kt1	989a18637 (tf32, t_tetrakbt -300)		82	7.1567	0.0001	0.0018	0.0048	0.0620	PASS	b2all	False	fb2da026b	M=7.1400
mp-1087504	KZn4P3	8	R-3m (166)	GOOD	0.3599	1.3954	N	I		0.5011	0.0000	True	1.5900	1.7700	kt1	989a18637 (tf32, t_tetrakbt -300)		75	1.4086	-0.0001	0.0131	0.0126	0.0907	PASS	b1	False	a1d6c0e11	M=1.4220
mp-4586	Li2Al2Te4	8	I-42d (122)	GOOD	2.3056	3.4405	N	D		2.4411	0.0000	True	3.5200	3.7100	kt1	989a18637 (tf32, t_tetrakbt -300)		78	3.4406	0.0001	0.0003	0.0048	0.0347	PASS	b2	False	fb2da026b	M=3.4850
mp-555874	Li2As2S4	8	Cc (9)	GOOD	1.0237	1.9430	N	D		1.0664	0.0000	True	1.9300	2.0500	kt1	989a18637 (tf32, t_tetrakbt -300)		62	1.9369	0.0001	0.0014	0.0033	0.0235	PASS	b1	False	fb2da026b	M=1.9780
mp-1078724	Li2As2Se4	8	Cc (9)	GOOD	0.7535	1.4063	N	D		0.7505	0.0000	True	1.4500	1.5500	kt1	989a18637 (tf32, t_tetrakbt -300)		62	1.4105	0.0002	0.0010	0.0027	0.0293	PASS	b1	False	a1d6c0e11	M=1.4090
mp-14232	Li2B2O4	8	I-42d (122)	NOTCONV_MAY	7.0632	10.3822	N	I		7.2811	0.0000	True	10.5900	11.1500	kt1	989a18637 (tf32, t_tetrakbt -300)		32	10.3890	-0.0001	0.0070	0.0019	0.0173	PASS	b1	False	fb2da026b	R=10.3822
mp-1205315	Li2Bi2O4	8	P4/nmm (129)	GOOD	0.8068	1.8641	N	I		0.7695	0.0429	True	1.8100	2.0000	kt1	989a18637 (tf32, t_tetrakbt -300)		42	1.8765	0.0020	0.0366	0.0074	0.0729	PASS	b1	False	a1d6c0e11	M=1.9070
mp-7611	Li2CaGeO4	8	I-42m (121)	GOOD	3.9820	6.7951	N	I	differs	4.1135	0.0000	True	6.8400	7.4300	kt1	989a18637 (tf32, t_tetrakbt -300)		42	6.7960	-0.0000	0.0009	0.0004	0.0030	PASS	b1	False	fb2da026b	M=6.6930
mp-7610	Li2CaSiO4	8	I-42m (121)	GOOD	5.1128	7.9849	N	I	differs	5.1897	0.0000	True	8.0000	8.6300	kt1	989a18637 (tf32, t_tetrakbt -300)		42	7.9849	0.0000	0.0001	0.0004	0.0032	PASS	b1	False	fb2da026b	M=7.8640
mp-5048	Li2Ga2Te4	8	I-42d (122)	GOOD	1.5685	2.7685	N	I		1.5885	0.0000	True	2.8300	3.0200	kt1	989a18637 (tf32, t_tetrakbt -300)		88	2.7746	0.0000	0.0062	0.0021	0.0134	PASS	b2	False	fb2da026b	M=2.8100
mp-19896	Li2GePbS4	8	I-42m (121)	GOOD	2.0927	3.2671	N	I	differs	2.2649	0.0000	True	3.2900	3.5300	kt1	989a18637 (tf32, t_tetrakbt -300)		62	3.2641	0.0001	0.0001	0.0014	0.0143	PASS	b1	False	fb2da026b	M=3.3500
mp-5488	Li2In2O4	8	I4_1/amd (141)	GOOD	1.9541	3.7554	N	I	differs	1.8143	0.0000	True	3.7200	4.0900	kt1	989a18637 (tf32, t_tetrakbt -300)		52	3.7112	-0.0006	0.0000	0.0004	0.0021	PASS	b1	False	fb2da026b	M=3.8550
mp-20187	Li2In2Se4	8	I-42d (122)	GOOD	1.4624	2.9464	N	D		1.5731	0.0000	True	3.0200	3.3100	kt1	989a18637 (tf32, t_tetrakbt -300)		72	2.9913	-0.0000	0.0450	0.0089	0.0450	PASS	b1	False	fb2da026b	M=2.9500
mp-20782	Li2In2Te4	8	I-42d (122)	GOOD	1.3036	2.4982	N	D		1.3847	0.0000	True	2.5700	2.7800	kt1	989a18637 (tf32, t_tetrakbt -300)		88	2.4984	0.0001	0.0004	0.0017	0.0100	PASS	b2	False	fb2da026b	M=2.4770
mp-3924	Li2Nb2O4	8	P6_3/mmc (194)	DRIFT_GOOD	1.5841	2.7444	N	I	differs	1.5795	0.0000	True	2.5500	2.5800	kt1	989a18637 (tf32, t_tetrakbt -300)		42	2.6651	-0.0000	-0.0015	0.0031	0.0502	PASS	b1	False	fb2da026b	M=2.7970
mp-7936	Li2Nb2S4	8	P6_3/mmc (194)	GOOD	0.7919	1.3962	N	I	path<mesh(mesh)	0.7135	0.0000	True	1.2500	1.2700	kt1	989a18637 (tf32, t_tetrakbt -300)		62	1.2706	-0.0000	-0.0005	0.0009	0.0049	PASS	b1	False	fb2da026b	M=1.4020
mp-3524	Li2P2N4	8	I-42d (122)	GOOD	3.6184	5.5258	N	I		3.8016	0.0000	True	5.6600	5.9200	kt1	989a18637 (tf32, t_tetrakbt -300)		42	5.5268	-0.0001	0.0010	0.0008	0.0067	PASS	b1	False	fb2da026b	M=5.5140
mp-1079885	Li2Sb2S4	8	C2/c (15)	GOOD	0.1223	0.7869	N	I		0.0927	0.0000	True	0.7600	0.8000	kt1	989a18637 (tf32, t_tetrakbt -300)		62	0.7595	0.0001	0.0005	0.0002	0.0022	PASS	b1	False	fb2da026b	M=0.7770
mp-5840	Li2Sc2O4	8	I4_1/amd (141)	NOTCONV_MAY	3.7890	6.8171	N	I		3.9040	0.0000	True	6.8700	7.5500	kt1	989a18637 (tf32, t_tetrakbt -300)		42	6.8170	-0.0001	-0.0000	0.0003	0.0024	PASS	b1	False	fb2da026b	R=6.8173
mp-8179	Li2Tl2O4	8	I4_1/amd (141)	GOOD	0.3740	1.1920	N	I	differs	0.4020	0.0234	True	1.2000	1.3100	kt1	989a18637 (tf32, t_tetrakbt -300)		52	1.1698	0.0001	-0.0000	0.0002	0.0011	PASS	b1	False	fb2da026b	M=1.3910
mp-558312	Li4O4	8	P6_3/mmc (194)	DRIFT_GOOD	1.5160	5.4163	N	D	differs	1.6379	0.1427	True	5.5500	6.2800	kt1	989a18637 (tf32, t_tetrakbt -300)		32	5.4163	-0.0000	-0.0001	0.0006	0.0050	PASS	b1	False	fb2da026b	M=5.6130
mp-841	Li4O4	8	P6_3/mmc (194)	GOOD	1.9815	5.8026	N	D		1.9743	0.0000	True	5.9200	6.6300	kt1	989a18637 (tf32, t_tetrakbt -300)		32	5.8012	0.0001	-0.0000	0.0007	0.0041	PASS	b1	False	fb2da026b	M=5.8430
mp-29025	Li5Br2N	8	Immm (71)	FAILED_MAY	2.4474	4.4877	N	I		2.0781	0.1192	True	4.5100	4.9700	kt1	989a18637 (tf32, t_tetrakbt -300)		62	4.4814	0.0028	0.0001	0.0016	0.0119	PASS	b2	False	fb2da026b	R=4.4876
mp-29151	Li5NCl2	8	R-3m (166)	FAILED_MAY	2.0600	4.0789	N	I		1.9425	0.0469	True	4.0900	4.4600	kt1	989a18637 (tf32, t_tetrakbt -300)		62	4.0784	0.0000	-0.0000	0.0019	0.0123	PASS	b2	False	fb2da026b	R=4.0796
mp-757	Li6As2	8	P6_3/mmc (194)	GOOD	0.7504	1.7136	N	I	path<mesh(mesh)	0.6365	0.0000	True	1.6000	1.7500	kt1	989a18637 (tf32, t_tetrakbt -300)		42	1.5470	-0.0000	-0.0001	0.0099	0.0890	PASS	b1	False	fb2da026b	M=1.7190
mp-2341	Li6N2	8	P6_3/mmc (194)	GOOD	1.4111	2.8651	N	I	differs path<mesh(mesh)	1.2180	0.0039	True	2.6800	2.9900	kt1	989a18637 (tf32, t_tetrakbt -300)		32	2.6602	-0.0000	0.0007	0.0004	0.0034	PASS	b1	False	fb2da026b	M=2.8060
mp-736	Li6P2	8	P6_3/mmc (194)	GOOD	0.7759	1.8213	N	I	path<mesh(mesh)	0.6996	0.0000	True	1.7300	1.8900	kt1	989a18637 (tf32, t_tetrakbt -300)		42	1.6543	-0.0001	0.0032	0.0050	0.0458	PASS	b1	False	fb2da026b	M=1.8220
mp-7955	Li6Sb2	8	P6_3/mmc (194)	GOOD	0.6250	1.4465	N	I	path<mesh(mesh)	0.4833	0.0000	True	1.3400	1.4800	kt1	989a18637 (tf32, t_tetrakbt -300)		66	1.3051	0.0000	0.0079	0.0022	0.0162	PASS	b2	False	fb2da026b	M=1.4490
mp-9144	LiAsF6	8	R-3 (148)	GOOD	5.5519	11.0436	N	I	CHECK	5.1404	0.0000	True	11.5600	12.2700	kt1	989a18637 (tf32, t_tetrakbt -300)		37	11.0918	-0.0000	0.0481	0.0056	0.0481	PASS	b1	False	fb2da026b	M=10.8110
mp-1079483	LiAuF6	8	R-3 (148)	NOTCONV_MAY	1.9047	6.0494	N	I		1.8673	0.0000	True	6.2300	7.0100	kt1	989a18637 (tf32, t_tetrakbt -300)		37	6.0543	0.0000	0.0000	0.0004	0.0041	PASS	b1	False	fb2da026b	R=6.0500
mp-27419	LiBiF6	8	R-3 (148)	FAILED_MAY	2.6619	6.7264	N	I		2.5394	0.0000	True	7.2600	7.9300	kt1	989a18637 (tf32, t_tetrakbt -300)		42	6.7284	0.0000	0.0021	0.0004	0.0037	PASS	b1	False	fb2da026b	R=6.7314
mp-1078799	LiNbF6	8	R-3 (148)	GOOD	4.9948	9.1566	N	I	CHECK	4.7889	0.0000	True	9.4700	10.0100	kt1	989a18637 (tf32, t_tetrakbt -300)		37	9.1565	0.0000	0.0005	0.0007	0.0051	PASS	b1	False	a1d6c0e11	M=8.7060
mp-9143	LiPF6	8	R-3 (148)	NOTCONV_MAY	8.0469	13.5162	N	I		7.5394	0.0000	True	13.8800	14.6300	kt1	989a18637 (tf32, t_tetrakbt -300)		41	13.5174	-0.0000	0.0012	0.0013	0.0080	PASS	b2	False	fb2da026b	R=13.5161
mp-3980	LiSbF6	8	R-3 (148)	NOTCONV_MAY	5.1110	10.1619	N	I		4.9334	0.0000	True	10.6000	11.3300	kt1	989a18637 (tf32, t_tetrakbt -300)		37	10.1958	0.0000	0.0339	0.0045	0.0339	PASS	b1	False	fb2da026b	R=10.1612
mp-1080679	LiTaF6	8	R-3 (148)	NOTCONV_MAY	6.2459	10.9726	N	I		5.9172	0.0000	True	10.9000	12.0600	kt1	989a18637 (tf32, t_tetrakbt -300)		65	10.9814	0.0000	-0.0000	0.0004	0.0022	PASS	b2all	False	fb2da026b	R=10.9718
mp-1016200	Mg2Ge2As4	8	I-42d (122)	GOOD	0.5734	1.6122	N	D		0.5541	0.0069	True	1.6500	1.8700	kt1	989a18637 (tf32, t_tetrakbt -300)		88	1.6121	0.0001	0.0000	0.0012	0.0081	PASS	b2	False	a1d6c0e11	M=1.6280
mp-34903	Mg2Ge2P4	8	I-42d (122)	GOOD	1.3347	2.1636	N	D		1.4962	0.0135	True	2.1900	2.3400	kt1	989a18637 (tf32, t_tetrakbt -300)		72	2.1649	0.0001	0.0014	0.0042	0.0443	PASS	b1	False	fb2da026b	M=2.1930
mp-864954	Mg2Mo2N4	8	P6_3/mmc (194)	GOOD	0.9473	1.5817	N	I	path<mesh(mesh)	0.7411	0.0000	True	1.4000	1.3500	kt1	989a18637 (tf32, t_tetrakbt -300)		52	1.3234	-0.0001	-0.0044	0.0015	0.0071	PASS	b1	False	fb2da026b	M=1.5780
mp-1016197	Mg2Si2As4	8	I-42d (122)	GOOD	1.1309	1.8543	N	D		1.3032	0.0000	True	1.9000	2.0200	kt1	989a18637 (tf32, t_tetrakbt -300)		72	1.8565	0.0002	0.0031	0.0083	0.0784	PASS	b1	False	a1d6c0e11	M=1.8310
mp-2961	Mg2Si2P4	8	I-42d (122)	GOOD	1.2160	2.1128	N	D		1.3728	0.0000	True	2.1900	2.3200	kt1	989a18637 (tf32, t_tetrakbt -300)		72	2.1131	0.0001	0.0007	0.0049	0.0394	PASS	b1	False	fb2da026b	M=2.1280
mp-7589	Mg4N2F2	8	I4_1/amd (141)	NOTCONV_MAY	2.3409	4.7001	N	I		2.1274	0.0913	True	4.6900	5.2200	kt1	989a18637 (tf32, t_tetrakbt -300)		52	4.6880	0.0001	0.0020	0.0005	0.0030	PASS	b1	False	fb2da026b	R=4.7003
mp-19734	MgPbF6	8	R-3 (148)	NOTCONV_MAY	3.1473	7.3103	N	I		3.0406	0.0000	True	7.4800	8.1200	kt1	989a18637 (tf32, t_tetrakbt -300)		47	7.3162	-0.0000	0.0058	0.0008	0.0058	PASS	b1	False	fb2da026b	R=7.3108
mp-7921	MgPdF6	8	R-3 (148)	NOTCONV_MAY	1.8210	5.9138	N	D		1.8285	0.0000	True	6.0300	6.8300	kt1	989a18637 (tf32, t_tetrakbt -300)		42	5.9139	-0.0006	-0.0008	0.0005	0.0045	PASS	b1	False	fb2da026b	R=5.9120
mp-562561	Mo2O6	8	P2_1/m (11)	GOOD	1.7490	3.6919	N	I	differs	1.6843	0.0279	True	3.8500	4.0600	kt1	989a18637 (tf32, t_tetrakbt -300)		42	3.6918	-0.0001	-0.0001	0.0009	0.0056	PASS	b1	False	fb2da026b	M=3.6390
mp-796276	Mo2O6	8	Cmcm (63)	SUSPECT_GOOD	1.1370	0.9808	N	I	differs QSGW<LDA	0.4534	0.0530	True	1.2600	1.3500	kt1	989a18637 (tf32, t_tetrakbt -300)	the CBM at Γ is a strongly dispersive interlayer (nearly-free-electron-like) state, which QSGW80 leaves near 1 eV while the Mo d bands go up: hence QSGW < LDA. Depends on how the basis describes the interlayer space (no empty spheres); to be checked	42	0.9818	-0.0000	-0.0000	0.0007	0.0048	PASS	b1	False	fb2da026b	M=1.0690;R=0.9810
mp-1095181	N6Cl2	8	Cmc2_1 (36)	NOTCONV_MAY	2.2300	6.4275	E	I	differs	2.3595	0.5766	True	7.1700	7.4200	kt1	0601771b4 (tf32, t_tetrakbt -300) with ES, ES rule es-c		48	6.4373	-0.0007	0.0066	0.0048	0.0347	PASS	b1	True	d2878d537	N=6.5070;R=6.5071
mp-154	N8	8	P2_13 (198)	GOOD	7.3155	13.6410	E	I	CHECK	7.3768	0.0000	True	14.7900	15.2500	kt1	0601771b4 (tf32, t_tetrakbt -300) with ES, ES rule es-c	ES by hand from 2026-10-07 14:38: 2.5 a.u., s (with 3.45 a.u. the QSGW80 had no gap in 10 iterations, dqp 69 eV); MLO PASS 0.054 eV	68	13.6447	-0.0000	0.0038	0.0099	0.0539	PASS	b2all	True	27d52b5af	M=13.9300;N=13.7859
mp-25	N8	8	Pa-3 (205)	NOTCONV_MAY	7.1147	12.6459	E	D	CHECK vs2025	7.3685	0.0018	True	14.3600	14.8500	kt1	0601771b4 (tf32, t_tetrakbt -300) with ES, ES rule es-c		80	12.6489	-0.0008	0.0023	0.0029	0.0205	PASS	b2all	True	f09035a49	N=13.3925;R=13.3923
mp-10166	Na2Al2Se4	8	I4/mcm (140)	GOOD	2.0015	3.7628	N	I	differs	2.1498	0.0209	True	3.8600	4.2100	kt1	989a18637 (tf32, t_tetrakbt -300)		72	3.7719	-0.0001	0.0091	0.0045	0.0524	PASS	b1	False	a1d6c0e11	M=3.8220
mp-10163	Na2Al2Te4	8	I4/mcm (140)	GOOD	1.2292	2.3480	N	I		1.2875	0.0060	True	2.4300	2.5800	kt1	989a18637 (tf32, t_tetrakbt -300)		72	2.3458	-0.0000	0.0001	0.0064	0.0517	PASS	b1	False	a1d6c0e11	M=2.3100
mp-20343	Na2Au2O4	8	Cmcm (63)	NOTCONV_MAY	0.8347	3.2826	N	I		1.0830	0.0263	True	3.4800	3.8400	kt1	989a18637 (tf32, t_tetrakbt -300)		52	3.2859	0.0000	0.0036	0.0037	0.0983	PASS	b1	False	fb2da026b	R=3.2825
mp-22984	Na2Bi2O4	8	C2/c (15)	GOOD	1.0396	2.2491	N	D	differs	1.1849	0.0000	True	2.3000	2.4300	kt1	989a18637 (tf32, t_tetrakbt -300)		52	2.2496	0.0001	0.0006	0.0004	0.0056	PASS	b1	False	fb2da026b	M=2.3150
mp-561075	Na2CdSnS4	8	C2 (5)	GOOD	1.6586	3.4490	N	D		1.9250	0.0021	True	3.4700	3.8600	kt1	989a18637 (tf32, t_tetrakbt -300)		88	3.4489	0.0001	0.0000	0.0003	0.0023	PASS	b2	False	fb2da026b	M=3.4740
mp-30965	Na2Cl2O4	8	C2/c (15)	GOOD	2.1972	6.2194	N	D	differs	2.4465	0.2857	True	6.4400	7.0700	kt1	989a18637 (tf32, t_tetrakbt -300)		60	6.2201	0.0000	0.0008	0.0018	0.0095	PASS	b2	False	fb2da026b	M=6.4030
mp-867515	Na2Co2O4	8	P6_3/mmc (194)	NOTCONV_MAY	0.7237	3.6781	R	I	LDA≠PBE N:MAXITER	2.1151	0.0139	True				989a18637 (fp32, t_tetrakbt +300)	bands drawn again from the converged sigm (the plot was of iteration 10, before the extension to 19)	52	3.5710	0.0006	0.0014	0.0058	0.0423	PASS	b1	False	fb2da026b	
mp-10164	Na2Ga2Te4	8	I4/mcm (140)	GOOD	0.1220	1.0815	N	I		0.2017	0.0044	True	1.1300	1.3100	kt1	989a18637 (tf32, t_tetrakbt -300)		82	1.0834	-0.0000	0.0000	0.0025	0.0266	PASS	b1	False	fb2da026b	M=1.0990
mp-22483	Na2In2Te4	8	I4/mcm (140)	GOOD	0.5485	1.5388	N	I		0.6416	0.0000	True	1.6100	1.7600	kt1	989a18637 (tf32, t_tetrakbt -300)		82	1.5267	-0.0000	-0.0000	0.0025	0.0243	PASS	b1	False	fb2da026b	M=1.5430
mp-3744	Na2Nb2O4	8	P6_3/mmc (194)	GOOD	1.4312	2.6987	N	I		1.3781	0.0000	True	2.4800	2.5400	kt1	989a18637 (tf32, t_tetrakbt -300)		52	2.6511	0.0002	-0.0009	0.0016	0.0078	PASS	b1	False	fb2da026b	M=2.7100
mp-7937	Na2Nb2S4	8	P6_3/mmc (194)	GOOD	0.6015	1.3839	N	I		0.6240	0.0000	True	1.2800	1.3400	kt1	989a18637 (tf32, t_tetrakbt -300)		72	1.3581	0.0001	0.0001	0.0009	0.0038	PASS	b1	False	fb2da026b	M=1.3710
mp-7939	Na2Nb2Se4	8	P6_3/mmc (194)	GOOD	0.5209	1.2228	N	I		0.5017	0.0000	True	1.0900	1.1800	kt1	989a18637 (tf32, t_tetrakbt -300)		72	1.1732	-0.0001	0.0005	0.0010	0.0065	PASS	b1	False	fb2da026b	M=1.2100
mp-10572	Na2P2N4	8	I-42d (122)	GOOD	4.6191	6.9102	N	I		4.6851	0.0000	True	7.1000	7.4700	kt1	989a18637 (tf32, t_tetrakbt -300)		52	6.9113	0.0002	0.0004	0.0015	0.0112	PASS	b1	False	a1d6c0e11	M=6.9040
mp-5414	Na2Sb2S4	8	C2/c (15)	GOOD	0.7987	1.7922	N	I		0.8857	0.0000	True	1.8200	1.9300	kt1	989a18637 (tf32, t_tetrakbt -300)		72	1.7844	0.0001	0.0033	0.0020	0.0148	PASS	b1	False	fb2da026b	M=1.8070
mp-557179	Na2Sb2S4	8	C2/m (12)	GOOD	0.8316	1.4267	N	D	path<mesh(mesh) vs2025	0.4528	0.0232	True	0.9300	0.9900	kt1	989a18637 (tf32, t_tetrakbt -300)		72	0.9002	0.0021	-0.0011	0.0013	0.0135	PASS	b1	False	fb2da026b	M=1.4390
mp-1078419	Na3PSe4	8	I-43m (217)	GOOD	1.0071	2.6994	N	D		1.1169	0.0000	True	2.7800	3.0800	kt1	989a18637 (tf32, t_tetrakbt -300)		72	2.7021	0.0000	0.0028	0.0047	0.0324	PASS	b1	False	a1d6c0e11	M=2.7260
mp-8703	Na3SbSe4	8	I-43m (217)	GOOD	0.9192	2.5565	N	D		0.9871	0.0000	True	2.6300	2.9200	kt1	989a18637 (tf32, t_tetrakbt -300)		72	2.5583	-0.0001	0.0019	0.0018	0.0234	PASS	b1	False	fb2da026b	M=2.5380
mp-7392	Na4Ag2Sb2	8	Cmcm (63)	GOOD	0.5483	1.2362	N	I		0.6550	0.0000	True	1.2200	1.3700	kt1	989a18637 (tf32, t_tetrakbt -300)		72	1.2399	0.0003	0.0040	0.0019	0.0166	PASS	b1	False	fb2da026b	M=1.2230
mp-7773	Na4As2Au2	8	Cmcm (63)	GOOD	0.2612	0.8718	N	I		0.4175	0.0000	True	0.8200	0.9700	kt1	989a18637 (tf32, t_tetrakbt -300)		72	0.8719	0.0000	0.0001	0.0002	0.0024	PASS	b1	False	fb2da026b	M=0.8770
mp-1078709	Na4Bi2Au2	8	Cmcm (63)	GOOD	0.2292	0.7196	N	I		0.3070	0.0000	True	0.6800	0.7700	kt1	989a18637 (tf32, t_tetrakbt -300)		72	0.6999	-0.0000	0.0003	0.0021	0.0225	PASS	b1	False	fb2da026b	M=0.7180
mp-15685	Na4Cu2As2	8	Cmcm (63)	GOOD	0.5883	1.3179	N	I		0.6543	0.0000	True	1.2900	1.4600	kt1	989a18637 (tf32, t_tetrakbt -300)		72	1.3181	0.0000	0.0003	0.0003	0.0016	PASS	b1	False	0c4d16ceb	M=1.3420
mp-7639	Na4Cu2P2	8	Cmcm (63)	GOOD	0.5808	1.3745	N	I		0.6562	0.0000	True	1.3500	1.5400	kt1	989a18637 (tf32, t_tetrakbt -300)		72	1.3744	0.0000	0.0000	0.0002	0.0013	PASS	b1	False	fb2da026b	M=1.3920
mp-2400	Na4S4	8	P6_3/mmc (194)	GOOD	1.0678	3.4329	N	D	differs	1.2566	0.0000	True	3.3900	3.9500	kt1	989a18637 (tf32, t_tetrakbt -300)		72	3.4330	0.0000	0.0001	0.0049	0.0553	PASS	b1	False	fb2da026b	M=3.3560
mp-7774	Na4Sb2Au2	8	Cmcm (63)	GOOD	0.2097	0.7698	N	I		0.3618	0.0000	True	0.7300	0.8700	kt1	989a18637 (tf32, t_tetrakbt -300)		72	0.7697	0.0000	0.0004	0.0009	0.0071	PASS	b1	False	fb2da026b	M=0.7740
mp-15668	Na4Se4	8	P6_3/mmc (194)	GOOD	0.3166	2.2193	N	D	differs	0.4942	0.0000	True	2.0000	2.6300	kt1	989a18637 (tf32, t_tetrakbt -300)		88	2.2192	-0.0000	0.0000	0.0010	0.0063	PASS	b2	False	fb2da026b	M=2.2710
mp-1136	Na6As2	8	P6_3/mmc (194)	GOOD	0.0827	1.1348	N	D		0.0926	0.0005	True	1.0300	1.3900	kt1	989a18637 (tf32, t_tetrakbt -300)		72	1.1437	-0.0001	0.0087	0.0092	0.0502	PASS	b1	False	a1d6c0e11	M=1.1340
mp-1598	Na6P2	8	P6_3/mmc (194)	GOOD	0.3877	1.4277	N	D		0.4033	0.0000	True	1.3700	1.7000	kt1	989a18637 (tf32, t_tetrakbt -300)		72	1.4301	0.0000	0.0025	0.0031	0.0191	PASS	b1	False	fb2da026b	M=1.3950
mp-7956	Na6Sb2	8	P6_3/mmc (194)	GOOD	0.3552	1.4088	N	D		0.3946	0.0000	True	1.4000	1.6900	kt1	989a18637 (tf32, t_tetrakbt -300)		96	1.4087	-0.0001	0.0000	0.0011	0.0064	PASS	b2	False	fb2da026b	M=1.3960
mp-1079088	NaAsF6	8	R-3 (148)	SUSPECT_GOOD	5.4723	11.0724	N	I		5.1368	0.0000	True	11.6700	12.4300	kt1	989a18637 (tf32, t_tetrakbt -300)		49	11.0730	0.0000	0.0008	0.0004	0.0024	PASS	b2	False	a1d6c0e11	M=11.1070;R=11.0737
mp-1087215	NaAsF6	8	Fm-3m (225)	NOTCONV_MAY	5.3144	11.2393	E	I	differs	4.9494	0.0099	True	11.8200	12.5800	kt1	0601771b4 (tf32, t_tetrakbt -300) with ES, ES rule es-c		53	11.2391	0.0000	-0.0001	0.0009	0.0097	PASS	b1	True	d2878d537	N=11.1864;R=11.1874
mp-27420	NaBiF6	8	R-3 (148)	NOTCONV_MAY	2.8570	7.2514	N	I		2.7315	0.0000	True	7.6500	8.4500	kt1	989a18637 (tf32, t_tetrakbt -300)		50	7.2571	0.0001	0.0060	0.0007	0.0060	PASS	b1	False	fb2da026b	R=7.2412
mp-10474	NaPF6	8	Fm-3m (225)	SUSPECT_GOOD	7.2040	12.7810	N	D		7.0251	0.0000	True	13.2800	14.1100	kt1	989a18637 (tf32, t_tetrakbt -300)		77	12.7812	-0.0001	0.0002	0.0016	0.0552	PASS	b2all	False	a1d6c0e11	M=12.7480;R=12.7804
mp-5955	NaSbF6	8	Fm-3m (225)	NOTCONV_MAY	5.0559	10.6685	E	I		4.8826	0.0000	True	11.1600	11.9500	kt1	0601771b4 (tf32, t_tetrakbt -300) with ES, ES rule es-c		53	10.6684	0.0004	-0.0000	0.0004	0.0049	PASS	b1	True	00792e927	N=10.6238;R=10.6238
mp-550070	Nb2Br4O2	8	C2 (5)	GOOD	0.7005	2.1170	N	I	CHECK	0.9072	0.2210	True	2.1200	2.4500	kt1	989a18637 (tf32, t_tetrakbt -300)		62	2.1172	0.0001	0.0002	0.0009	0.0064	PASS	b1	False	fb2da026b	M=2.3790
mp-549720	Nb2I4O2	8	C2 (5)	GOOD	0.5970	1.7384	N	I		0.8426	0.1450	True	1.7200	1.9800	kt1	989a18637 (tf32, t_tetrakbt -300)		62	1.7369	-0.0004	0.0001	0.0010	0.0094	PASS	b1	False	fb2da026b	M=1.6910
mp-5621	NbCu3S4	8	P-43m (215)	GOOD	1.6081	2.6897	N	I		1.6385	0.0000	True	2.8200	2.9600	kt1	989a18637 (tf32, t_tetrakbt -300)		88	2.6900	-0.0000	0.0002	0.0003	0.0022	PASS	b2all	False	fb2da026b	M=2.6840
mp-4043	NbCu3Se4	8	P-43m (215)	GOOD	1.3190	2.2491	N	I		1.3600	0.0000	True	2.3700	2.4800	kt1	989a18637 (tf32, t_tetrakbt -300)		88	2.2496	-0.0001	0.0003	0.0005	0.0040	PASS	b2all	False	fb2da026b	M=2.2930
mp-991676	NbCu3Te4	8	P-43m (215)	GOOD	0.9232	1.5731	N	I		0.9169	0.0000	True	1.6800	1.7400	kt1	989a18637 (tf32, t_tetrakbt -300)		88	1.5739	-0.0000	0.0005	0.0008	0.0065	PASS	b2all	False	fb2da026b	M=1.5750
mp-1091384	NbTl3S4	8	I-43m (217)	GOOD	2.2919	3.4016	N	I		2.4580	0.0000	True	3.4600	3.6500	kt1	989a18637 (tf32, t_tetrakbt -300)		87	3.4017	0.0008	0.0011	0.0030	0.0330	PASS	b1	False	fb2da026b	M=3.4460
mp-1025396	NbTl3Se4	8	I-43m (217)	GOOD	1.9804	2.8980	N	D	differs	2.1041	0.0000	True	2.9500	3.0900	kt1	989a18637 (tf32, t_tetrakbt -300)		87	2.8987	0.0011	0.0019	0.0032	0.0440	PASS	b1	False	a1d6c0e11	M=2.9730
mp-12957	O8	8	C2/m (12)	GOOD	1.3213	4.0150	E	I	CHECK	1.3316	0.0000	True	4.7900	4.6700	kt1	0601771b4 (tf32, t_tetrakbt -300) with ES, ES rule es-c		38	4.0150	-0.0001	0.0000	0.0005	0.0039	PASS	b1	True	d2878d537	M=4.3490;N=4.1868
mp-27529	P2I6	8	P6_3 (173)	GOOD	2.0000	3.7221	E	D	differs	2.2858	0.0000	True	3.9600	4.3200	kt1	0601771b4 (tf32, t_tetrakbt -300) with ES, ES rule es-c		88	3.7046	0.0002	0.0045	0.0014	0.0055	PASS	b1	True	f09035a49	M=3.8040;N=3.8243
mp-560008	P2N2F4	8	Cmc2_1 (36)	NOTCONV_MAY	5.6303	9.1334	N	D		5.6193	0.0000	True	9.3900	9.9900	kt1	989a18637 (tf32, t_tetrakbt -300)		74	9.1332	0.0002	0.0000	0.0012	0.0104	PASS	b2all	False	fb2da026b	R=9.1335
mp-1954	P3N5	8	Imm2 (44)	GOOD	2.4773	4.3766	N	I	differs	2.5967	0.0985	True	4.5000	4.7900	kt1	989a18637 (tf32, t_tetrakbt -300)		79	4.3346	0.0027	0.0000	0.0042	0.0383	PASS	b2all	False	fb2da026b	M=4.2630
mp-12883	P8	8	C2/m (12)	GOOD	3.0416	4.8971	E	I	differs	3.5367	0.1546	True	5.1600	5.3800	kt1	0601771b4 (tf32, t_tetrakbt -300) with ES, ES rule es-c		82	4.8967	0.0004	0.0000	0.0051	0.0348	PASS	b1	True	f16f0ea3d	M=5.0420;N=4.9280
mp-20878	Pb4O4	8	Pbcm (57)	GOOD	2.1088	3.1998	N	I		2.1562	0.0102	True	3.2800	3.4600	kt1	989a18637 (tf32, t_tetrakbt -300)		88	3.1999	0.0001	0.0002	0.0008	0.0078	PASS	b2	False	fb2da026b	M=3.1680
mp-550714	Pb4O4	8	Pca2_1 (29)	GOOD	2.1843	3.4328	N	I	differs	2.2283	0.0214	True	3.5100	3.7100	kt1	989a18637 (tf32, t_tetrakbt -300)		88	3.4341	0.0002	-0.0004	0.0006	0.0049	PASS	b2	False	fb2da026b	M=3.3720
mp-1078500	Pb4S4	8	Pnma (62)	GOOD	1.1159	1.7069	N	I		1.2177	0.0310	True	1.6700	1.7700	kt1	989a18637 (tf32, t_tetrakbt -300)		72	1.6440	-0.0002	0.0008	0.0006	0.0060	PASS	b1	False	a1d6c0e11	M=1.7180
mp-1079172	Pb4Se4	8	Pnma (62)	GOOD	1.0898	1.7444	N	D		1.0663	0.0526	True	1.6700	1.7800	kt1	989a18637 (tf32, t_tetrakbt -300)		72	1.6574	0.0004	0.0025	0.0026	0.0178	PASS	b1	False	a1d6c0e11	M=1.7500
mp-20458	PtPbF6	8	R-3m (166)	FAILED_MAY	1.7060	5.1100	N	I		1.9378	0.0000	True	5.1600	5.7700	kt1	989a18637 (tf32, t_tetrakbt -300)		47	5.0956	-0.0002	0.0001	0.0006	0.0050	PASS	b1	False	fb2da026b	R=5.1098
mp-14070	Rb2Al2O4	8	Fd-3m (227)	FAILED_MAY	3.2778	6.3530	N	D		3.3757	0.0000	True	6.4600	7.1300	kt1	989a18637 (tf32, t_tetrakbt -300)		58	6.3544	-0.0000	0.0012	0.0017	0.0262	PASS	b1	False	fb2da026b	R=6.3530
mp-7472	Rb2Au2O4	8	Cmcm (63)	NOTCONV_MAY	1.3911	4.0782	E	I		1.4785	0.0000	True	4.3400	4.7100	kt1	0601771b4 (tf32, t_tetrakbt -300) with ES, ES rule es-c		60	4.0808	-0.0003	0.0048	0.0015	0.0378	PASS	b1	True	0e7afd246	N=4.0767;R=4.0764
mp-29521	Rb2Bi2O4	8	C2/c (15)	GOOD	1.9813	3.6709	N	D	CHECK	2.1177	0.0000	True	3.7800	4.0200	kt1	989a18637 (tf32, t_tetrakbt -300)		74	3.6711	0.0000	0.0002	0.0005	0.0044	PASS	b2	False	fb2da026b	M=3.9290
mp-549590	Rb2Cl2O4	8	Cmcm (63)	GOOD	2.1487	6.1196	N	I	differs	2.4078	0.3453	True	6.4700	7.0000	kt1	989a18637 (tf32, t_tetrakbt -300)		90	6.1196	-0.0000	0.0001	0.0034	0.0325	PASS	b2all	False	fb2da026b	M=6.0400
mp-5425	Rb2Cu2C4	8	P4_2/mmc (131)	GOOD	1.9505	4.0596	N	D		1.9577	0.2990	True	3.8600	4.3200	kt1	989a18637 (tf32, t_tetrakbt -300)		82	4.0620	-0.0002	0.0023	0.0047	0.0446	PASS	b2	False	fb2da026b	M=4.0140
mp-7467	Rb2Cu2O4	8	Cmcm (63)	FAILED_MAY	0.8009	3.5351	N	I		0.9211	0.0000	True	3.7200	4.1100	kt1	989a18637 (tf32, t_tetrakbt -300)		66	3.5331	0.0001	-0.0000	0.0003	0.0027	PASS	b2	False	fb2da026b	R=3.5350
mp-29764	Rb2H2F4	8	I4/mcm (140)	FAILED_MAY	6.5865	11.3143	N	I		6.6961	0.0000	True	11.6200	12.3900	kt1	989a18637 (tf32, t_tetrakbt -300)		64	11.3088	0.0037	-0.0000	0.0054	0.0438	PASS	b2	False	fb2da026b	R=11.3142
mp-697144	Rb2H4N2	8	P2_1/m (11)	FAILED_MAY	1.8052	4.7774	N	I		1.9074	0.0000	True	4.7200	5.4500	kt1	989a18637 (tf32, t_tetrakbt -300)		72	4.7772	-0.0000	-0.0000	0.0026	0.0222	PASS	b2	False	fb2da026b	R=4.7774
mp-22255	Rb2In2Te4	8	I4/mcm (140)	GOOD	1.0139	2.2083	N	I		1.1111	0.0000	True	2.2500	2.4800	kt1	989a18637 (tf32, t_tetrakbt -300)		104	2.2058	-0.0001	-0.0000	0.0009	0.0087	PASS	b2	False	fb2da026b	M=2.2280
mp-28237	Rb2Li2Br4	8	Cmcm (63)	GOOD	4.0741	7.0324	N	D	differs	4.3220	0.0048	True	7.2000	7.7700	kt1	989a18637 (tf32, t_tetrakbt -300)		84	7.0324	0.0001	0.0003	0.0024	0.0163	PASS	b2	False	fb2da026b	M=6.9420
mp-28243	Rb2Li2Cl4	8	Cmcm (63)	GOOD	4.8857	8.1680	N	D	differs	5.1482	0.0047	True	8.3600	8.9800	kt1	989a18637 (tf32, t_tetrakbt -300)		84	8.1678	-0.0000	0.0000	0.0010	0.0098	PASS	b2	False	fb2da026b	M=8.0250
mp-743	Rb2N6	8	I4/mcm (140)	GOOD	4.0506	6.9768	N	I	differs	4.1608	0.0000	True			kt1	989a18637 (tf32, t_tetrakbt -300)		80	6.9928	0.0001	0.0163	0.0124	0.0976	PASS	b2all	False	fb2da026b	M=6.8930
mp-10418	Rb2Sb2O4	8	C2/c (15)	GOOD	2.1545	4.1324	N	D		2.2483	0.0000	True	4.2700	4.5800	kt1	989a18637 (tf32, t_tetrakbt -300)		90	4.1322	0.0004	0.0002	0.0010	0.0091	PASS	b2all	False	fb2da026b	M=4.1000
mp-7650	Rb2Sc2O4	8	P6_3/mmc (194)	GOOD	3.3494	6.0580	N	I	differs vs2025	3.4524	0.0000	True	1.3900	1.6400	kt1	989a18637 (tf32, t_tetrakbt -300)	from 2026-10-07 16:58: QSGW80 and LDA again with the Rb sphere 2.5 a.u. (ecalj_auto: by hand, run_custom): with 2.8 a.u. a ghost level near A (no degenerate partner on A-L; in LDA too) entered the MLO window; gap 6.058 eV (6.056 with 2.8); MLO b1 PASS 0.040 eV	58	6.0560	0.0010	-0.0000	0.0038	0.0396	PASS	b1	False	26b32d5d5	M=6.2100
mp-1080691	Rb2SnHgTe4	8	I-42m (121)	GOOD	0.5321	1.5814	N	I		0.6905	0.0000	True	1.6100	1.8100	kt1	989a18637 (tf32, t_tetrakbt -300)		78	1.5803	0.0001	0.0022	0.0086	0.0804	PASS	b1	False	fb2da026b	M=1.5670
mp-16764	Rb2Y2Te4	8	P6_3/mmc (194)	GOOD	1.2649	2.5960	N	I		1.3563	0.0000	True	2.6100	2.8400	kt1	989a18637 (tf32, t_tetrakbt -300)		86	2.5962	-0.0000	0.0004	0.0017	0.0100	PASS	b2	False	fb2da026b	M=2.5810
mp-9274	Rb3Sb2Au3	8	R-3m (166)	FAILED_MAY	1.1188	1.8278	N	I		1.2228	0.0000	True	1.8500	1.9900	kt1	989a18637 (tf32, t_tetrakbt -300)		93	1.8267	0.0001	0.0006	0.0019	0.0147	PASS	b2	False	fb2da026b	R=1.8275
mp-8360	Rb4Te4	8	Pbam (55)	FAILED_MAY	0.7428	2.2710	N	I		0.8332	0.0000	True	2.1500	2.5600	kt1	989a18637 (tf32, t_tetrakbt -300)		100	2.2436	0.0000	0.0003	0.0014	0.0127	PASS	b2	False	fb2da026b	R=2.2709
mp-16319	Rb6Sb2	8	P6_3/mmc (194)	GOOD	0.5961	0.9491	N	I		0.0878	0.0000	True	0.6700	1.1100	kt1	989a18637 (tf32, t_tetrakbt -300)		114	0.9502	0.0000	0.0018	0.0035	0.0180	PASS	b2	False	fb2da026b	M=0.9060
mp-1179832	Rb8	8	I4/mmm (139)	TOO_LARGE					no-result	0.5882	0.4525	True					not run with ES (2026-10-06): a fragment structure, Rb8 clusters in an empty cell (551 A^3 per atom, bcc Rb 92; nearest Rb-Rb 4.63 A; E_hull 0.45 eV/atom in MP, icsd-109016: Rb-IV, a high-pressure phase, relaxed by MP at zero pressure; Rb8 octagonal rings; ecalj_auto/GW1500_status.md table 8). Still in MP, not deprecated (API 2026-10-06)							SKIPPED				
mp-9819	RbAsF6	8	R-3 (148)	GOOD	5.4240	10.7985	N	D	CHECK	5.0030	0.0000	True	11.3200	12.0700	kt1	989a18637 (tf32, t_tetrakbt -300)		50	10.7987	-0.0000	0.0003	0.0005	0.0034	PASS	b2	False	fb2da026b	M=10.5320
mp-696736	RbBe2F5	8	P1 (1)	FAILED_MAY	6.9758	11.9513	N	D		7.0887	0.0025	True	12.3000	13.1500	kt1	989a18637 (tf32, t_tetrakbt -300)		53	11.9594	0.0000	0.0006	0.0010	0.0166	PASS	b2	False	fb2da026b	R=11.9512
mp-27421	RbBiF6	8	R-3 (148)	GOOD	2.8018	6.9888	N	I	CHECK	2.6387	0.0000	True	7.3900	8.0900	kt1	989a18637 (tf32, t_tetrakbt -300)		51	6.9935	0.0000	0.0047	0.0005	0.0048	PASS	b1	False	fb2da026b	M=6.6520
mp-9821	RbSbF6	8	R-3 (148)	NOTCONV_MAY	5.1063	10.1077	N	I		4.9025	0.0000	True	10.5600	11.3100	kt1	989a18637 (tf32, t_tetrakbt -300)		46	10.1765	0.0000	0.0689	0.0082	0.0689	PASS	b1	False	fb2da026b	R=10.1074
mp-975140	RbZn4P3	8	P4/mmm (123)	GOOD	0.0131	1.1803	N	D		0.1948	0.0000	True	0.9900	1.4400	kt1	989a18637 (tf32, t_tetrakbt -300)		75	1.1802	0.0000	0.0000	0.0057	0.0686	PASS	b1	False	fb2da026b	M=1.1800
mp-27871	Rh2Br6	8	C2/m (12)	GOOD	1.0163	2.6627	N	I	differs	1.2459	0.0000	True	2.5700	3.0300	kt1	989a18637 (tf32, t_tetrakbt -300)		72	2.6915	-0.0001	0.0032	0.0009	0.0079	PASS	b1	False	fb2da026b	M=2.6110
mp-27770	Rh2Cl6	8	C2/m (12)	GOOD	1.3329	3.3964	N	I		1.5202	0.0000	True	3.2400	3.8000	kt1	989a18637 (tf32, t_tetrakbt -300)		72	3.4073	-0.0000	0.0023	0.0007	0.0058	PASS	b1	False	fb2da026b	M=3.3880
mp-2068	Rh2F6	8	R-3c (167)	GOOD	0.7726	3.9996	N	I	CHECK vs2025	0.8673	0.0000	True	2.0500	3.6000	kt1	989a18637 (tf32, t_tetrakbt -300)		42	3.9995	-0.0000	0.0018	0.0008	0.0055	PASS	b1	False	fb2da026b	M=3.6170
mp-28099	S4Br4	8	Aea2 (41)	GOOD	1.9638	4.1081	E	I		2.2486	0.0000	True	4.1800	4.6100	kt1	0601771b4 (tf32, t_tetrakbt -300) with ES, ES rule es-c		78	4.0994	0.0003	0.0024	0.0008	0.0051	PASS	b1	True	f16f0ea3d	M=4.0970;N=4.1375
mp-236	S4N4	8	P2_1/c (14)	GOOD	2.9075	5.3838	E	I	differs	2.9469	0.5087	True	5.7200	5.9500	kt1	0601771b4 (tf32, t_tetrakbt -300) with ES, ES rule es-c		86	5.3838	0.0000	0.0000	0.0007	0.0078	PASS	b2all	True	f09035a49	M=5.4070;N=5.4627
mp-1880	Sb2F6	8	Ama2 (40)	NOTCONV_MAY	4.4800	7.2952	E	I		4.4396	0.0000	True	7.4500	7.9300	kt1	0601771b4 (tf32, t_tetrakbt -300) with ES, ES rule es-c		46	7.2947	0.0007	0.0001	0.0029	0.0257	PASS	b1	True	f16f0ea3d	N=7.3060;R=7.3059
mp-23281	Sb2I6	8	R-3 (148)	GOOD	2.0240	2.9454	E	I		2.1928	0.0000	True	3.0700	3.1600	kt1	0601771b4 (tf32, t_tetrakbt -300) with ES, ES rule es-c		74	2.9630	0.0006	0.0184	0.0028	0.0189	PASS	b1	True	f09035a49	M=2.8990;N=2.9496
mp-1080747	Sc2Al2C2O2	8	P6_3mc (186)	GOOD	1.1057	2.6351	N	I		1.2167	0.0000	True			kt1	989a18637 (tf32, t_tetrakbt -300)		52	2.6424	-0.0001	0.0074	0.0073	0.0874	PASS	b1	False	a1d6c0e11	M=2.6310
mp-972937	Sc2Al2C2O2	8	R-3m (166)	GOOD	0.2799	1.5751	N	I		0.3695	0.0155	True	1.5500	1.9100	kt1	989a18637 (tf32, t_tetrakbt -300)		52	1.5849	0.0000	0.0100	0.0042	0.0344	PASS	b1	False	fb2da026b	M=1.5380
mp-23309	Sc2Cl6	8	R-3 (148)	DRIFT_GOOD	3.5925	7.0244	N	I	CHECK	3.9071	0.0000	True	6.9800	7.7600	kt1	989a18637 (tf32, t_tetrakbt -300)		72	7.0284	0.0001	0.0034	0.0050	0.0570	PASS	b1	False	fb2da026b	M=6.2960
mp-3642	Sc2Cu2O4	8	P6_3/mmc (194)	GOOD	2.4002	4.1558	N	I		2.3292	0.0000	True	3.8100	4.2800	kt1	989a18637 (tf32, t_tetrakbt -300)		68	4.1281	0.0024	0.0031	0.0051	0.0531	PASS	b2all	False	fb2da026b	M=4.1690
mp-1078300	Sc2F6	8	R-3c (167)	NOTCONV_MAY	6.0525	11.8913	E	I		6.1057	0.0000	True	11.5300	12.8800	kt1	0601771b4 (tf32, t_tetrakbt -300) with ES, ES rule es-c		50	11.8911	0.0000	-0.0001	0.0007	0.0097	PASS	b1	True	f09035a49	N=11.9400;R=11.9396
mp-13312	Sc2Tl2S4	8	P6_3/mmc (194)	GOOD	0.8168	1.5928	N	I		0.9331	0.0000	True	1.6100	1.7600	kt1	989a18637 (tf32, t_tetrakbt -300)		82	1.5927	-0.0000	-0.0000	0.0008	0.0052	PASS	b1	False	fb2da026b	M=1.6090
mp-570589	Se4Br4	8	Aea2 (41)	FAILED_MAY	1.3940	3.1131	E	I	differs	1.5077	0.0059	True	3.0600	3.5200	kt1	0601771b4 (tf32, t_tetrakbt -300) with ES, ES rule es-c		78	3.0937	-0.0003	0.0002	0.0005	0.0031	PASS	b1	True	f16f0ea3d	N=3.1729;R=3.1728
mp-1078181	Si2Br6	8	C2/m (12)	GOOD	3.8070	6.5637	E	I	differs	3.8434	0.0041	True	6.8700	7.3300	kt1	0601771b4 (tf32, t_tetrakbt -300) with ES, ES rule es-c		83	6.5698	0.0004	0.0065	0.0087	0.0871	PASS	b1	True	f09035a49	M=6.4830;N=6.6538
mp-1078195	Si2I6	8	R-3 (148)	SUSPECT_GOOD	2.7799	4.8123	E	I	CHECK	2.9930	0.0000	True	5.2400	5.5900	kt1	0601771b4 (tf32, t_tetrakbt -300) with ES, ES rule es-c		86	4.7971	0.0002	0.0060	0.0048	0.0504	PASS	b1	True	f09035a49	M=5.1580;N=4.9401;R=4.9402
mp-8311	Si3NiP4	8	I-42m (121)	GOOD	0.2722	0.7175	N	I		0.3365	0.0000	True	0.7700	0.8200	kt1	989a18637 (tf32, t_tetrakbt -300)		72	0.7163	0.0000	0.0007	0.0021	0.0199	PASS	b1	False	fb2da026b	M=0.7080
mp-2488	Si4Os4	8	P2_13 (198)	GOOD	0.4966	0.8276	N	I		0.5126	0.0000	True	0.8600	0.9000	kt1	989a18637 (tf32, t_tetrakbt -300)		72	0.8106	-0.0006	0.0003	0.0004	0.0044	PASS	b1	False	fb2da026b	M=0.8210
mp-189	Si4Ru4	8	P2_13 (198)	GOOD	0.2304	0.4043	N	I		0.2299	0.0000	True	0.4100	0.4400	kt1	989a18637 (tf32, t_tetrakbt -300)		72	0.4001	0.0001	-0.0003	0.0005	0.0046	PASS	b1	False	0c4d16ceb	M=0.4080
mp-8289	Sn2F6	8	Fm-3m (225)	GOOD	2.7862	5.8600	E	I	differs	2.7336	0.0000	True	5.9100	6.5500	kt1	0601771b4 (tf32, t_tetrakbt -300) with ES, ES rule es-c		60	5.8605	0.0000	-0.0000	0.0004	0.0062	PASS	b1	True	0e7afd246	M=5.8800;N=5.9270
mp-1078644	Sn4O4	8	Cmc2_1 (36)	GOOD	1.3252	2.2297	N	I		1.3265	0.1254	True	2.3000	2.4300	kt1	989a18637 (tf32, t_tetrakbt -300)		68	2.2429	-0.0001	0.0040	0.0020	0.0153	PASS	b2	False	a1d6c0e11	M=2.2330
mp-2231	Sn4S4	8	Pnma (62)	GOOD	1.0097	1.4278	N	I		0.9048	0.0000	True	1.3400	1.3900	kt1	989a18637 (tf32, t_tetrakbt -300)		72	1.3293	0.0007	0.0009	0.0007	0.0064	PASS	b1	False	fb2da026b	M=1.4290
mp-691	Sn4Se4	8	Pnma (62)	FAILED_MAY	0.7922	1.2435	N	I	path<mesh(mesh)	0.6072	0.0000	True	1.1900	1.2400	kt1	989a18637 (tf32, t_tetrakbt -300)		72	1.1368	0.0004	0.0005	0.0010	0.0131	PASS	b1	False	fb2da026b	R=1.2433
mp-1078562	Sr2Ag2S2F2	8	P4/nmm (129)	GOOD	1.0687	2.6530	N	D		1.2533	0.0122	True	2.6800	2.9800	kt1	989a18637 (tf32, t_tetrakbt -300)		68	2.6538	-0.0001	0.0007	0.0003	0.0026	PASS	b1	False	a1d6c0e11	M=2.6480
mp-1080438	Sr2Ag2Te2F2	8	P4/nmm (129)	GOOD	1.0887	2.4856	N	D		1.2847	0.0931	True	2.5200	2.7700	kt1	989a18637 (tf32, t_tetrakbt -300)		68	2.4863	0.0000	0.0008	0.0045	0.0826	PASS	b1	False	fb2da026b	M=2.4640
mp-12444	Sr2Cu2S2F2	8	P4/nmm (129)	GOOD	1.5044	3.0319	N	D		1.5126	0.0000	True	3.0000	3.3200	kt1	989a18637 (tf32, t_tetrakbt -300)		68	3.0403	0.0000	0.0085	0.0018	0.0158	PASS	b1	False	a1d6c0e11	M=3.0380
mp-21228	Sr2Cu2Se2F2	8	P4/nmm (129)	GOOD	1.0778	2.5906	N	D		1.1975	0.1185	True	2.5700	2.8900	kt1	989a18637 (tf32, t_tetrakbt -300)		68	2.5947	-0.0000	0.0042	0.0023	0.0282	PASS	b1	False	fb2da026b	M=2.5820
mp-1091416	Sr2Cu2Te2F2	8	P4/nmm (129)	GOOD	1.4452	2.7166	N	D		1.5171	0.1236	True	2.7400	2.9500	kt1	989a18637 (tf32, t_tetrakbt -300)		68	2.7167	-0.0000	0.0001	0.0052	0.0599	PASS	b1	False	a1d6c0e11	M=2.6990
mp-1080045	Sr2H2Br2O2	8	C2/m (12)	FAILED_MAY	4.1380	6.9777	N	D		4.3210	0.0735	True	7.0200	7.5900	kt1	989a18637 (tf32, t_tetrakbt -300)		74	6.9789	-0.0000	0.0013	0.0046	0.0350	PASS	b2	False	fb2da026b	R=6.9773
mp-24066	Sr2H2Cl2O2	8	P6_3mc (186)	NOTCONV_MAY	4.7696	7.8644	N	D		4.9843	0.1017	True	7.8900	8.5300	kt1	989a18637 (tf32, t_tetrakbt -300)		74	7.8650	-0.0000	0.0006	0.0014	0.0128	PASS	b2	False	fb2da026b	R=7.8644
mp-11108	Sr2P6	8	C2/m (12)	GOOD	0.0197	0.3597	N	D		0.0000	0.0047	True	0.3900	0.5400	kt1	989a18637 (tf32, t_tetrakbt -300)		72	0.3599	0.0001	0.0004	0.0014	0.0126	PASS	b1	False	a1d6c0e11	M=0.3480
mp-1175	Sr2S6	8	Aea2 (41)	GOOD	0.8778	2.7599	N	D		1.0931	0.0323	True	2.7000	3.1300	kt1	989a18637 (tf32, t_tetrakbt -300)		80	2.7603	0.0001	0.0006	0.0017	0.0097	PASS	b2	False	fb2da026b	M=2.7380
mp-9517	Sr2Ti2N4	8	P4/nmm (129)	GOOD	0.6952	2.0567	N	D		0.7925	0.0000	True	1.9700	2.3400	kt1	989a18637 (tf32, t_tetrakbt -300)		52	2.0566	-0.0000	-0.0000	0.0005	0.0037	PASS	b1	False	fb2da026b	M=2.0450
mp-1080135	Sr2Zn2As2F2	8	P4/nmm (129)	GOOD	0.5409	1.8303	N	D		0.6936	0.0000	True	1.8800	2.0800	kt1	989a18637 (tf32, t_tetrakbt -300)		78	1.8302	0.0000	-0.0000	0.0013	0.0106	PASS	b1	False	a1d6c0e11	M=1.8030
mp-555718	SrNiF6	8	R-3m (166)	FAILED_MAY	1.1923	5.2217	N	I		1.7074	0.0000	True	5.2100	5.9600	kt1	989a18637 (tf32, t_tetrakbt -300)		45	5.2220	-0.0000	0.0003	0.0006	0.0034	PASS	b1	False	fb2da026b	R=5.2215
mp-29027	Ta2I4O2	8	C2/m (12)	FAILED_MAY	0.7406	1.8766	N	I		0.8866	0.1694	True	1.8600	2.1300	kt1	989a18637 (tf32, t_tetrakbt -300)		62	1.8694	-0.0002	-0.0001	0.0015	0.0154	PASS	b1	False	fb2da026b	R=1.8765
mp-10748	TaCu3S4	8	P-43m (215)	GOOD	1.8853	3.0711	N	I		1.9288	0.0000	True	3.1700	3.3400	kt1	989a18637 (tf32, t_tetrakbt -300)		88	3.0715	0.0000	0.0007	0.0005	0.0036	PASS	b2all	False	a1d6c0e11	M=3.0670
mp-4081	TaCu3Se4	8	P-43m (215)	GOOD	1.5713	2.5974	N	I		1.5988	0.0000	True	2.7100	2.8500	kt1	989a18637 (tf32, t_tetrakbt -300)		88	2.5979	0.0000	0.0005	0.0007	0.0058	PASS	b2all	False	fb2da026b	M=2.6300
mp-9295	TaCu3Te4	8	P-43m (215)	GOOD	1.1156	1.8296	N	I		1.1407	0.0000	True	1.9400	2.0100	kt1	989a18637 (tf32, t_tetrakbt -300)		88	1.8304	-0.0000	0.0007	0.0010	0.0094	PASS	b2all	False	fb2da026b	M=1.8070
mp-7562	TaTl3S4	8	I-43m (217)	GOOD	2.3759	3.5579	N	I		2.5302	0.0000	True	3.6100	3.8200	kt1	989a18637 (tf32, t_tetrakbt -300)		87	3.5584	0.0007	0.0012	0.0040	0.0361	PASS	b1	False	fb2da026b	M=3.5380
mp-10644	TaTl3Se4	8	I-43m (217)	GOOD	2.1045	3.0993	N	D		2.2527	0.0000	True	3.1400	3.3000	kt1	989a18637 (tf32, t_tetrakbt -300)		87	3.1002	0.0011	0.0021	0.0046	0.0418	PASS	b1	False	fb2da026b	M=3.0660
mp-2552	Te2O6	8	R-3c (167)	GOOD	1.4462	3.6162	N	I	CHECK	1.1636	0.0201	True	3.7000	4.1400	kt1	989a18637 (tf32, t_tetrakbt -300)		42	3.6167	0.0001	0.0009	0.0007	0.0042	PASS	b1	False	fb2da026b	M=3.1740
mp-573321	Te2Pd2I4	8	P-1 (2)	FAILED_MAY	0.4656	1.1378	N	I		0.5915	0.0156	True	1.1200	1.2700	kt1	989a18637 (tf32, t_tetrakbt -300)		72	1.1342	0.0003	0.0010	0.0017	0.0257	PASS	b1	False	fb2da026b	R=1.1377
mp-569766	Te4I4	8	C2/m (12)	GOOD	0.6469	1.5272	E	I		0.7185	0.0000	True	1.5800	1.7200	kt1	0601771b4 (tf32, t_tetrakbt -300) with ES, ES rule es-c		74	1.5306	0.0003	0.0038	0.0019	0.0151	PASS	b1	True	00792e927	M=1.5230;N=1.5402
mp-1079574	Te4Pb4	8	Pnma (62)	GOOD	0.7958	1.2506	N	I		0.8024	0.0555	True	1.2900	1.3400	kt1	989a18637 (tf32, t_tetrakbt -300)		72	1.2189	0.0007	0.0064	0.0050	0.0311	PASS	b1	False	a1d6c0e11	M=1.2440
mp-685022	Te4Pb4	8	Pnma (62)	FAILED_MAY	0.6661	1.0626	N	I		0.7233	0.0549	True	1.0600	1.1100	kt1	989a18637 (tf32, t_tetrakbt -300)		72	1.0483	0.0002	0.0007	0.0014	0.0112	PASS	b1	False	fb2da026b	R=1.0627
mp-9920	Ti2S6	8	P2_1/m (11)	GOOD	0.1080	1.1087	N	I		0.2261	0.0000	True	1.0800	1.3400	kt1	989a18637 (tf32, t_tetrakbt -300)		72	1.1090	0.0001	0.0003	0.0008	0.0086	PASS	b1	False	fb2da026b	M=1.1450
mp-623024	TiCdF6	8	R-3 (148)	NOTCONV_MAY	4.3945	8.8270	N	D	vs2025	4.3774	0.0000	True	8.7100	9.1900	kt1	989a18637 (tf32, t_tetrakbt -300)		46	8.8271	-0.0000	0.0000	0.0004	0.0032	PASS	b2	False	fb2da026b	R=8.8264
mp-27801	Tl2Ag2I4	8	I4/mcm (140)	GOOD	1.4410	2.7395	N	D		1.5665	0.0328	True	2.7400	2.9900	kt1	989a18637 (tf32, t_tetrakbt -300)		82	2.7418	0.0000	0.0025	0.0034	0.0419	PASS	b1	False	fb2da026b	M=2.7360
mp-568890	Tl2CdGeTe4	8	I-42m (121)	GOOD	0.2677	0.9344	N	I		0.3589	0.0047	True	0.9600	1.0800	kt1	989a18637 (tf32, t_tetrakbt -300)		82	0.9357	0.0000	0.0015	0.0013	0.0162	PASS	b1	False	fb2da026b	M=0.9340
mp-570076	Tl2CdSnTe4	8	I-42m (121)	FAILED_MAY	0.2841	0.9465	N	I		0.3742	0.0094	True	0.9800	1.1000	kt1	989a18637 (tf32, t_tetrakbt -300)		82	0.9461	0.0001	0.0009	0.0013	0.0143	PASS	b1	False	fb2da026b	R=0.9464
mp-9580	Tl2Ga2Se4	8	I4/mcm (140)	GOOD	0.4329	1.3574	N	D		0.5597	0.0163	True	1.3900	1.5700	kt1	989a18637 (tf32, t_tetrakbt -300)		92	1.3581	0.0001	0.0024	0.0011	0.0123	PASS	b1	False	fb2da026b	M=1.3560
mp-3785	Tl2Ga2Te4	8	I4/mcm (140)	GOOD	0.4525	1.0832	N	D		0.5556	0.0000	True	1.1300	1.2300	kt1	989a18637 (tf32, t_tetrakbt -300)		92	1.0861	-0.0000	0.0029	0.0025	0.0251	PASS	b1	False	fb2da026b	M=1.0850
mp-569246	Tl2HgGeTe4	8	I-42m (121)	GOOD	0.0164	0.5734	N	I		0.0945	0.0080	True	0.6000	0.7000	kt1	989a18637 (tf32, t_tetrakbt -300)		82	0.5702	0.0001	0.0007	0.0008	0.0095	PASS	b1	False	fb2da026b	M=0.5730
mp-1078621	Tl2In2S4	8	I4/mcm (140)	GOOD	0.7272	1.7557	N	D		0.9477	0.0155	True	1.7700	1.9500	kt1	989a18637 (tf32, t_tetrakbt -300)		92	1.7570	0.0000	0.0014	0.0008	0.0084	PASS	b1	False	a1d6c0e11	M=1.7640
mp-20042	Tl2In2S4	8	P6_3/mmc (194)	GOOD	0.4820	1.1701	N	I	path<mesh(mesh)	0.4735	0.0000	True	0.9900	1.0900	kt1	989a18637 (tf32, t_tetrakbt -300)		92	0.9387	-0.0000	0.0002	0.0007	0.0040	PASS	b1	False	fb2da026b	M=1.1670
mp-22232	Tl2In2Se4	8	I4/mcm (140)	GOOD	0.5477	1.4422	N	D		0.7384	0.0000	True	1.4900	1.6500	kt1	989a18637 (tf32, t_tetrakbt -300)		92	1.4449	-0.0000	0.0028	0.0011	0.0122	PASS	b1	False	fb2da026b	M=1.4440
mp-22791	Tl2In2Te4	8	I4/mcm (140)	GOOD	0.4898	1.1814	N	I		0.5401	0.0000	True	1.2300	1.3500	kt1	989a18637 (tf32, t_tetrakbt -300)		92	1.1913	0.0001	0.0004	0.0021	0.0175	PASS	b1	False	fb2da026b	M=1.1770
mp-870	Tl2N6	8	I4/mcm (140)	FAILED_MAY	1.4795	2.9588	N	I		1.7584	0.3106	True	3.0800	3.2800	kt1	989a18637 (tf32, t_tetrakbt -300)		60	2.9584	0.0001	0.0002	0.0036	0.0663	PASS	b2	False	fb2da026b	R=2.9588
mp-1079426	Tl2SiHgSe4	8	I-42m (121)	GOOD	0.8273	1.7378	N	I		0.9421	0.0217	True	1.7700	1.9400	kt1	989a18637 (tf32, t_tetrakbt -300)		82	1.7347	0.0000	0.0017	0.0013	0.0094	PASS	b1	False	a1d6c0e11	M=1.7460
mp-1078676	Tl2SnHgSe4	8	I-42m (121)	GOOD	0.6458	1.5406	N	D	differs	0.7879	0.0028	True	1.5800	1.7400	kt1	989a18637 (tf32, t_tetrakbt -300)		82	1.5428	-0.0000	0.0022	0.0007	0.0064	PASS	b1	False	a1d6c0e11	M=1.6150
mp-570051	Tl2SnHgTe4	8	I-42m (121)	FAILED_MAY	0.0762	0.6450	N	I		0.1565	0.0127	True	0.6700	0.7700	kt1	989a18637 (tf32, t_tetrakbt -300)		82	0.6414	0.0000	0.0006	0.0007	0.0077	PASS	b1	False	fb2da026b	R=0.6451
mp-29047	Tl3VO4	8	Imm2 (44)	FAILED_MAY	2.3314	3.5888	N	I		2.5955	0.0000	True	3.6500	3.8400	kt1	989a18637 (tf32, t_tetrakbt -300)		67	3.5910	0.0001	0.0023	0.0011	0.0145	PASS	b1	False	fb2da026b	R=3.5886
mp-5513	Tl3VS4	8	I-43m (217)	GOOD	1.8956	2.8695	N	D	differs	1.9554	0.0000	True	2.9600	3.0400	kt1	989a18637 (tf32, t_tetrakbt -300)		87	2.8699	0.0003	0.0002	0.0007	0.0072	PASS	b1	False	fb2da026b	M=2.9460
mp-1025549	Tl3VSe4	8	I-43m (217)	DRIFT_GOOD	1.5232	2.3089	N	I		1.5636	0.0000	True	2.3900	2.4900	kt1	989a18637 (tf32, t_tetrakbt -300)		87	2.3093	0.0000	0.0001	0.0011	0.0104	PASS	b1	False	a1d6c0e11	M=2.3300
mp-720	Tl4F4	8	Pbcm (57)	FAILED_MAY	2.9033	4.7317	N	I		3.1999	0.0000	True	4.8100	5.1300	kt1	989a18637 (tf32, t_tetrakbt -300)		72	4.7318	0.0000	0.0002	0.0006	0.0097	PASS	b1	False	fb2da026b	R=4.7316
mp-322	Tl4S4	8	I4/mcm (140)	GOOD	0.4619	1.4261	N	I		0.6741	0.0515	True	1.5100	1.6400	kt1	989a18637 (tf32, t_tetrakbt -300)		92	1.4369	-0.0000	0.0006	0.0004	0.0019	PASS	b1	False	fb2da026b	M=1.4300
mp-1836	Tl4Se4	8	I4/mcm (140)	GOOD	0.0666	0.8358	N	I		0.2096	0.0000	True	0.8800	1.0200	kt1	989a18637 (tf32, t_tetrakbt -300)		92	0.8441	0.0000	0.0005	0.0005	0.0027	PASS	b1	False	0c4d16ceb	M=0.8400
mp-555911	TlAsF6	8	R-3 (148)	FAILED_MAY	4.5940	8.4643	N	I		4.6814	0.0000	True	8.8500	9.3000	kt1	989a18637 (tf32, t_tetrakbt -300)		47	8.4681	-0.0000	0.0038	0.0022	0.0190	PASS	b1	False	fb2da026b	R=8.4643
mp-8348	TlSbF6	8	R-3m (166)	FAILED_MAY	4.1437	7.8047	N	I		4.3490	0.0000	True	8.1400	8.6100	kt1	989a18637 (tf32, t_tetrakbt -300)		47	7.8080	0.0000	0.0081	0.0040	0.0305	PASS	b1	False	fb2da026b	R=7.8049
mp-19412	VAg3O4	8	I-42m (121)	GOOD	0.3969	2.0555	N	I	differs	0.5826	0.0307	True	1.9100	2.2800	kt1	989a18637 (tf32, t_tetrakbt -300)		52	2.0531	-0.0000	0.0003	0.0003	0.0035	PASS	b1	False	fb2da026b	M=2.1060
mp-510657	VCu3O4	8	I-42m (121)	GOOD	0.2195	0.6215	N	I	differs	0.1102	0.1069	True	0.6300	0.6100	kt1	989a18637 (tf32, t_tetrakbt -300)		52	0.6177	-0.0000	0.0013	0.0005	0.0107	PASS	b1	False	fb2da026b	M=0.7170
mp-3762	VCu3S4	8	P-43m (215)	GOOD	0.9984	2.0089	N	I		1.0358	0.0000	True	2.1000	2.2700	kt1	989a18637 (tf32, t_tetrakbt -300)		88	2.0092	-0.0001	-0.0000	0.0002	0.0019	PASS	b2all	False	fb2da026b	M=1.9590
mp-21855	VCu3Se4	8	P-43m (215)	GOOD	0.7818	1.6473	N	I		0.8173	0.0000	True	1.7300	1.8600	kt1	989a18637 (tf32, t_tetrakbt -300)		88	1.6477	-0.0000	0.0000	0.0003	0.0023	PASS	b2all	False	fb2da026b	M=1.6570
mp-991652	VCu3Te4	8	P-43m (215)	GOOD	0.5267	1.1121	N	I		0.5741	0.0000	True	1.1700	1.2400	kt1	989a18637 (tf32, t_tetrakbt -300)		72	1.1221	-0.0001	0.0098	0.0025	0.0220	PASS	b1	False	fb2da026b	M=1.1350
mp-19443	W2O6	8	P4/nmm (129)	GOOD	0.2778	1.6833	E	I	differs	1.1503	0.0059	True	1.8600	2.0800	kt1	0601771b4 (tf32, t_tetrakbt -300) with ES, ES rule es-c		50	1.6833	-0.0001	0.0000	0.0008	0.0086	PASS	b1	True	d2878d537	M=1.7690;N=1.7344
mp-12903	Y2Ag2Te4	8	P-42_1m (113)	GOOD	0.7779	1.5835	N	I		0.8975	0.0000	True	1.5400	1.6900	kt1	989a18637 (tf32, t_tetrakbt -300)		72	1.5174	0.0001	0.0050	0.0031	0.0355	PASS	b1	False	a1d6c0e11	M=1.5800
mp-27455	Y2Cl6	8	C2/m (12)	NOTCONV_MAY	4.5444	7.8691	E	I		4.9311	0.0000	True	8.0200	8.6400	kt1	0601771b4 (tf32, t_tetrakbt -300) with ES, ES rule es-c		99	7.8683	0.0001	0.0001	0.0003	0.0021	PASS	b2all	True	f09035a49	N=7.8791;R=7.8789
mp-2918	Y2Cu2O4	8	P6_3/mmc (194)	NOTCONV_MAY	2.7276	4.4631	N	I		2.6528	0.0003	True	4.2300	4.6100	kt1	989a18637 (tf32, t_tetrakbt -300)		76	4.4330	0.0010	-0.0001	0.0029	0.0321	PASS	b2d	False	fb2da026b	R=4.4631
mp-626151	Y2H2O4	8	P2_1/m (11)	FAILED_MAY	4.0528	6.1080	N	I		4.0550	0.0000	True	5.9100	6.2800	kt1	989a18637 (tf32, t_tetrakbt -300)		42	6.1227	0.0001	0.0148	0.0099	0.0723	PASS	b1	False	fb2da026b	R=6.1079
mp-571442	Y2I6	8	R-3 (148)	FAILED_MAY	2.7991	4.8337	E	I		3.0414	0.0000	True	4.9000	5.3100	kt1	0601771b4 (tf32, t_tetrakbt -300) with ES, ES rule es-c		76	4.8285	0.0001	0.0011	0.0023	0.0286	PASS	b1	True	00792e927	N=4.8375;R=4.8368
mp-546011	Y2Zn2As2O2	8	P4/nmm (129)	GOOD	1.1061	1.9570	N	I		1.2015	0.0000	True	1.9900	2.1200	kt1	989a18637 (tf32, t_tetrakbt -300)		72	1.9565	-0.0002	0.0060	0.0023	0.0177	PASS	b1	False	fb2da026b	M=1.9620
mp-12509	Y2Zn2P2O2	8	R-3m (166)	GOOD	1.1956	2.1065	N	I	differs	1.3049	0.0000	True	2.1700	2.3400	kt1	989a18637 (tf32, t_tetrakbt -300)		86	2.1068	-0.0000	0.0005	0.0014	0.0083	PASS	b2all	False	a1d6c0e11	M=2.0400
mp-553243	YBi2BrO4	8	P4/mmm (123)	GOOD	1.2931	2.5252	N	I		1.3400	0.0000	True	2.5700	2.7700	kt1	989a18637 (tf32, t_tetrakbt -300)		52	2.5252	-0.0000	0.0001	0.0011	0.0139	PASS	b1	False	fb2da026b	M=2.5300
mp-552604	YBi2ClO4	8	P4/mmm (123)	FAILED_MAY	1.3097	2.6288	N	I		1.3216	0.0000	True	2.6700	2.8800	kt1	989a18637 (tf32, t_tetrakbt -300)		52	2.6289	-0.0000	0.0002	0.0004	0.0070	PASS	b1	False	fb2da026b	R=2.6286
mp-551816	YBi2IO4	8	P4/mmm (123)	FAILED_MAY	1.2486	2.4608	N	I		1.4248	0.0000	True	2.5300	2.7200	kt1	989a18637 (tf32, t_tetrakbt -300)		52	2.4609	0.0000	0.0004	0.0014	0.0170	PASS	b1	False	fb2da026b	R=2.4607
mp-4008	Zn2Ge2As4	8	I-42d (122)	GOOD	0.0076	1.0320	N	D		0.0000	0.0000	True	0.9800	1.2800	kt1	989a18637 (tf32, t_tetrakbt -300)		72	1.0377	0.0002	0.0059	0.0068	0.0489	PASS	b1	False	fb2da026b	M=1.0280
mp-4524	Zn2Ge2P4	8	I-42d (122)	GOOD	1.1169	1.9519	N	I		1.1782	0.0000	True	1.9300	2.0600	kt1	989a18637 (tf32, t_tetrakbt -300)		72	1.8882	0.0000	0.0071	0.0049	0.0567	PASS	b1	False	fb2da026b	M=1.9630
mp-3595	Zn2Si2As4	8	I-42d (122)	NOTCONV_MAY	0.9515	1.7132	N	D		0.8902	0.0000	True	1.7300	1.8500	kt1	989a18637 (tf32, t_tetrakbt -300)		72	1.7146	0.0003	0.0019	0.0080	0.0651	PASS	b1	False	fb2da026b	R=1.7131
mp-4763	Zn2Si2P4	8	I-42d (122)	GOOD	1.1982	1.9841	N	D		1.3641	0.0000	True	2.0600	2.1700	kt1	989a18637 (tf32, t_tetrakbt -300)		72	1.9844	0.0001	0.0006	0.0032	0.0243	PASS	b1	False	fb2da026b	M=1.9810
mp-4175	Zn2Sn2P4	8	I-42d (122)	NOTCONV_MAY	0.6569	1.5776	N	D		0.7059	0.0000	True	1.6100	1.8000	kt1	989a18637 (tf32, t_tetrakbt -300)		72	1.5862	0.0000	0.0086	0.0058	0.0746	PASS	b1	False	fb2da026b	R=1.5775
mp-10281	Zn4S4	8	P6_3mc (186)	GOOD	1.9537	3.6934	N	D		2.0471	0.0011	True	3.6900	4.0800	kt1	989a18637 (tf32, t_tetrakbt -300)		72	3.7186	-0.0000	0.0252	0.0093	0.0738	PASS	b1	False	fb2da026b	M=3.6840
mp-1079889	ZnAg2SnS4	8	I-42m (121)	GOOD	0.0073	1.3069	N	D		0.2182	0.0000	True	1.0500	1.5900	kt1	989a18637 (tf32, t_tetrakbt -300)		77	1.3101	-0.0001	0.0031	0.0005	0.0039	PASS	b1	False	fb2da026b	M=1.2990
mp-6408	ZnCu2GeS4	8	I-42m (121)	GOOD	0.4033	1.4938	N	D		0.3562	0.0000	True	1.4200	1.7100	kt1	989a18637 (tf32, t_tetrakbt -300)		77	1.4988	-0.0000	0.0050	0.0008	0.0073	PASS	b1	False	fb2da026b	M=1.4710
mp-1078498	ZnCu2SiTe4	8	I-42m (121)	GOOD	0.1654	0.9444	N	I		0.1590	0.0000	True	0.9100	1.1200	kt1	989a18637 (tf32, t_tetrakbt -300)		77	0.9464	0.0001	0.0021	0.0061	0.0593	PASS	b1	False	a1d6c0e11	M=0.9590
mp-1079541	ZnCu2SnS4	8	I-4 (82)	GOOD	0.1248	1.1060	N	D		0.0944	0.0000	True	0.9200	1.3000	kt1	989a18637 (tf32, t_tetrakbt -300)		77	1.1131	0.0001	0.0072	0.0009	0.0084	PASS	b1	False	fb2da026b	M=1.1250
mp-13610	ZnPbF6	8	R-3 (148)	NOTCONV_MAY	1.9332	5.7023	N	D		1.9566	0.0000	True	5.5100	6.3900	kt1	989a18637 (tf32, t_tetrakbt -300)		47	5.7045	0.0000	0.0022	0.0003	0.0023	PASS	b1	False	fb2da026b	R=5.7015
mp-13983	ZnPdF6	8	R-3 (148)	NOTCONV_MAY	1.5683	5.1030	N	D		1.5286	0.0000	True	4.8200	5.7900	kt1	989a18637 (tf32, t_tetrakbt -300)		42	5.1031	-0.0007	-0.0007	0.0004	0.0044	PASS	b1	False	fb2da026b	R=5.1026
mp-8256	ZnPtF6	8	R-3 (148)	NOTCONV_MAY	2.0073	6.0023	N	D		2.0919	0.0000	True	5.9200	6.8300	kt1	989a18637 (tf32, t_tetrakbt -300)		42	6.0022	0.0003	0.0005	0.0003	0.0032	PASS	b1	False	fb2da026b	R=6.0023
mp-13903	ZnSnF6	8	R-3 (148)	NOTCONV_MAY	3.6964	8.3650	N	D		3.7163	0.0000	True	8.4200	9.3500	kt1	989a18637 (tf32, t_tetrakbt -300)		47	8.3844	0.0000	0.0194	0.0036	0.0291	PASS	b1	False	fb2da026b	R=8.3653
mp-9921	Zr2S6	8	P2_1/m (11)	DRIFT_GOOD	1.0295	2.3291	N	I	differs	1.0951	0.0000	True	2.3800	2.6000	kt1	989a18637 (tf32, t_tetrakbt -300)		72	2.3293	0.0001	0.0005	0.0013	0.0172	PASS	b1	False	fb2da026b	M=2.4100
mp-1683	Zr2Se6	8	P2_1/m (11)	GOOD	0.4405	1.4945	N	I		0.3975	0.0000	True	1.5300	1.6700	kt1	989a18637 (tf32, t_tetrakbt -300)		72	1.4962	0.0000	0.0022	0.0015	0.0153	PASS	b1	False	fb2da026b	M=1.5190
