# every run of every material (gw1500db_build.py): set M = May production (status table), R = reruns 09-30..10-02,
# N = database run, E1 = first ES runs (kept as a record), E = ES runs; version = ecalj of the binaries;
# rule = the ES placement in force when the run started (README, ES rules)
mpid	set	when	host	worker	verdict	iter	gaplda	gap	dqp	sec	es	rule	version	note
mp-1000	M	2026-04-03 21:30:45			GOOD	5	1.547	2.933					~/bin2	CONVERGED
mp-1000	N	2026-10-02 23:07:34	kr7	K1	CONVERGED	5	1.546430	2.963740	0.0060	257			b695fa65c	
mp-10009	M	2026-04-25 17:35:41			GOOD	4	0.373	1.388					~/bin2	CONVERGED
mp-10009	N	2026-10-03 20:52:10	kt1	D0	CONVERGED	5	0.372796	1.391430	0.0070	1648			989a18637	
mp-10009	E	2026-10-07 10:37:58	kt1es	G3	CONVERGED	5	0.372822	1.439608	0.0050	1747	2	es-c	0601771b4	
mp-10013	M	2026-04-03 21:36:36			GOOD	4	0.059	0.549					~/bin2	CONVERGED
mp-10013	N	2026-10-02 23:06:20	kr7	K0	CONVERGED	5	0.058886	0.544595	0.0100	183			b695fa65c	
mp-1001786	M	2026-04-04 11:32:39			GOOD	6	1.333	2.753					~/bin2	CONVERGED
mp-1001786	R	2026-10-01 00:27:58	kt1	R2	CONVERGED	5	1.331540	3.043529	0.0170	387			989a18637	
mp-1001786	N	2026-10-02 23:16:55	kt1	D1	CONVERGED	5	1.331540	3.043221	0.0180	295			989a18637	
mp-10044	M	2026-04-03 21:40:33			GOOD	8	1.173	1.867					~/bin2	CONVERGED
mp-10044	N	2026-10-02 23:08:07	kr7	K0	CONVERGED	4	1.172712	1.863819	0.0120	107			b695fa65c	
mp-1006878	M	2026-04-05 12:22:39			GOOD	10	2.313	5.013					~/bin2	CONVERGED
mp-1006878	N	2026-10-03 04:29:13	kr7	K0	CONVERGED	6	2.312656	5.168250	0.0030	417			b695fa65c	
mp-1006888	M	2026-04-04 11:46:44			GOOD	6	2.151	3.424					~/bin2	CONVERGED
mp-1006888	R	2026-10-01 00:32:05	kt1	R3	CONVERGED	5	2.150904	4.019836	0.0090	465			989a18637	
mp-1006888	N	2026-10-02 23:19:05	kt1	D3	CONVERGED	5	2.150904	4.019734	0.0090	389			989a18637	
mp-10074	M	2026-04-15 04:48:51			GOOD	5	1.517	2.875					~/bin2	CONVERGED
mp-10074	N	2026-10-05 04:47:00	kt1	D0	CONVERGED	5	1.517614	2.864443	0.0080	926			989a18637	
mp-1007922	M	2026-04-04 11:57:30			GOOD	8	0.934	2.506					~/bin2	CONVERGED
mp-1007922	N	2026-10-03 12:02:58	kr7	K0	CONVERGED	5	0.934008	2.540535	0.0070	769			b695fa65c	
mp-1008500	M	2026-04-04 11:57:18			GOOD	4	2.401	4.282					~/bin2	CONVERGED
mp-1008500	N	2026-10-03 12:28:21	kr7	K0	CONVERGED	6	2.401232	4.335591	0.0020	427			b695fa65c	
mp-1008505	M	2026-04-04 12:25:55			GOOD	3	0.123	0.293					~/bin2	CONVERGED
mp-1008505	N	2026-10-03 10:30:37	kr7	K1	CONVERGED	4	0.123478	0.297678	0.0350	744			b695fa65c	
mp-1008559	M	2026-04-04 12:05:32			GOOD	8	1.135	1.964					~/bin2	CONVERGED
mp-1008559	N	2026-10-03 10:53:07	kr7	K0	CONVERGED	4	1.132977	1.956155	0.0100	276			b695fa65c	
mp-10086	M	2026-04-15 06:16:29			GOOD	8	1.174	2.758					~/bin2	CONVERGED
mp-10086	N	2026-10-03 12:14:29	kt1	D2	CONVERGED	5	1.174080	2.767082	0.0060	626			989a18637	
mp-1008601	M	2026-04-04 03:16:01			GOOD	8	0.006	0.045					~/bin2	CONVERGED
mp-1008601	N	2026-10-03 02:47:09	kr7	K0	CONVERGED	4	0.005697	0.044212	0.0080	245			b695fa65c	
mp-1008680	M	2026-04-04 03:14:44			GOOD	8	0.852	1.228					~/bin2	CONVERGED
mp-1008680	N	2026-10-03 03:14:40	kr7	K1	CONVERGED	4	0.852468	1.230237	0.0680	170			b695fa65c	
mp-1009129	M	2026-04-03 21:44:39			GOOD	10	3.039	6.122					~/bin2	CONVERGED
mp-1009129	N	2026-10-02 23:28:38	kr7	K1	CONVERGED	6	3.039691	5.886910	0.0080	167			b695fa65c	
mp-10101	M	2026-04-25 18:27:42			GOOD	5	2.530	4.833					~/bin2	CONVERGED
mp-10101	N	2026-10-03 16:43:51	kt1	D1	CONVERGED	5	2.529333	4.832063	0.0140	1970			989a18637	
mp-10102	M	2026-04-10 11:59:25			GOOD	5	2.411	4.585					~/bin2	CONVERGED
mp-10102	N	2026-10-03 18:05:13	kr7	K0	CONVERGED	5	2.413095	4.625948	0.0100	694			b695fa65c	
mp-10159	M	2026-04-04 12:29:06			GOOD	5	0.608	1.724					~/bin2	CONVERGED
mp-10159	N	2026-10-03 15:39:26	kr7	K0	CONVERGED	5	0.607528	1.712742	0.0060	505			b695fa65c	
mp-10161	M	2026-04-04 03:29:36			GOOD	4	0.281	1.396					~/bin2	CONVERGED
mp-10161	N	2026-10-03 03:43:19	kr7	K1	CONVERGED	5	0.281007	1.394798	0.0090	398			b695fa65c	
mp-1016197	M	2026-04-25 18:15:42			GOOD	3	1.131	1.831					~/bin2	CONVERGED
mp-1016197	N	2026-10-04 07:00:26	kt1	D0	CONVERGED	4	1.130904	1.854327	0.0150	862			989a18637	
mp-1016200	M	2026-04-25 19:03:04			GOOD	4	0.574	1.628					~/bin2	CONVERGED
mp-1016200	N	2026-10-03 22:39:26	kt1	D2	CONVERGED	5	0.573370	1.612166	0.0070	1244			989a18637	
mp-10163	M	2026-04-25 19:20:46			GOOD	4	1.229	2.310					~/bin2	CONVERGED
mp-10163	N	2026-10-05 03:24:53	kt1	D1	CONVERGED	5	1.229164	2.347982	0.0040	1266			989a18637	
mp-10164	M	2026-04-25 19:57:13			GOOD	4	0.122	1.099					~/bin2	CONVERGED
mp-10164	N	2026-10-05 21:15:28	kt1	D2	CONVERGED	5	0.121993	1.081463	0.0110	1297			989a18637	
mp-10165	M	2026-04-25 20:21:09			GOOD	4	1.635	2.915					~/bin2	CONVERGED
mp-10165	N	2026-10-05 19:43:03	kt1	D0	CONVERGED	5	1.635034	2.927227	0.0080	1617			989a18637	
mp-10166	M	2026-04-25 20:32:18			GOOD	5	2.002	3.822					~/bin2	CONVERGED
mp-10166	N	2026-10-05 00:04:14	kt1	D0	CONVERGED	5	2.001468	3.762769	0.0050	1045			989a18637	
mp-1017439	M	2026-04-08 06:29:54			GOOD	7	2.321	4.766					~/bin2	CONVERGED
mp-1017439	N	2026-10-03 22:38:45	kr7	K1	CONVERGED	5	2.320915	4.944794	0.0080	344			b695fa65c	
mp-10175	M	2026-04-08 06:57:41			GOOD	8	2.911	6.899					~/bin2	CONVERGED
mp-10175	N	2026-10-03 20:37:27	kr7	K1	CONVERGED	6	2.911818	7.055788	0.0020	532			b695fa65c	
mp-1017514	M	2026-04-04 12:32:59			NOTCONV	10	4.078	5.759					~/bin2	MAXITER_NOTCONV
mp-1017514	R	2026-10-01 03:18:38	kt1	R1	CONVERGED	5	4.078558	6.065007	0.0020	218			989a18637	
mp-1017514	N	2026-10-03 05:35:54	kr7	K0	CONVERGED	5	4.078558	6.064816	0.0020	230			b695fa65c	
mp-1017548	M	2026-04-08 07:16:52			GOOD	4	0.651	1.663					~/bin2	CONVERGED
mp-1017548	N	2026-10-03 19:36:50	kr7	K1	CONVERGED	5	0.650418	1.664611	0.0100	575			b695fa65c	
mp-1017552	M	2026-04-08 07:35:43			GOOD	5	1.113	1.866					~/bin2	CONVERGED
mp-1017552	N	2026-10-04 01:41:38	kr7	K1	CONVERGED	4	1.112962	1.827564	0.0210	414			b695fa65c	
mp-1017565	M	2026-04-08 08:14:44			GOOD	8	0.077	0.935					~/bin2	CONVERGED
mp-1017565	N	2026-10-03 19:36:20	kr7	K0	CONVERGED	5	0.077593	0.933887	0.0060	596			b695fa65c	
mp-1017565	E	2026-10-05 15:50:00	kr7es	F0	CONVERGED	5	0.077478	0.956029	0.0060	1541	1	es-a	614ab5eb8	
mp-1017567	M	2026-04-08 08:17:38			GOOD	8	0.940	2.079					~/bin2	CONVERGED
mp-1017567	N	2026-10-04 08:42:29	kr7	K1	CONVERGED	5	0.940516	2.074783	0.0060	544			b695fa65c	
mp-1017628	M	2026-04-08 08:40:12			GOOD	3	0.757	1.736					~/bin2	CONVERGED
mp-1017628	N	2026-10-04 02:38:54	kr7	K1	CONVERGED	4	0.758722	1.737462	0.0100	414			b695fa65c	
mp-1018033	M	2026-04-04 12:39:18			GOOD	10	0.571	1.557					~/bin2	CONVERGED
mp-1018033	N	2026-10-02 23:18:56	kt1	D0	CONVERGED	6	0.571340	1.770631	0.0240	364			989a18637	
mp-1018040	M	2026-04-04 12:47:10			GOOD	8	2.433	4.468					~/bin2	CONVERGED
mp-1018040	N	2026-10-03 15:59:39	kr7	K0	CONVERGED	5	2.432930	4.500084	0.0130	626			b695fa65c	
mp-1018094	M	2026-04-04 13:03:46			GOOD	4	0.000	0.568					~/bin2	CONVERGED
mp-1018094	N	2026-10-03 13:47:01	kr7	K1	CONVERGED	5	0.000001	0.659940	0.0070	740			b695fa65c	
mp-1018095	M	2026-04-04 13:06:46			GOOD	4	0.068	0.687					~/bin2	CONVERGED
mp-1018095	N	2026-10-03 14:43:44	kr7	K0	CONVERGED	5	0.069276	0.691373	0.0030	549			b695fa65c	
mp-1018096	M	2026-04-04 13:18:44			GOOD	7	0.906	2.112					~/bin2	CONVERGED
mp-1018096	N	2026-10-03 08:44:24	kr7	K1	CONVERGED	5	0.906514	2.358809	0.0070	630			b695fa65c	
mp-1018098	M	2026-04-04 13:25:53			NOTCONV	10	1.013	2.424					~/bin2	MAXITER_NOTCONV
mp-1018098	R	2026-10-01 03:25:01	kt1	R3	CONVERGED	5	1.013612	2.317010	0.0070	601			989a18637	
mp-1018098	N	2026-10-04 14:14:04	kr7	K1	CONVERGED	5	1.013612	2.317181	0.0060	870			b695fa65c	
mp-1018099	M	2026-04-04 13:38:01			GOOD	5	0.963	2.221					~/bin2	CONVERGED
mp-1018099	N	2026-10-03 13:52:29	kr7	K0	CONVERGED	5	0.962961	2.358536	0.0100	804			b695fa65c	
mp-1018115	M	2026-04-04 13:49:58			GOOD	8	0.989	1.619					~/bin2	CONVERGED
mp-1018115	N	2026-10-03 14:36:36	kr7	K1	CONVERGED	4	0.988732	1.616066	0.0200	651			b695fa65c	
mp-1018141	M	2026-04-06 16:38:31			GOOD	4	1.330	3.254					~/bin2	CONVERGED
mp-1018141	N	2026-10-02 23:06:27	kt1	D0	CONVERGED	5	1.325075	3.289797	0.0040	223			989a18637	
mp-10182	M	2026-04-04 03:26:13			GOOD	10	1.183	1.931					~/bin2	CONVERGED
mp-10182	N	2026-10-03 03:36:41	kr7	K1	CONVERGED	5	1.183561	1.932886	0.0050	194			b695fa65c	
mp-1018275	M	2026-04-04 13:51:45			GOOD	8	0.718	1.417					~/bin2	CONVERGED
mp-1018275	N	2026-10-03 19:03:51	kr7	K0	CONVERGED	4	0.717146	1.404775	0.0240	477			b695fa65c	
mp-1018630	M	2026-04-08 08:47:10			GOOD	3	0.606	1.488					~/bin2	CONVERGED
mp-1018630	N	2026-10-04 02:56:24	kr7	K1	CONVERGED	5	0.605654	1.511849	0.0050	402			b695fa65c	
mp-1018651	M	2026-04-15 07:34:36			GOOD	8	2.023	4.108					~/bin2	CONVERGED
mp-1018651	N	2026-10-05 04:26:21	kt1	D1	CONVERGED	6	2.023009	4.104012	0.0030	858			989a18637	
mp-1018656	M	2026-04-15 09:44:27			FAILED	6	1.398						~/bin2	NOGAP_GAP_COLLAPSED(LDA gap 1.40 eV)
mp-1018656	R	2026-09-30 03:35:58	kt1	W3	CONVERGED	6	1.396659	3.825459		472			989a18637	
mp-1018656	N	2026-10-05 21:39:58	kt1	D3	CONVERGED	6	1.396659	3.825427	0.0020	308			989a18637	
mp-1018721	M	2026-04-15 11:26:12			GOOD	5	4.517	6.865					~/bin2	CONVERGED
mp-1018721	N	2026-10-05 05:59:53	kt1	D3	CONVERGED	5	4.517621	6.855472	0.0130	423			989a18637	
mp-1018722	M	2026-04-15 14:20:18			GOOD	4	0.943	1.808					~/bin2	CONVERGED
mp-1018722	N	2026-10-05 07:38:40	kt1	D2	CONVERGED	5	0.943851	1.800928	0.0100	3039			989a18637	
mp-1018736	M	2026-04-15 17:10:04			GOOD	4	0.023	0.898					~/bin2	CONVERGED
mp-1018736	N	2026-10-04 15:49:29	kt1	D2	CONVERGED	5	0.023482	0.905461	0.0120	1238			989a18637	
mp-1018737	M	2026-04-15 19:19:22			GOOD	8	1.551	2.851					~/bin2	CONVERGED
mp-1018737	N	2026-10-05 05:56:30	kt1	D1	CONVERGED	5	1.550113	2.842899	0.0080	1163			989a18637	
mp-1018807	M	2026-04-15 20:54:34			GOOD	8	1.177	1.965					~/bin2	CONVERGED
mp-1018807	N	2026-10-05 06:24:42	kt1	D0	CONVERGED	4	1.177632	1.955959	0.0090	434			989a18637	
mp-1018809	M	2026-04-15 22:15:06			GOOD	8	1.229	1.990					~/bin2	CONVERGED
mp-1018809	N	2026-10-03 02:57:07	kt1	D3	CONVERGED	4	1.228837	2.064058	0.0130	378			989a18637	
mp-1018888	M	2026-04-16 03:13:44			GOOD	5	0.603	3.604					~/bin2	CONVERGED
mp-1018888	N	2026-10-03 19:08:50	kt1	D0	CONVERGED	6	0.603505	3.595955	0.0140	1788			989a18637	
mp-1018891	M	2026-04-16 07:00:18			GOOD	5	0.403	2.416					~/bin2	CONVERGED
mp-1018891	N	2026-10-04 16:29:25	kt1	D2	CONVERGED	7	0.404001	2.424143	0.0080	1463			989a18637	
mp-1019089	M	2026-04-16 09:17:31			GOOD	8	1.050	2.343					~/bin2	CONVERGED
mp-1019089	N	2026-10-05 05:21:21	kt1	D3	CONVERGED	5	1.048891	2.341863	0.0160	830			989a18637	
mp-1019105	M	2026-04-16 12:29:02			GOOD	4	0.367	1.290					~/bin2	CONVERGED
mp-1019105	N	2026-10-04 05:55:14	kt1	D3	CONVERGED	5	0.366139	1.282397	0.0050	1083			989a18637	
mp-1019258	M	2026-04-16 13:32:26			GOOD	6	5.738	9.640					~/bin2	CONVERGED
mp-1019258	N	2026-10-03 21:42:26	kt1	D2	CONVERGED	5	5.738370	9.783306	0.0090	895			989a18637	
mp-1019269	M	2026-05-04 13:57:55			FAILED	2	1.794						~/bin2	NOGAP_GAP_COLLAPSED(LDA gap 1.79 eV, previous QSGW iteration 1.71 eV)
mp-1019269	R	2026-09-30 03:42:56	kt1	W4	CONVERGED	6	1.793758	3.964839		645			989a18637	
mp-1019269	N	2026-10-05 22:06:53	kt1	D0	CONVERGED	6	1.793758	3.964772	0.0030	445			989a18637	
mp-1019322	M	2026-04-18 10:01:55			GOOD	3	1.131	1.679					~/bin2	CONVERGED
mp-1019322	N	2026-10-04 00:25:07	kt1	D0	CONVERGED	4	1.131368	1.678378	0.0090	517			989a18637	
mp-1019888	M	2026-04-18 09:50:33			GOOD	6	1.641	3.865					~/bin2	CONVERGED
mp-1019888	N	2026-10-04 18:43:48	kt1	D3	CONVERGED	6	1.639711	3.849084	0.0010	1092			989a18637	
mp-10219	M	2026-04-18 10:14:03			GOOD	8	5.032	7.585					~/bin2	CONVERGED
mp-10219	N	2026-10-03 06:41:01	kt1	D1	CONVERGED	5	5.033774	7.522199	0.0140	368			989a18637	
mp-1022	M	2026-04-04 03:34:27			GOOD	6	2.138	4.344					~/bin2	CONVERGED
mp-1022	N	2026-10-03 05:23:45	kr7	K0	CONVERGED	5	2.137274	4.346004	0.0070	329			b695fa65c	
mp-1022	E1	2026-10-05 03:51:15	kr7e1	E0	CONVERGED	6	2.136770	4.346602	0.0010	335	1		b695fa65c	
mp-1022	E	2026-10-06 18:12:09	kt1es	G2	CONVERGED	6	2.136786	4.353656	0.0020	1817	1	es-c	0601771b4	
mp-10226	M	2026-04-04 14:04:17			FAILED	7	2.118						~/bin2	NOGAP_GAP_COLLAPSED(LDA gap 2.12 eV, previous QSGW iteration 3.62 eV)
mp-10226	R	2026-09-30 03:00:20	kt1	W3	CONVERGED	5	2.117783	3.870547		438			989a18637	
mp-10226	N	2026-10-04 13:25:49	kr7	K0	CONVERGED	5	2.117783	3.870808	0.0070	683			b695fa65c	
mp-10250	M	2026-04-08 09:02:24			NOTCONV	10	6.622	11.094					~/bin2	MAXITER_NOTCONV
mp-10250	R	2026-10-01 04:30:57	kt1	R5	CONVERGED	6	6.619731	10.862510	none	435			989a18637	
mp-10250	N	2026-10-04 15:08:42	kr7	K1	CONVERGED	6	6.619731	10.862279	none	377			b695fa65c	
mp-1025299	M	2026-04-23 09:30:03			GOOD	4	0.000	0.526					~/bin2	CONVERGED
mp-1025299	N	2026-10-04 08:51:46	kt1	D2	CONVERGED	5	0.000001	0.520944	0.0060	2626			989a18637	
mp-1025377	M	2026-04-23 09:20:43			GOOD	5	1.568	3.489					~/bin2	CONVERGED
mp-1025377	N	2026-10-03 15:48:17	kt1	D0	CONVERGED	5	1.567126	3.431024	0.0170	2283			989a18637	
mp-1025396	M	2026-04-25 21:11:27			GOOD	4	1.980	2.973					~/bin2	CONVERGED
mp-1025396	N	2026-10-04 10:09:24	kt1	D3	CONVERGED	5	1.980388	2.897987	0.0050	1287			989a18637	
mp-1025397	M	2026-04-25 20:59:57			GOOD	3	0.141	0.265					~/bin2	CONVERGED
mp-1025397	N	2026-10-05 13:23:06	kt1	D3	CONVERGED	4	0.141184	0.263908	0.0050	566			989a18637	
mp-1025549	M	2026-04-25 21:46:20			GOOD	3	1.523	2.330					~/bin2	CONVERGED
mp-1025549	N	2026-10-03 05:19:04	kt1	D3	CONVERGED	4	1.523153	2.308913	0.0750	1117			989a18637	
mp-10281	M	2026-04-25 21:55:40			GOOD	4	1.953	3.684					~/bin2	CONVERGED
mp-10281	N	2026-10-05 05:01:29	kt1	D2	CONVERGED	5	1.953707	3.693403	0.0070	1184			989a18637	
mp-1029	M	2026-04-04 03:35:01			GOOD	6	6.525	10.621					~/bin2	CONVERGED
mp-1029	N	2026-10-03 01:17:15	kr7	K1	CONVERGED	6	6.525809	10.365044	none	208			b695fa65c	
mp-1029	E1	2026-10-05 03:55:05	kr7e1	E0	CONVERGED	6	6.520259	10.261095	1.5280	230	1		b695fa65c	
mp-1029	E	2026-10-06 18:15:22	kt1es	G0	CONVERGED	6	6.520688	10.268596	1.5290	349	1	es-c	0601771b4	
mp-10293	M	2026-04-18 10:47:38			GOOD	6	2.017	4.393					~/bin2	CONVERGED
mp-10293	N	2026-10-04 09:58:02	kt1	D0	CONVERGED	5	2.012730	4.334653	0.0050	921			989a18637	
mp-10322	M	2026-04-25 22:31:35			GOOD	4	1.110	2.592					~/bin2	CONVERGED
mp-10322	N	2026-10-04 08:38:45	kt1	D1	CONVERGED	5	1.111223	2.591042	0.0060	1177			989a18637	
mp-10378	M	2026-04-04 14:11:13			GOOD	6	0.480	1.656					~/bin2	CONVERGED
mp-10378	N	2026-10-03 17:15:56	kr7	K0	CONVERGED	5	0.479976	1.613877	0.0120	626			b695fa65c	
mp-10381	M	2026-04-25 23:51:40			GOOD	4	1.068	2.039					~/bin2	CONVERGED
mp-10381	N	2026-10-03 08:09:01	kt1	D0	CONVERGED	5	1.067200	2.041733	0.0170	2690			989a18637	
mp-1039	M	2026-04-04 14:21:35			GOOD	4	2.213	3.921					~/bin2	CONVERGED
mp-1039	N	2026-10-03 07:35:08	kr7	K0	CONVERGED	5	2.211974	3.922108	0.0100	657			b695fa65c	
mp-1039	E1	2026-10-05 05:52:26	kr7e1	E0	CONVERGED	5	2.211855	3.868280	0.0080	586	2		b695fa65c	
mp-1039	E	2026-10-06 18:19:44	kt1es	G2	CONVERGED	5	2.211996	3.876476	0.0080	455	2	es-c	0601771b4	
mp-10408	M	2026-04-08 09:42:08			GOOD	6	3.124	5.608					~/bin2	CONVERGED
mp-10408	N	2026-10-04 01:07:29	kr7	K1	CONVERGED	5	3.121863	5.658988	0.0040	1891			b695fa65c	
mp-10417	M	2026-04-25 23:23:39			GOOD	4	1.880	3.620					~/bin2	CONVERGED
mp-10417	N	2026-10-04 19:34:17	kt1	D1	CONVERGED	5	1.879633	3.777659	0.0180	1077			989a18637	
mp-10418	M	2026-04-26 00:25:30			GOOD	5	2.154	4.100					~/bin2	CONVERGED
mp-10418	N	2026-10-05 13:52:25	kt1	D3	CONVERGED	5	2.154464	4.132375	0.0130	1759			989a18637	
mp-10421	M	2026-04-13 10:13:31			GOOD	4	2.106	4.079					~/bin2	CONVERGED
mp-10421	N	2026-10-03 05:52:10	kr7	K0	CONVERGED	5	2.106070	4.209043	0.0150	464			b695fa65c	
mp-10422	M	2026-04-04 14:34:18			GOOD	6	1.246	2.969					~/bin2	CONVERGED
mp-10422	N	2026-10-02 23:19:25	kt1	D2	CONVERGED	5	1.243692	2.934834	0.0180	296			989a18637	
mp-10423	M	2026-04-15 15:50:54			GOOD	10	1.934	3.950					~/bin2	CONVERGED
mp-10423	R	2026-10-01 00:36:12	kt1	R2	CONVERGED	5	1.932075	3.931921	0.0120	494			989a18637	
mp-10423	N	2026-10-02 23:22:23	kt1	D1	CONVERGED	5	1.932075	3.931920	0.0120	328			989a18637	
mp-10426	M	2026-04-23 09:55:00			GOOD	5	1.657	3.090					~/bin2	CONVERGED
mp-10426	N	2026-10-03 18:25:44	kt1	D3	CONVERGED	5	1.657564	2.990803	0.0130	885			989a18637	
mp-10437	M	2026-04-08 09:59:59			GOOD	5	0.394	1.322					~/bin2	CONVERGED
mp-10437	N	2026-10-04 03:28:01	kr7	K1	CONVERGED	5	0.395998	1.343994	0.0200	993			b695fa65c	
mp-10474	M	2026-04-26 00:03:43			GOOD	8	7.205	12.748					~/bin2	CONVERGED
mp-10474	R	2026-10-01 01:00:31	kt1	R4	CONVERGED	6	7.204046	12.780387	none	419			989a18637	
mp-10474	N	2026-10-03 05:17:28	kt1	D2	CONVERGED	6	7.204046	12.781049	none	855			989a18637	
mp-10474	E	2026-10-07 10:27:47	kt1es	G1	MAXITER	10	7.199295	none	0.2460	1058	2	es-c	0601771b4	
mp-10485	M	2026-04-18 10:52:53			GOOD	4	0.700	1.618					~/bin2	CONVERGED
mp-10485	N	2026-10-03 14:09:54	kt1	D1	CONVERGED	5	0.700054	1.623227	0.0120	1011			989a18637	
mp-10497	M	2026-04-18 11:31:31			FAILED	2	2.120						~/bin2	NOGAP_GAP_COLLAPSED(LDA gap 2.12 eV, previous QSGW iteration 1.71 eV)
mp-10497	R	2026-09-30 03:47:04	kt1	W1	CONVERGED	5	2.117045	4.424389		820			989a18637	
mp-10497	N	2026-10-05 23:00:24	kt1	D0	CONVERGED	5	2.117045	4.424341	0.0090	644			989a18637	
mp-10550	M	2026-04-08 10:15:58			GOOD	4	1.692	2.957					~/bin2	CONVERGED
mp-10550	N	2026-10-03 21:03:28	kr7	K0	CONVERGED	5	1.692196	2.998894	0.0090	563			b695fa65c	
mp-1056418	M	2026-04-03 22:32:05			FAILED	1	0.433						~/bin2	NOGAP_GAP_COLLAPSED(LDA gap 0.43 eV)
mp-1056418	R	2026-09-30 01:23:17	kt1	W4	NOGAP	1	0.436487	none		904			989a18637	
mp-1056418	R	2026-10-01 00:52:39	kt1	M3	CONVERGED	10	0.436487	1.671738	0.0230	6169			989a18637	
mp-1056418	E1	2026-10-05 02:16:20	kr7e1	E0	FAIL(1)	2	0.436532	0.170328	3.9080	2139	2		b695fa65c	
mp-1056418	E	2026-10-05 02:16:20	kr7es	E0	FAIL(1)	2	0.436532	0.170328	3.9080	2139	2	es-a	b695fa65c	
mp-1056418	E	2026-10-07 04:38:45	kt1es	G2	MAXITER	10	0.436447	1.618435	0.4580	6621	2	es-c	0601771b4	
mp-1056920	M	2026-04-03 21:53:16			GOOD	4	3.405	5.748					~/bin2	CONVERGED
mp-1056920	N	2026-10-02 23:49:53	kr7	K1	CONVERGED	5	3.404153	5.836104	0.0120	284			b695fa65c	
mp-10572	M	2026-04-26 00:23:28			GOOD	6	4.620	6.904					~/bin2	CONVERGED
mp-10572	N	2026-10-03 10:03:26	kt1	D1	CONVERGED	5	4.619066	6.910168	0.0060	675			989a18637	
mp-1057286	M	2026-04-03 21:57:51			GOOD	4	1.959	4.596					~/bin2	CONVERGED
mp-1057286	N	2026-10-03 00:45:52	kr7	K0	CONVERGED	6	1.956513	4.666657	0.0030	162			b695fa65c	
mp-10614	M	2026-04-04 03:44:27			GOOD	4	0.713	1.583					~/bin2	CONVERGED
mp-10614	N	2026-10-03 03:23:49	kr7	K1	CONVERGED	5	0.717185	1.598853	0.0080	291			b695fa65c	
mp-10615	M	2026-04-04 03:45:01			GOOD	4	0.584	1.490					~/bin2	CONVERGED
mp-10615	N	2026-10-03 03:33:27	kr7	K1	CONVERGED	5	0.582109	1.510382	0.0120	320			b695fa65c	
mp-10616	M	2026-04-04 03:56:32			GOOD	4	0.493	1.402					~/bin2	CONVERGED
mp-10616	N	2026-10-03 03:47:49	kr7	K1	CONVERGED	5	0.491848	1.389026	0.0230	270			b695fa65c	
mp-10618	M	2026-04-04 14:43:36			GOOD	5	0.665	1.695					~/bin2	CONVERGED
mp-10618	N	2026-10-03 15:04:24	kr7	K0	CONVERGED	5	0.664110	1.696442	0.0050	441			b695fa65c	
mp-1062030	M	2026-04-04 04:06:12			GOOD	5	0.010	2.321					~/bin2	CONVERGED
mp-1062030	N	2026-10-04 18:14:06	kr7	K1	CONVERGED	6	0.010585	2.351518	0.0130	1781			b695fa65c	
mp-1062030	E1	2026-10-05 03:56:06	kr7e1	E0	FAIL(1)	0	none	none	none	61	1		b695fa65c	
mp-1062030	E	2026-10-05 03:56:06	kr7es	E0	FAIL(1)	0	none	none	none	61	1	es-a	b695fa65c	
mp-1062030	E	2026-10-07 03:10:25	kt1es	G0	CONVERGED	6	0.010603	2.342375	0.0110	1263	1	es-c	0601771b4	
mp-1062676	M	2026-04-04 04:05:43			GOOD	4	1.321	3.046					~/bin2	CONVERGED
mp-1062676	N	2026-10-03 03:03:13	kr7	K0	CONVERGED	6	1.320991	3.050375	0.0020	284			b695fa65c	
mp-1062676	E1	2026-10-05 04:02:16	kr7e1	E0	CONVERGED	6	1.320154	2.978311	0.0070	370	1		b695fa65c	
mp-1062676	E	2026-10-06 18:20:26	kt1es	G1	CONVERGED	6	1.320400	2.993681	0.0060	468	1	es-c	0601771b4	
mp-10627	M	2026-04-03 22:03:24			GOOD	4	1.622	3.326					~/bin2	CONVERGED
mp-10627	N	2026-10-02 23:55:58	kr7	K1	CONVERGED	5	1.620430	3.280341	0.0060	160			b695fa65c	
mp-1063670	M	2026-04-04 15:02:05			GOOD	3	0.841	1.364					~/bin2	CONVERGED
mp-1063670	N	2026-10-02 23:26:11	kt1	D3	CONVERGED	4	0.840879	1.346686	0.0150	426			989a18637	
mp-10644	M	2026-04-26 01:14:36			GOOD	4	2.104	3.066					~/bin2	CONVERGED
mp-10644	N	2026-10-05 05:08:53	kt1	D0	CONVERGED	5	2.104525	3.099313	0.0050	1313			989a18637	
mp-10653	M	2026-04-03 22:10:17			GOOD	6	0.347	1.363					~/bin2	CONVERGED
mp-10653	N	2026-10-02 23:57:07	kr7	K0	CONVERGED	5	0.345363	1.359998	0.0110	248			b695fa65c	
mp-1065405	M	2026-04-21 08:44:59			GOOD	5	1.985	4.037					~/bin2	CONVERGED
mp-1065405	N	2026-10-03 14:06:47	kr7	K0	CONVERGED	5	1.985982	4.056661	0.0130	530			b695fa65c	
mp-1065514	M	2026-04-04 15:17:03			GOOD	5	0.571	1.237					~/bin2	CONVERGED
mp-1065514	N	2026-10-03 11:32:56	kr7	K0	CONVERGED	4	0.571477	1.227760	0.0210	909			b695fa65c	
mp-1066131	M	2026-04-04 15:21:53			GOOD	7	1.374	2.578					~/bin2	CONVERGED
mp-1066131	R	2026-10-01 00:40:04	kt1	R3	CONVERGED	5	1.374162	2.285675	0.0070	479			989a18637	
mp-1066131	N	2026-10-02 23:27:52	kt1	D2	CONVERGED	5	1.374162	2.285649	0.0070	507			989a18637	
mp-1066400	M	2026-04-04 15:27:47			GOOD	8	3.986	6.712					~/bin2	CONVERGED
mp-1066400	N	2026-10-03 12:21:14	kr7	K0	CONVERGED	5	3.985482	7.066000	0.0030	324			b695fa65c	
mp-1066400	E1	2026-10-05 05:47:12	kr7e1	E1	FAIL(1)	0	3.979451	none	none	100	2		b695fa65c	
mp-1066400	E	2026-10-05 05:47:12	kr7es	E1	FAIL(1)	0	3.979451	none	none	100	2	es-a	b695fa65c	
mp-1066400	E	2026-10-07 03:10:17	kt1es	G3	CONVERGED	5	3.985770	6.874162	0.0090	553	1	es-c	0601771b4	
mp-10667	M	2026-04-18 11:26:09			GOOD	4	0.021	0.837					~/bin2	CONVERGED
mp-10667	N	2026-10-03 09:33:53	kt1	D1	CONVERGED	5	0.020569	0.842632	0.0060	1107			989a18637	
mp-1066781	M	2026-04-04 15:57:27			GOOD	5	1.666	4.373					~/bin2	CONVERGED
mp-1066781	N	2026-10-03 16:37:02	kr7	K0	CONVERGED	6	1.665063	4.410483	0.0090	1474			b695fa65c	
mp-1067744	M	2026-04-04 15:47:18			GOOD	8	1.157	1.879					~/bin2	CONVERGED
mp-1067744	N	2026-10-03 07:51:07	kr7	K1	CONVERGED	5	1.159234	1.999638	0.0070	868			b695fa65c	
mp-10680	M	2026-04-03 22:16:33			GOOD	4	1.186	2.751					~/bin2	CONVERGED
mp-10680	N	2026-10-02 23:41:30	kr7	K1	CONVERGED	5	1.184098	2.688824	0.0060	165			b695fa65c	
mp-1068011	M	2026-04-08 10:29:09			GOOD	4	0.563	1.197					~/bin2	CONVERGED
mp-1068011	N	2026-10-04 12:06:06	kr7	K1	CONVERGED	5	0.563024	1.210618	0.0460	521			b695fa65c	
mp-1068340	M	2026-04-08 12:16:36			GOOD	4	1.133	2.559					~/bin2	CONVERGED
mp-1068340	N	2026-10-04 06:31:35	kr7	K1	CONVERGED	5	1.133406	2.522818	0.0110	1229			b695fa65c	
mp-1068577	M	2026-04-08 11:00:37			FAILED	3	2.178						~/bin2	NOGAP_GAP_COLLAPSED(LDA gap 2.18 eV, previous QSGW iteration 0.98 eV)
mp-1068577	R	2026-09-30 03:11:55	kt1	W1	CONVERGED	5	2.178316	3.434653		248			989a18637	
mp-1068577	N	2026-10-03 06:23:50	kt1	D0	CONVERGED	5	2.178316	3.434461	0.0230	437			989a18637	
mp-1068813	M	2026-04-08 13:10:40			GOOD	4	0.605	1.589					~/bin2	CONVERGED
mp-1068813	N	2026-10-03 21:42:55	kr7	K0	CONVERGED	5	0.604792	1.606955	0.0150	1846			b695fa65c	
mp-1068813	E	2026-10-05 16:18:10	kr7es	F1	CONVERGED	5	0.604690	1.607897	0.0100	2716	1	es-a	614ab5eb8	
mp-1068941	M	2026-04-08 13:32:06			GOOD	4	0.897	2.621					~/bin2	CONVERGED
mp-1068941	N	2026-10-04 10:55:04	kr7	K0	CONVERGED	5	0.897190	2.636407	0.0130	977			b695fa65c	
mp-1068977	M	2026-04-08 13:56:03			GOOD	4	1.402	2.859					~/bin2	CONVERGED
mp-1068977	N	2026-10-04 11:06:28	kr7	K0	CONVERGED	6	1.403911	2.898730	0.0040	684			b695fa65c	
mp-1069193	M	2026-04-08 16:50:24			GOOD	5	0.128	1.229					~/bin2	CONVERGED
mp-1069193	N	2026-10-03 20:34:03	kr7	K0	CONVERGED	6	0.127963	1.230339	0.0200	3011			b695fa65c	
mp-1069193	E	2026-10-05 16:53:05	kr7es	F0	CONVERGED	6	0.128159	1.262820	0.0190	3785	2	es-a	614ab5eb8	
mp-10694	M	2026-04-04 15:53:59			GOOD	10	6.032	11.653					~/bin2	CONVERGED
mp-10694	N	2026-10-02 23:30:45	kt1	D1	CONVERGED	6	6.030852	11.937351	none	502			989a18637	
mp-10694	E1	2026-10-05 05:53:54	kr7e1	E1	CONVERGED	6	6.030381	11.962975	none	402	1		b695fa65c	
mp-10694	E	2026-10-06 18:22:53	kt1es	G0	CONVERGED	6	6.031738	11.954872	none	451	1	es-c	0601771b4	
mp-10695	M	2026-04-03 22:21:42			GOOD	9	1.918	3.677					~/bin2	CONVERGED
mp-10695	N	2026-10-03 00:19:43	kr7	K0	CONVERGED	6	1.918112	3.694850	0.0040	234			b695fa65c	
mp-1069533	M	2026-04-08 15:15:52			GOOD	5	1.913	3.246					~/bin2	CONVERGED
mp-1069533	N	2026-10-04 12:38:03	kr7	K0	CONVERGED	5	1.913307	3.221320	0.0100	965			b695fa65c	
mp-1069538	M	2026-04-08 16:41:25			GOOD	4	1.235	2.287					~/bin2	CONVERGED
mp-1069538	N	2026-10-04 02:32:00	kr7	K1	CONVERGED	5	1.234735	2.339695	0.0130	1222			b695fa65c	
mp-1069538	E	2026-10-05 17:01:28	kr7es	F1	CONVERGED	5	1.234632	2.298550	0.0110	2598	3	es-a	614ab5eb8	
mp-1069695	M	2026-04-08 17:54:02			GOOD	4	0.401	1.340					~/bin2	CONVERGED
mp-1069695	N	2026-10-04 02:29:50	kr7	K0	CONVERGED	5	0.400915	1.340003	0.0070	1161			b695fa65c	
mp-1069695	E	2026-10-05 17:23:11	kr7es	F0	CONVERGED	5	0.400809	1.326031	0.0090	1806	1	es-a	614ab5eb8	
mp-1069706	M	2026-04-08 18:06:06			GOOD	4	0.639	2.048					~/bin2	CONVERGED
mp-1069706	N	2026-10-04 02:10:29	kr7	K0	CONVERGED	5	0.639488	2.047005	0.0130	1011			b695fa65c	
mp-1069771	M	2026-04-08 19:24:54			GOOD	4	0.730	2.188					~/bin2	CONVERGED
mp-1069771	N	2026-10-04 12:21:56	kr7	K0	CONVERGED	5	0.729437	2.208815	0.0110	1241			b695fa65c	
mp-1069819	M	2026-04-08 18:57:06			GOOD	3	1.000	3.609					~/bin2	CONVERGED
mp-1069819	N	2026-10-03 01:21:43	kt1	D2	CONVERGED	6	0.999475	4.123316	0.0010	566			989a18637	
mp-1069819	E	2026-10-06 16:47:38	kt1es	G2	CONVERGED	6	0.999353	4.139702	0.0110	692	2	es-c	0601771b4	
mp-1070	M	2026-04-04 16:11:31			GOOD	4	0.338	1.776					~/bin2	CONVERGED
mp-1070	N	2026-10-03 17:39:22	kr7	K0	CONVERGED	5	0.339247	1.788500	0.0140	648			b695fa65c	
mp-1070099	M	2026-04-08 20:13:53			GOOD	10	0.113	0.375					~/bin2	CONVERGED
mp-1070099	N	2026-10-04 08:26:42	kr7	K0	CONVERGED	5	0.112883	0.373960	0.0050	1099			b695fa65c	
mp-1070356	M	2026-04-08 21:27:11			GOOD	4	0.549	1.408					~/bin2	CONVERGED
mp-1070356	N	2026-10-04 05:09:51	kr7	K1	CONVERGED	5	0.549200	1.412565	0.0070	1594			b695fa65c	
mp-1070375	M	2026-04-08 21:15:41			GOOD	10	0.738	1.994					~/bin2	CONVERGED
mp-1070375	N	2026-10-04 07:47:19	kr7	K0	CONVERGED	5	0.737967	2.025722	0.0150	599			b695fa65c	
mp-1070498	M	2026-04-08 23:05:07			GOOD	9	0.761	2.093					~/bin2	CONVERGED
mp-1070498	N	2026-10-04 12:01:14	kr7	K0	CONVERGED	5	0.761607	2.067016	0.0080	1560			b695fa65c	
mp-1071032	M	2026-04-18 12:08:07			GOOD	4	0.894	2.817					~/bin2	CONVERGED
mp-1071032	N	2026-10-05 11:21:36	kt1	D3	CONVERGED	5	0.893735	2.816722	0.0090	879			989a18637	
mp-1071269	M	2026-04-18 12:35:03			GOOD	3	0.593	1.164					~/bin2	CONVERGED
mp-1071269	N	2026-10-03 03:04:35	kt1	D1	CONVERGED	4	0.593566	1.163426	0.0130	740			989a18637	
mp-1071319	M	2026-04-18 12:56:06			GOOD	9	0.106	1.104					~/bin2	CONVERGED
mp-1071319	N	2026-10-05 04:14:19	kt1	D3	CONVERGED	5	0.105524	1.103529	0.0030	958			989a18637	
mp-1071625	M	2026-04-18 13:26:38			GOOD	5	2.278	4.579					~/bin2	CONVERGED
mp-1071625	N	2026-10-04 03:03:38	kt1	D3	CONVERGED	5	2.276914	4.569224	0.0170	1468			989a18637	
mp-1071625	E	2026-10-05 20:10:09	kr7es	F1	CONVERGED	5	2.276955	4.499192	0.0140	2540	8	es-a	614ab5eb8	
mp-1071820	M	2026-04-18 13:15:22			NOTCONV	10	4.447	7.795					~/bin2	MAXITER_NOTCONV
mp-1071820	R	2026-10-01 06:00:27	kt1	R3	CONVERGED	6	4.447308	8.110389	0.0010	701			989a18637	
mp-1071820	N	2026-10-05 22:15:47	kt1	D1	CONVERGED	6	4.447308	8.111486	0.0010	449			989a18637	
mp-1071955	M	2026-04-18 14:07:33			GOOD	10	2.420	4.804					~/bin2	CONVERGED
mp-1071955	N	2026-10-03 03:07:55	kt1	D2	CONVERGED	5	2.419932	4.789214	0.0130	881			989a18637	
mp-1071955	E	2026-10-05 20:13:38	kr7es	F0	CONVERGED	5	2.419708	4.706841	0.0140	2321	1	es-a	614ab5eb8	
mp-1072104	M	2026-04-18 13:56:27			GOOD	9	1.220	3.849					~/bin2	CONVERGED
mp-1072104	N	2026-10-04 15:25:59	kt1	D3	CONVERGED	6	1.222470	3.687068	0.0080	758			989a18637	
mp-1072399	M	2026-04-18 14:05:59			GOOD	8	0.139	0.355					~/bin2	CONVERGED
mp-1072399	N	2026-10-03 19:13:12	kt1	D3	CONVERGED	4	0.139742	0.357753	0.0040	236			989a18637	
mp-1072429	M	2026-04-18 14:45:07			GOOD	8	0.133	0.443					~/bin2	CONVERGED
mp-1072429	N	2026-10-05 08:43:30	kt1	D0	CONVERGED	4	0.132721	0.443441	0.0190	716			989a18637	
mp-1072589	M	2026-04-18 15:04:35			GOOD	8	0.229	0.477					~/bin2	CONVERGED
mp-1072589	N	2026-10-04 22:43:18	kt1	D0	CONVERGED	6	0.229160	0.482542	0.0170	1411			989a18637	
mp-1072660	M	2026-04-18 15:33:09			UNKNOWN	6							~/bin2	NOGAP_METAL_IN_LDA_TOO
mp-1072660	R	2026-09-30 23:44:00	kt1	M1	CONVERGED_METAL	5	none	none	none	1041			989a18637	
mp-1072660	N	2026-10-03 03:10:32	kt1	D0	CONVERGED_METAL	5	none	none	none	830			989a18637	
mp-1072956	M	2026-04-18 15:28:59			GOOD	9	6.633	12.419					~/bin2	CONVERGED
mp-1072956	N	2026-10-02 23:55:09	kt1	D1	CONVERGED	6	6.632248	11.848505	none	531			989a18637	
mp-10748	M	2026-04-26 00:54:31			GOOD	8	1.885	3.067					~/bin2	CONVERGED
mp-10748	N	2026-10-04 16:33:39	kt1	D3	CONVERGED	5	1.885343	3.071076	0.0090	951			989a18637	
mp-10759	M	2026-04-03 22:26:26			GOOD	8	0.131	0.195					~/bin2	CONVERGED
mp-10759	N	2026-10-02 23:47:03	kr7	K0	CONVERGED	4	0.131645	0.195333	0.0110	130			b695fa65c	
mp-10760	M	2026-04-03 22:30:21			GOOD	8	1.653	3.255					~/bin2	CONVERGED
mp-10760	N	2026-10-02 23:51:58	kr7	K1	CONVERGED	5	1.652700	3.234451	0.0040	125			b695fa65c	
mp-1077078	M	2026-04-18 16:35:16			GOOD	8	4.868	8.964					~/bin2	CONVERGED
mp-1077078	N	2026-10-03 18:39:02	kt1	D0	CONVERGED	5	4.864129	9.037110	0.0030	1108			989a18637	
mp-1077098	M	2026-04-18 17:45:31			GOOD	8	1.094	1.794					~/bin2	CONVERGED
mp-1077098	N	2026-10-04 22:57:50	kt1	D2	CONVERGED	4	1.094221	1.794910	0.0090	1740			989a18637	
mp-1077107	M	2026-04-18 17:08:21			GOOD	8	1.199	2.599					~/bin2	CONVERGED
mp-1077107	N	2026-10-03 19:56:40	kt1	D2	CONVERGED	5	1.199764	2.585345	0.0170	546			989a18637	
mp-1077316	M	2026-04-18 17:22:33			NOTCONV	10	7.454	11.449					~/bin2	MAXITER_NOTCONV
mp-1077316	R	2026-10-01 06:00:41	kt1	R5	CONVERGED	6	7.454761	11.202313	none	638			989a18637	
mp-1077316	N	2026-10-05 22:00:43	kt1	D1	CONVERGED	6	7.454761	11.202350	none	319			989a18637	
mp-1077383	M	2026-04-18 18:55:15			GOOD	8	1.699	3.509					~/bin2	CONVERGED
mp-1077383	N	2026-10-04 23:49:44	kt1	D1	CONVERGED	5	1.698458	3.494974	0.0150	2130			989a18637	
mp-1077553	M	2026-05-04 12:47:03			FAILED	1	2.259						~/bin2	PROD_NaN_lqpe
mp-1077553	R	2026-09-30 03:51:23	kt1	W2	CONVERGED	5	2.255133	4.096167		1031			989a18637	
mp-1077553	N	2026-10-05 23:33:02	kt1	D0	CONVERGED	5	2.255133	4.096262	0.0090	761			989a18637	
mp-1077811	M	2026-04-18 19:31:46			GOOD	8	0.607	1.378					~/bin2	CONVERGED
mp-1077811	N	2026-10-04 12:11:42	kt1	D1	CONVERGED	5	0.609073	1.366844	0.0140	1129			989a18637	
mp-1077814	M	2026-04-18 19:58:04			GOOD	9	1.843	3.783					~/bin2	CONVERGED
mp-1077814	N	2026-10-04 14:19:06	kt1	D2	CONVERGED	5	1.842822	3.779124	0.0260	1169			989a18637	
mp-1077866	M	2026-04-23 09:52:59			GOOD	9	3.453	6.347					~/bin2	CONVERGED
mp-1077866	N	2026-10-03 13:39:17	kt1	D1	CONVERGED	6	3.454432	6.339318	0.0030	1027			989a18637	
mp-1077901	M	2026-05-04 13:38:56			FAILED	2	0.207						~/bin2	PROD_NaN_lqpe
mp-1077901	R	2026-09-30 04:50:09	kt1	W3	CONVERGED	4	0.206730	0.272827		632			989a18637	
mp-1077901	N	2026-10-05 22:02:11	kt1	D2	CONVERGED	4	0.206730	0.273546	0.0340	522			989a18637	
mp-1077904	M	2026-04-23 10:59:25			NOTCONV	10	2.407	4.041					~/bin2	MAXITER_NOTCONV
mp-1077904	R	2026-10-01 07:56:21	kt1	R5	CONVERGED	5	2.407234	3.954747	0.0100	2615			989a18637	
mp-1077904	N	2026-10-06 03:45:10	kt1	D1	CONVERGED	5	2.407234	3.954988	0.0100	1596			989a18637	
mp-1077906	M	2026-04-18 19:54:41			GOOD	8	6.274	10.089					~/bin2	CONVERGED
mp-1077906	N	2026-10-05 00:15:29	kt1	D0	CONVERGED	5	6.272668	10.279501	none	675			989a18637	
mp-1077906	E	2026-10-06 16:50:50	kt1es	G0	CONVERGED	5	6.272388	9.977171	0.0020	345	4	es-c	0601771b4	
mp-1077942	M	2026-04-23 11:36:52			GOOD	8	0.824	2.035					~/bin2	CONVERGED
mp-1077942	N	2026-10-03 13:50:40	kt1	D0	CONVERGED	5	0.823469	2.017076	0.0090	1905			989a18637	
mp-1078049	M	2026-04-23 11:41:36			GOOD	8	1.831	3.501					~/bin2	CONVERGED
mp-1078049	N	2026-10-03 17:08:05	kt1	D3	CONVERGED	5	1.830606	3.473688	0.0080	1241			989a18637	
mp-1078085	M	2026-04-23 12:50:41			GOOD	8	1.567	4.590					~/bin2	CONVERGED
mp-1078085	N	2026-10-04 14:46:02	kt1	D3	CONVERGED	6	1.566410	4.752925	0.0130	2527			989a18637	
mp-1078085	E	2026-10-06 10:27:34	kr7es	F1	CONVERGED	6	1.566026	4.736048	0.0100	5022	1	es-a	614ab5eb8	
mp-1078181	M	2026-04-26 02:46:53			GOOD	10	3.807	6.483					~/bin2	CONVERGED
mp-1078181	N	2026-10-05 12:39:14	kt1	D1	CONVERGED	5	3.807027	6.653792	0.0130	3206			989a18637	
mp-1078181	E	2026-10-07 11:32:58	kt1es	G1	CONVERGED	5	3.807032	6.563710	0.0120	3911	5	es-c	0601771b4	
mp-1078191	M	2026-04-26 02:39:12			NOTCONV	10	1.742	2.998					~/bin2	MAXITER_NOTCONV
mp-1078191	R	2026-10-01 10:21:13	kt1	R3	CONVERGED	5	1.741518	3.230588	0.0080	3255			989a18637	
mp-1078191	N	2026-10-06 04:57:57	kt1	D0	CONVERGED	5	1.741518	3.230559	0.0080	1989			989a18637	
mp-1078195	M	2026-04-26 04:30:43			GOOD	10	2.780	5.158					~/bin2	CONVERGED
mp-1078195	R	2026-10-01 02:32:16	kt1	R4	CONVERGED	5	2.779810	4.940172	0.0100	5505			989a18637	
mp-1078195	N	2026-10-03 05:54:46	kt1	D0	CONVERGED	5	2.779810	4.940099	0.0100	2875			989a18637	
mp-1078195	E	2026-10-07 11:41:59	kt1es	G0	CONVERGED	5	2.779916	4.812258	0.0090	4065	5	es-c	0601771b4	
mp-1078300	M	2026-04-26 03:10:07			NOTCONV	10	6.052	11.950					~/bin2	MAXITER_NOTCONV
mp-1078300	R	2026-10-01 10:10:14	kt1	R4	CONVERGED	6	6.051292	11.939590	none	1888			989a18637	
mp-1078300	N	2026-10-06 01:33:40	kt1	D2	CONVERGED	6	6.051292	11.939989	none	728			989a18637	
mp-1078300	E	2026-10-07 10:54:09	kt1es	G3	CONVERGED	6	6.052500	11.891260	none	971	2	es-c	0601771b4	
mp-1078419	M	2026-04-26 03:38:49			GOOD	9	1.008	2.726					~/bin2	CONVERGED
mp-1078419	N	2026-10-04 17:43:25	kt1	D0	CONVERGED	5	1.007138	2.699382	0.0070	747			989a18637	
mp-1078469	M	2026-04-26 03:58:06			GOOD	8	1.896	3.147					~/bin2	CONVERGED
mp-1078469	N	2026-10-05 15:49:32	kt1	D1	CONVERGED	5	1.896640	3.115329	0.0130	523			989a18637	
mp-1078498	M	2026-04-26 04:56:47			GOOD	8	0.166	0.959					~/bin2	CONVERGED
mp-1078498	N	2026-10-03 13:18:55	kt1	D0	CONVERGED	5	0.165433	0.944374	0.0110	1706			989a18637	
mp-1078500	M	2026-04-26 06:21:55			GOOD	8	1.116	1.718					~/bin2	CONVERGED
mp-1078500	N	2026-10-04 22:18:24	kt1	D3	CONVERGED	4	1.115869	1.706929	0.0190	2299			989a18637	
mp-1078562	M	2026-04-26 05:40:22			GOOD	8	1.069	2.648					~/bin2	CONVERGED
mp-1078562	N	2026-10-05 00:59:33	kt1	D2	CONVERGED	5	1.068689	2.653046	0.0110	1196			989a18637	
mp-1078621	M	2026-04-26 06:29:26			GOOD	8	0.728	1.764					~/bin2	CONVERGED
mp-1078621	N	2026-10-03 09:14:03	kt1	D2	CONVERGED	5	0.727193	1.755683	0.0080	1247			989a18637	
mp-1078644	M	2026-04-26 07:25:43			GOOD	8	1.326	2.233					~/bin2	CONVERGED
mp-1078644	N	2026-10-04 22:49:24	kt1	D3	CONVERGED	5	1.325204	2.229704	0.0110	1265			989a18637	
mp-1078676	M	2026-04-26 07:47:43			GOOD	8	0.644	1.615					~/bin2	CONVERGED
mp-1078676	N	2026-10-05 00:38:00	kt1	D3	CONVERGED	5	0.645769	1.540563	0.0060	2096			989a18637	
mp-1078693	M	2026-04-26 08:35:07			GOOD	8	0.120	1.176					~/bin2	CONVERGED
mp-1078693	N	2026-10-04 02:39:10	kt1	D3	CONVERGED	5	0.119630	1.171769	0.0060	2069			989a18637	
mp-1078709	M	2026-04-26 09:16:12			GOOD	8	0.230	0.718					~/bin2	CONVERGED
mp-1078709	N	2026-10-05 04:31:34	kt1	D0	CONVERGED	4	0.229223	0.719618	0.0240	1562			989a18637	
mp-1078724	M	2026-04-26 10:08:18			GOOD	8	0.754	1.409					~/bin2	CONVERGED
mp-1078724	N	2026-10-04 22:12:23	kt1	D2	CONVERGED	5	0.753454	1.406321	0.0070	2577			989a18637	
mp-1078799	M	2026-04-26 09:33:56			GOOD	9	4.995	8.706					~/bin2	CONVERGED
mp-1078799	N	2026-10-03 02:18:57	kt1	D2	CONVERGED	6	4.994806	9.156631	0.0140	530			989a18637	
mp-1079080	M	2026-04-26 10:46:29			GOOD	8	0.069	0.798					~/bin2	CONVERGED
mp-1079080	N	2026-10-04 10:47:30	kt1	D3	CONVERGED	5	0.068631	0.799588	0.0050	1701			989a18637	
mp-1079080	E	2026-10-07 11:45:14	kt1es	G3	CONVERGED	5	0.068631	0.799625	0.0060	3065	0	es-c	0601771b4	
mp-1079088	M	2026-04-26 10:27:32			GOOD	10	5.472	11.107					~/bin2	CONVERGED
mp-1079088	R	2026-10-01 01:53:21	kt1	R3	CONVERGED	6	5.472253	11.073740	none	1286			989a18637	
mp-1079088	N	2026-10-03 05:35:24	kt1	D1	CONVERGED	6	5.472253	11.072355	none	1120			989a18637	
mp-1079156	M	2026-04-26 11:24:08			NOTCONV	10	0.657	4.182					~/bin2	MAXITER_NOTCONV
mp-1079156	R	2026-10-01 10:34:50	kt1	R2	CONVERGED	6	0.656506	4.212064	0.0020	2555			989a18637	
mp-1079156	N	2026-10-06 03:31:34	kt1	D2	CONVERGED	6	0.656506	4.212186	0.0020	1374			989a18637	
mp-1079156	E	2026-10-07 11:48:43	kt1es	G2	CONVERGED	6	0.656769	4.060731	0.0020	3220	4	es-c	0601771b4	
mp-1079172	M	2026-04-26 12:57:31			GOOD	8	1.090	1.750					~/bin2	CONVERGED
mp-1079172	N	2026-10-04 13:12:04	kt1	D0	CONVERGED	4	1.089816	1.744353	0.0200	2503			989a18637	
mp-1079260	M	2026-04-26 12:37:39			GOOD	8	0.504	1.806					~/bin2	CONVERGED
mp-1079260	N	2026-10-03 08:41:45	kt1	D1	CONVERGED	5	0.504160	1.800507	0.0100	1923			989a18637	
mp-1079260	E	2026-10-07 12:09:59	kt1es	G1	CONVERGED	5	0.504205	1.826203	0.0080	2221	2	es-c	0601771b4	
mp-1079320	M	2026-04-26 13:31:22			GOOD	8	0.090	1.336					~/bin2	CONVERGED
mp-1079320	N	2026-10-05 11:45:48	kt1	D1	CONVERGED	5	0.090103	1.347272	0.0070	1351			989a18637	
mp-1079426	M	2026-04-26 14:08:06			GOOD	8	0.828	1.746					~/bin2	CONVERGED
mp-1079426	N	2026-10-03 23:01:41	kt1	D1	CONVERGED	5	0.827303	1.737842	0.0080	1644			989a18637	
mp-1079483	M	2026-04-26 13:49:30			NOTCONV	10	1.905	5.970					~/bin2	MAXITER_NOTCONV
mp-1079483	R	2026-10-01 10:16:57	kt1	R1	CONVERGED	6	1.904653	6.050029	0.0090	1188			989a18637	
mp-1079483	N	2026-10-06 00:07:53	kt1	D2	CONVERGED	6	1.904653	6.049373	0.0080	581			989a18637	
mp-1079541	M	2026-04-26 14:49:33			GOOD	8	0.125	1.125					~/bin2	CONVERGED
mp-1079541	N	2026-10-05 13:11:07	kt1	D2	CONVERGED	5	0.124785	1.105996	0.0210	1441			989a18637	
mp-1079574	M	2026-04-26 16:55:10			GOOD	8	0.796	1.244					~/bin2	CONVERGED
mp-1079574	N	2026-10-03 22:07:26	kt1	D1	CONVERGED	4	0.795758	1.250623	0.0120	3474			989a18637	
mp-1079603	M	2026-04-26 15:43:43			GOOD	8	0.928	2.235					~/bin2	CONVERGED
mp-1079603	N	2026-10-04 00:39:22	kt1	D3	CONVERGED	5	0.927574	2.215449	0.0080	1440			989a18637	
mp-1079645	M	2026-04-26 17:00:57			GOOD	8	1.439	2.906					~/bin2	CONVERGED
mp-1079645	N	2026-10-05 19:49:58	kt1	D1	CONVERGED	5	1.438839	2.952629	0.0090	2345			989a18637	
mp-1079647	M	2026-04-27 16:58:28			GOOD	8	1.086	2.573					~/bin2	CONVERGED
mp-1079647	N	2026-10-05 04:47:54	kt1	D3	CONVERGED	5	1.085672	2.588336	0.0080	1210			989a18637	
mp-1079679	M	2026-04-27 20:00:15			GOOD	8	0.003	0.456					~/bin2	CONVERGED
mp-1079679	N	2026-10-03 12:04:03	kt1	D2	CONVERGED	5	0.003288	0.444807	0.0090	4933			989a18637	
mp-1079694	M	2026-04-28 00:13:25			GOOD	10	2.839	5.409					~/bin2	CONVERGED_BY_SURVEY(gwsc finished iter 10 after the 16h kill of gwscconv; band plot not redone)
mp-1079694	N	2026-10-03 01:18:59	kt1	D0	TIMEOUT	3	2.835888	5.430586	0.2040	7203			989a18637	
mp-1079694	N	2026-10-04 09:42:41	kt1	D0	SKIP								989a18637	
mp-1079707	M	2026-04-27 17:49:45			GOOD	10	2.128	4.723					~/bin2	CONVERGED
mp-1079707	R	2026-10-01 02:19:08	kt1	R2	CONVERGED	6	2.128723	4.848429	0.0020	2522			989a18637	
mp-1079707	E1	2026-10-05 01:49:00	kr7e1	E1	FAIL(1)	0	2.136229	none	none	499	2		b695fa65c	
mp-1079707	E	2026-10-05 01:49:00	kr7es	E1	FAIL(1)	0	2.136229	none	none	499	2	es-a	b695fa65c	
mp-1079707	E	2026-10-07 03:33:58	kt1es	G1	CONVERGED	5	2.128266	4.712456	0.0070	1916	2	es-c	0601771b4	
mp-1079720	M	2026-04-26 20:15:46			GOOD	9	0.022	0.624					~/bin2	CONVERGED
mp-1079720	N	2026-10-04 17:32:05	kt1	D3	CONVERGED	5	0.022515	0.592236	0.0190	921			989a18637	
mp-1079885	M	2026-04-26 20:34:10			GOOD	8	0.122	0.777					~/bin2	CONVERGED
mp-1079885	N	2026-10-05 15:40:49	kt1	D1	CONVERGED	5	0.122276	0.786908	0.0050	1585			989a18637	
mp-1079889	M	2026-04-26 21:09:25			GOOD	8	0.007	1.299					~/bin2	CONVERGED
mp-1079889	N	2026-10-05 05:25:10	kt1	D1	CONVERGED	5	0.007280	1.306904	0.0150	1344			989a18637	
mp-1080045	M	2026-04-26 23:29:04			FAILED	2	4.140						~/bin2	PROD_NaN_lsc
mp-1080045	R	2026-09-30 05:58:46	kt1	W1	CONVERGED	5	4.137954	6.977302		1885			989a18637	
mp-1080045	N	2026-10-06 01:40:27	kt1	D3	CONVERGED	5	4.137954	6.977707	0.0050	1316			989a18637	
mp-1080135	M	2026-04-26 21:56:00			GOOD	8	0.541	1.803					~/bin2	CONVERGED
mp-1080135	N	2026-10-03 17:42:21	kt1	D3	CONVERGED	5	0.540924	1.830307	0.0100	1186			989a18637	
mp-1080438	M	2026-04-26 22:48:24			GOOD	8	1.089	2.464					~/bin2	CONVERGED
mp-1080438	N	2026-10-05 16:12:50	kt1	D0	CONVERGED	5	1.088715	2.485621	0.0090	1144			989a18637	
mp-1080459	M	2026-04-27 01:36:26			GOOD	10	0.390	0.728					~/bin2	CONVERGED
mp-1080459	N	2026-10-05 06:24:36	kt1	D2	CONVERGED	4	0.390106	0.725105	0.0160	2481			989a18637	
mp-1080511	M	2026-04-27 00:21:13			FAILED	7	1.008						~/bin2	NOGAP_GAP_COLLAPSED(LDA gap 1.01 eV)
mp-1080511	R	2026-09-30 06:02:46	kt1	W3	CONVERGED	6	1.007577	3.842877		1294			989a18637	
mp-1080511	N	2026-10-06 00:33:01	kt1	D1	CONVERGED	6	1.007577	3.842759	0.0020	739			989a18637	
mp-1080650	M	2026-04-27 01:07:20			GOOD	8	1.535	3.079					~/bin2	CONVERGED
mp-1080650	N	2026-10-04 13:55:23	kt1	D0	CONVERGED	5	1.534952	3.110567	0.0130	992			989a18637	
mp-1080679	M	2026-04-27 01:28:10			NOTCONV	10	6.246	9.004					~/bin2	MAXITER_NOTCONV
mp-1080679	R	2026-10-01 10:22:29	kt1	R5	CONVERGED	6	6.245945	10.971758	none	1424			989a18637	
mp-1080679	N	2026-10-06 00:41:51	kt1	D0	CONVERGED	6	6.245945	10.972588	none	654			989a18637	
mp-1080691	M	2026-04-27 03:14:28			GOOD	8	0.531	1.567					~/bin2	CONVERGED
mp-1080691	N	2026-10-05 14:07:00	kt1	D1	CONVERGED	5	0.532148	1.581440	0.0070	2556			989a18637	
mp-1080747	M	2026-04-27 02:02:07			GOOD	8	1.105	2.631					~/bin2	CONVERGED
mp-1080747	N	2026-10-03 11:34:07	kt1	D3	CONVERGED	5	1.105713	2.635083	0.0050	686			989a18637	
mp-1084770	M	2026-04-27 04:19:03			GOOD	8	0.842	1.705					~/bin2	CONVERGED
mp-1084770	N	2026-10-04 15:12:22	kt1	D2	CONVERGED	5	0.842236	1.684605	0.0080	3196			989a18637	
mp-1084785	M	2026-04-27 03:30:13			GOOD	10	2.695	5.634					~/bin2	CONVERGED
mp-1084785	N	2026-10-05 06:29:53	kt1	D3	CONVERGED	6	2.693421	5.783275	0.0020	658			989a18637	
mp-1086652	M	2026-04-27 04:21:24			GOOD	8	1.257	2.770					~/bin2	CONVERGED
mp-1086652	N	2026-10-05 03:06:07	kt1	D0	CONVERGED	5	1.257042	2.813936	0.0080	1105			989a18637	
mp-1087	M	2026-04-03 22:35:24			FAILED	5	2.307	4.123					~/bin2	AC_rst-rmt-mismatch@llmf_start(lmf)
mp-1087	R	2026-09-30 00:55:34	kt1	T2	CONVERGED	5	2.303630	4.172491		228			989a18637	
mp-1087	N	2026-10-03 06:13:12	kt1	D0	CONVERGED	5	2.303630	4.172372	0.0070	194			989a18637	
mp-1087215	M	2026-04-27 04:34:41			NOTCONV	10	5.315	13.946					~/bin2	MAXITER_NOTCONV
mp-1087215	R	2026-10-01 10:29:46	kt1	R4	CONVERGED	6	5.316576	11.187406	none	1172			989a18637	
mp-1087215	N	2026-10-06 00:01:35	kt1	D0	CONVERGED	6	5.316576	11.186429	none	389			989a18637	
mp-1087215	E	2026-10-07 11:54:04	kt1es	G0	CONVERGED	5	5.314419	11.239273	none	725	2	es-c	0601771b4	
mp-1087504	M	2026-04-27 05:16:11			GOOD	8	0.361	1.422					~/bin2	CONVERGED
mp-1087504	N	2026-10-04 19:21:54	kt1	D2	CONVERGED	5	0.359899	1.395423	0.0050	2288			989a18637	
mp-1087540	M	2026-04-27 05:51:13			GOOD	8	0.171	1.078					~/bin2	CONVERGED
mp-1087540	N	2026-10-03 23:42:48	kt1	D1	CONVERGED	5	0.171434	1.058399	0.0130	1515			989a18637	
mp-10910	M	2026-04-18 20:22:17			GOOD	8	0.090	0.462					~/bin2	CONVERGED
mp-10910	N	2026-10-05 05:29:34	kt1	D2	CONVERGED	4	0.090712	0.463131	0.0100	683			989a18637	
mp-1091384	M	2026-04-27 06:02:06			GOOD	8	2.291	3.446					~/bin2	CONVERGED
mp-1091384	N	2026-10-05 12:56:13	kt1	D0	CONVERGED	5	2.291946	3.401574	0.0060	1186			989a18637	
mp-1091416	M	2026-04-27 06:42:21			GOOD	8	1.445	2.699					~/bin2	CONVERGED
mp-1091416	N	2026-10-04 13:25:12	kt1	D3	CONVERGED	5	1.445241	2.716647	0.0170	1099			989a18637	
mp-10918	M	2026-04-08 22:21:14			GOOD	8	1.551	2.901					~/bin2	CONVERGED
mp-10918	N	2026-10-03 21:04:55	kr7	K1	CONVERGED	6	1.552076	3.055177	0.0060	732			b695fa65c	
mp-10919	M	2026-04-08 23:17:47			GOOD	8	1.049	2.359					~/bin2	CONVERGED
mp-10919	N	2026-10-04 07:31:16	kr7	K1	CONVERGED	5	1.050700	2.313614	0.0390	762			b695fa65c	
mp-1095151	M	2026-04-27 06:58:19			GOOD	8	0.773	1.950					~/bin2	CONVERGED
mp-1095151	N	2026-10-04 19:59:06	kt1	D2	CONVERGED	5	0.772494	1.960839	0.0090	1681			989a18637	
mp-1095181	M	2026-04-27 07:38:40			NOTCONV	10	2.229	7.722					~/bin2	MAXITER_NOTCONV
mp-1095181	R	2026-10-01 10:51:09	kt1	R1	CONVERGED	5	2.228610	6.507109	0.0060	2052			989a18637	
mp-1095181	N	2026-10-06 02:14:01	kt1	D2	CONVERGED	5	2.228610	6.506980	0.0060	1345			989a18637	
mp-1095181	E	2026-10-07 12:17:03	kt1es	G3	CONVERGED	6	2.229952	6.427466	0.0030	1909	6	es-c	0601771b4	
mp-10955	M	2026-04-23 12:45:47			GOOD	8	0.114	0.997					~/bin2	CONVERGED
mp-10955	N	2026-10-04 01:48:09	kt1	D0	CONVERGED	5	0.114862	1.005279	0.0100	1659			989a18637	
mp-10969	M	2026-04-18 12:18:46			FAILED	6	2.084						~/bin2	NOGAP_GAP_COLLAPSED(LDA gap 2.08 eV, previous QSGW iteration 3.82 eV)
mp-10969	R	2026-09-30 03:01:51	kt1	W4	CONVERGED	5	2.083752	3.816450		254			989a18637	
mp-10969	N	2026-10-03 05:42:56	kr7	K1	CONVERGED	5	2.083752	3.816614	0.0080	281			b695fa65c	
mp-1101093	M	2026-04-27 07:54:36			GOOD	8	0.290	1.103					~/bin2	CONVERGED
mp-1101093	N	2026-10-04 16:05:03	kt1	D3	CONVERGED	5	0.289718	1.109006	0.0070	1464			989a18637	
mp-1105	M	2026-04-07 21:40:23			NOTCONV	10	2.124	5.105					~/bin2	MAXITER_NOTCONV
mp-1105	R	2026-10-01 02:57:34	kt1	R2	CONVERGED	6	2.129751	4.926768	0.0020	267			989a18637	
mp-1105	N	2026-10-03 01:24:51	kr7	K0	CONVERGED	6	2.129751	4.926588	0.0030	294			b695fa65c	
mp-11108	M	2026-04-27 08:45:05			GOOD	8	0.021	0.348					~/bin2	CONVERGED
mp-11108	N	2026-10-03 17:06:48	kt1	D2	CONVERGED	6	0.019722	0.359662	0.0080	1997			989a18637	
mp-1115	M	2026-04-04 04:15:09			GOOD	8	0.355	0.866					~/bin2	CONVERGED
mp-1115	N	2026-10-03 02:00:59	kr7	K1	CONVERGED	4	0.355585	0.867088	0.0150	237			b695fa65c	
mp-11175	M	2026-04-23 13:28:06			GOOD	8	2.560	4.605					~/bin2	CONVERGED
mp-11175	N	2026-10-04 07:00:42	kt1	D2	CONVERGED	5	2.559510	4.523498	0.0100	1262			989a18637	
mp-11180	M	2026-04-04 16:15:17			GOOD	9	3.370	6.236					~/bin2	CONVERGED
mp-11180	N	2026-10-03 16:57:15	kr7	K1	CONVERGED	5	3.367373	6.182667	0.0060	539			b695fa65c	
mp-11327	M	2026-04-04 04:19:21			FAILED	5	1.594	3.449					~/bin2	AC_rst-rmt-mismatch@llmf_start(lmf)
mp-11327	R	2026-09-30 02:15:29	kt1	W3	CONVERGED	5	1.592205	3.699034		615			989a18637	
mp-11327	N	2026-10-03 02:28:01	kr7	K0	CONVERGED	5	1.592205	3.699109	0.0200	343			b695fa65c	
mp-11327	E1	2026-10-05 04:08:37	kr7e1	E0	CONVERGED	5	1.592780	3.669140	0.0150	381	1		b695fa65c	
mp-11327	E	2026-10-06 18:26:04	kt1es	G2	CONVERGED	5	1.592803	3.686395	0.0140	380	1	es-c	0601771b4	
mp-11342	M	2026-04-04 16:34:48			GOOD	9	1.113	2.583					~/bin2	CONVERGED
mp-11342	N	2026-10-03 18:57:00	kr7	K1	CONVERGED	5	1.111776	2.600108	0.0050	1543			b695fa65c	
mp-11342	E1	2026-10-05 06:07:55	kr7e1	E0	FAIL(1)	2	1.112666	2.535928	0.8210	929	1		b695fa65c	
mp-11342	E	2026-10-05 06:07:55	kr7es	E0	FAIL(1)	2	1.112666	2.535928	0.8210	929	1	es-a	b695fa65c	
mp-11342	E	2026-10-06 10:27:58	kt1es	G2	CONVERGED	5	1.112660	2.597238	0.0040	3504	1	es-a	0601771b4	
mp-1136	M	2026-04-27 08:30:31			GOOD	8	0.084	1.134					~/bin2	CONVERGED
mp-1136	N	2026-10-03 18:15:16	kt1	D1	CONVERGED	5	0.082653	1.134812	0.0090	1201			989a18637	
mp-1138	M	2026-04-03 22:35:07			GOOD	10	8.789	13.483					~/bin2	CONVERGED
mp-1138	N	2026-10-02 23:58:18	kr7	K1	CONVERGED	6	8.791490	13.676406	none	140			b695fa65c	
mp-11390	M	2026-04-04 04:21:00			GOOD	10	0.112	0.531					~/bin2	CONVERGED
mp-11390	N	2026-10-03 04:14:02	kr7	K0	CONVERGED	4	0.111735	0.541035	0.0110	132			b695fa65c	
mp-11520	M	2026-04-04 04:28:33			GOOD	8	0.289	0.602					~/bin2	CONVERGED
mp-11520	N	2026-10-03 03:18:58	kr7	K1	CONVERGED	4	0.288432	0.602235	0.0190	258			b695fa65c	
mp-1153	M	2026-04-04 04:25:11			GOOD	9	3.178	5.254					~/bin2	CONVERGED
mp-1153	N	2026-10-03 03:03:46	kr7	K1	CONVERGED	5	3.177771	5.285882	0.0130	199			b695fa65c	
mp-1170	M	2026-04-04 04:34:29			GOOD	8	1.400	2.701					~/bin2	CONVERGED
mp-1170	N	2026-10-03 04:06:06	kr7	K1	CONVERGED	5	1.400436	2.688998	0.0090	267			b695fa65c	
mp-11703	M	2026-04-27 10:17:50			GOOD	9	1.443	2.802					~/bin2	CONVERGED
mp-11703	N	2026-10-03 12:56:59	kt1	D2	CONVERGED	5	1.442736	2.767345	0.0100	2550			989a18637	
mp-11719	M	2026-04-23 13:46:24			GOOD	8	0.803	1.885					~/bin2	CONVERGED
mp-11719	N	2026-10-03 16:33:31	kt1	D2	CONVERGED	5	0.801914	2.006670	0.0100	1721			989a18637	
mp-11719	E	2026-10-06 10:59:47	kr7es	F0	CONVERGED	5	0.801912	2.002409	0.0080	3272	1	es-a	614ab5eb8	
mp-1175	M	2026-04-27 10:16:36			GOOD	8	0.878	2.738					~/bin2	CONVERGED
mp-1175	N	2026-10-05 14:52:52	kt1	D2	CONVERGED	5	0.877787	2.759889	0.0130	2287			989a18637	
mp-1179094	M	2026-04-18 20:19:30			GOOD	8	1.048	3.284					~/bin2	CONVERGED
mp-1179094	N	2026-10-03 23:20:31	kt1	D3	CONVERGED	6	1.045992	3.289040	0.0050	620			989a18637	
mp-1179443	M	2026-04-18 21:07:01			GOOD	8	1.792	3.711					~/bin2	CONVERGED
mp-1179443	N	2026-10-04 19:58:36	kt1	D3	CONVERGED	5	1.793522	3.712295	0.0120	1055			989a18637	
mp-1179443	E	2026-10-05 20:44:41	kr7es	F1	CONVERGED	5	1.791472	3.661195	0.0110	2072	2	es-a	614ab5eb8	
mp-1179832	M	2026-05-04 13:43:43			FAILED	0							~/bin2	PROD_CmdFailed(lmf --jobgw=1, signal 9)
mp-1179832	R	2026-09-30 06:58:01	kt1	W4	FAIL(1)	0	0.104062	none		4437			989a18637	
mp-1179832	R	2026-10-01 04:17:04	kt1	B1	FAIL(143)	0	0.104062	none	none	17853			989a18637	
mp-1179832	E1	2026-10-05 04:49:08	kr7e1	E1	TIMEOUT	0	0.104063	none	none	10808	11		b695fa65c	
mp-1179832	E	2026-10-05 04:49:08	kr7es	E1	TIMEOUT	0	0.104063	none	none	10808	11	es-a	b695fa65c	
mp-1179832	E	2026-10-06 10:52:49	kt1es	G3	FAIL(1)	0	0.104062	none	none	4995	11	es-a	0601771b4	
mp-11824	M	2026-04-08 23:42:14			GOOD	8	0.718	1.902					~/bin2	CONVERGED
mp-11824	N	2026-10-04 08:50:09	kr7	K1	CONVERGED	5	0.717839	1.939873	0.0040	460			b695fa65c	
mp-1182867	M	2026-04-18 20:43:22			UNKNOWN	6							~/bin2	NOGAP_METAL_IN_LDA_TOO
mp-1182867	R	2026-09-30 23:51:49	kt1	M2	CONVERGED_METAL	8	none	none	none	759			989a18637	
mp-1182867	N	2026-10-03 03:09:07	kt1	D3	CONVERGED_METAL	7	none	none	none	720			989a18637	
mp-1186	M	2026-04-04 04:37:40			GOOD	8	0.924	2.171					~/bin2	CONVERGED
mp-1186	N	2026-10-03 03:57:41	kr7	K1	CONVERGED	5	0.923020	2.178060	0.0130	305			b695fa65c	
mp-11869	M	2026-04-04 04:43:36			GOOD	8	0.396	0.440					~/bin2	CONVERGED
mp-11869	N	2026-10-03 04:46:55	kr7	K0	CONVERGED	4	0.396636	0.446117	0.0210	238			b695fa65c	
mp-11875	M	2026-04-27 10:49:08			GOOD	10	5.919	12.293					~/bin2	CONVERGED
mp-11875	N	2026-10-03 02:17:30	kt1	D3	CONVERGED	5	5.920527	12.105689	none	575			989a18637	
mp-11875	E	2026-10-07 12:19:57	kt1es	G2	MAXITER	10	5.919391	9.279149	0.1400	1874	4	es-c	0601771b4	
mp-11875	E	2026-10-07 14:39:26	kt1es	G0	CONVERGED	6	5.919895	11.984767	none	1181	4	es-c	0601771b4	
mp-1190	M	2026-04-03 22:40:23			GOOD	8	1.060	2.729					~/bin2	CONVERGED
mp-1190	N	2026-10-03 00:51:05	kr7	K1	CONVERGED	5	1.059806	2.748315	0.0070	187			b695fa65c	
mp-11917	M	2026-04-08 23:38:29			GOOD	9	4.101	5.874					~/bin2	CONVERGED
mp-11917	N	2026-10-04 06:54:37	kr7	K0	CONVERGED	5	4.101224	5.969181	0.0080	309			b695fa65c	
mp-11980	M	2026-04-27 11:21:00			NOTCONV	10	5.072	9.140					~/bin2	MAXITER_NOTCONV
mp-11980	R	2026-10-01 10:43:56	kt1	R3	CONVERGED	6	5.071790	9.226972	0.0150	1363			989a18637	
mp-11980	N	2026-10-06 00:41:25	kt1	D2	CONVERGED	6	5.071790	9.227145	0.0150	682			989a18637	
mp-1201	M	2026-04-09 01:41:45			GOOD	9	0.236	0.502					~/bin2	CONVERGED
mp-1201	N	2026-10-04 06:03:52	kr7	K0	CONVERGED	4	0.236774	0.487793	0.0090	2031			b695fa65c	
mp-12015	M	2026-04-27 11:51:31			GOOD	10	0.044	2.830					~/bin2	CONVERGED
mp-12015	N	2026-10-02 23:56:41	kt1	D2	CONVERGED	6	0.044328	2.421043	0.0030	1176			989a18637	
mp-1205315	M	2026-04-27 11:53:53			GOOD	8	0.807	1.907					~/bin2	CONVERGED
mp-1205315	N	2026-10-04 11:07:34	kt1	D3	CONVERGED	5	0.806759	1.864082	0.0150	1204			989a18637	
mp-1205316	M	2026-04-18 21:35:10			GOOD	8	0.050	0.691					~/bin2	CONVERGED
mp-1205316	N	2026-10-04 18:01:54	kt1	D2	CONVERGED	5	0.048878	0.691323	0.0210	1074			989a18637	
mp-1205322	M	2026-04-18 21:25:39			GOOD	8	0.413	2.792					~/bin2	CONVERGED
mp-1205322	N	2026-10-04 01:27:59	kt1	D3	CONVERGED	6	0.413345	2.792243	0.0090	705			989a18637	
mp-1207108	M	2026-04-04 16:34:32			FAILED	5	0.772	1.362					~/bin2	AC_rst-rmt-mismatch@llmf_start(lmf)
mp-1207108	R	2026-09-30 03:03:19	kt1	W1	CONVERGED	4	0.773235	1.364712		314			989a18637	
mp-1207108	N	2026-10-03 06:02:25	kr7	K1	CONVERGED	4	0.773235	1.364720	0.0220	400			b695fa65c	
mp-1224	M	2026-04-27 12:42:17			GOOD	9	1.103	2.487					~/bin2	CONVERGED
mp-1224	N	2026-10-03 23:22:56	kt1	D2	CONVERGED	5	1.103741	2.462257	0.0180	1200			989a18637	
mp-12433	M	2026-04-18 21:56:10			GOOD	8	0.905	1.814					~/bin2	CONVERGED
mp-12433	N	2026-10-04 12:24:24	kt1	D1	CONVERGED	5	0.904645	1.811880	0.0090	762			989a18637	
mp-12444	M	2026-04-27 12:34:56			GOOD	8	1.505	3.038					~/bin2	CONVERGED
mp-12444	N	2026-10-04 17:16:44	kt1	D3	CONVERGED	5	1.504399	3.031891	0.0130	1000			989a18637	
mp-1249	M	2026-04-18 21:52:54			NOTCONV	10	6.925	11.836					~/bin2	MAXITER_NOTCONV
mp-1249	R	2026-10-01 06:08:22	kt1	R2	CONVERGED	6	6.926135	12.150571	none	506			989a18637	
mp-1249	N	2026-10-05 21:49:37	kt1	D3	CONVERGED	6	6.926135	12.150766	none	303			989a18637	
mp-12509	M	2026-04-27 13:18:04			GOOD	9	1.199	2.040					~/bin2	CONVERGED
mp-12509	N	2026-10-04 10:32:52	kt1	D2	CONVERGED	5	1.195646	2.106495	0.0050	1567			989a18637	
mp-1253	M	2026-04-03 22:40:59			FAILED	5	1.873	3.538					~/bin2	AC_rst-rmt-mismatch@llmf_start(lmf)
mp-1253	R	2026-09-30 01:16:30	kt1	W3	CONVERGED	5	1.872121	3.573376		497			989a18637	
mp-1253	N	2026-10-05 21:46:34	kt1	D1	CONVERGED	5	1.872121	3.573179	0.0050	244			989a18637	
mp-12532	M	2026-04-27 13:33:42			GOOD	8	1.004	2.639					~/bin2	CONVERGED
mp-12532	N	2026-10-05 19:32:30	kt1	D2	CONVERGED	5	1.004426	2.564281	0.0200	1530			989a18637	
mp-12557	M	2026-04-18 22:28:49			GOOD	8	0.381	0.528					~/bin2	CONVERGED
mp-12557	N	2026-10-03 15:19:35	kt1	D3	CONVERGED	5	0.381128	0.530284	0.0140	1396			989a18637	
mp-12558	M	2026-04-04 04:43:32			GOOD	4	1.293	2.286					~/bin2	CONVERGED
mp-12558	N	2026-10-03 01:33:10	kr7	K0	CONVERGED	5	1.293006	2.285267	0.0030	213			b695fa65c	
mp-12561	M	2026-04-18 22:43:41			UNKNOWN	6							~/bin2	NOGAP_METAL_IN_LDA_TOO
mp-12561	R	2026-10-01 00:02:25	kt1	M1	CONVERGED_METAL	5	none	none	none	1105			989a18637	
mp-12561	N	2026-10-03 03:18:31	kt1	D1	CONVERGED_METAL	5	none	none	none	836			989a18637	
mp-1265	M	2026-04-03 22:43:40			GOOD	9	4.891	8.326					~/bin2	CONVERGED
mp-1265	N	2026-10-02 23:19:34	kr7	K0	CONVERGED	6	4.891646	8.182830	0.0010	133			b695fa65c	
mp-1266	M	2026-04-04 04:50:35			GOOD	8	1.957	4.170					~/bin2	CONVERGED
mp-1266	N	2026-10-03 05:18:16	kr7	K0	CONVERGED	5	1.956316	4.133839	0.0050	316			b695fa65c	
mp-1266	E1	2026-10-05 04:12:41	kr7e1	E0	CONVERGED	5	1.955794	4.084417	0.0040	244	1		b695fa65c	
mp-1266	E	2026-10-06 18:26:25	kt1es	G1	CONVERGED	5	1.955955	4.084097	0.0040	359	1	es-c	0601771b4	
mp-12725	M	2026-04-09 00:30:36			FAILED	6	1.095						~/bin2	NOGAP_GAP_COLLAPSED(LDA gap 1.09 eV)
mp-12725	R	2026-09-30 03:16:50	kt1	W2	CONVERGED	6	1.094585	2.442575		323			989a18637	
mp-12725	N	2026-10-03 06:43:13	kt1	D2	CONVERGED	6	1.094585	2.442343	0.0130	343			989a18637	
mp-12779	M	2026-04-04 16:57:32			GOOD	8	0.441	1.723					~/bin2	CONVERGED
mp-12779	N	2026-10-03 14:22:59	kr7	K0	CONVERGED	5	0.441563	1.720092	0.0080	711			b695fa65c	
mp-12779	E1	2026-10-05 06:07:36	kr7e1	E1	CONVERGED	5	0.441664	1.732822	0.0090	822	2		b695fa65c	
mp-12779	E	2026-10-06 18:33:02	kt1es	G0	CONVERGED	5	0.441771	1.735414	0.0090	609	2	es-c	0601771b4	
mp-1285	M	2026-04-18 22:58:50			GOOD	8	0.487	1.679					~/bin2	CONVERGED
mp-1285	N	2026-10-03 17:06:31	kt1	D1	CONVERGED	5	0.488241	1.650104	0.0350	1360			989a18637	
mp-12883	M	2026-04-27 14:35:12			GOOD	10	3.042	5.042					~/bin2	CONVERGED
mp-12883	N	2026-10-05 12:36:27	kt1	D0	CONVERGED	5	3.041557	4.927993	0.0090	2235			989a18637	
mp-12883	E	2026-10-06 17:41:52	kt1es	G2	CONVERGED	5	3.041606	4.897125	0.0080	2901	10	es-c	0601771b4	
mp-12903	M	2026-04-27 15:00:27			GOOD	8	0.777	1.580					~/bin2	CONVERGED
mp-12903	N	2026-10-03 09:15:26	kt1	D1	CONVERGED	5	0.777944	1.583535	0.0070	2021			989a18637	
mp-12908	M	2026-04-04 16:48:50			GOOD	8	0.543	1.714					~/bin2	CONVERGED
mp-12908	N	2026-10-03 08:15:23	kr7	K1	CONVERGED	5	0.542362	1.723572	0.0110	481			b695fa65c	
mp-12954	M	2026-04-27 15:05:55			GOOD	8	1.659	2.682					~/bin2	CONVERGED
mp-12954	N	2026-10-03 06:33:46	kt1	D0	CONVERGED	5	1.659470	2.663701	0.0090	596			989a18637	
mp-12957	M	2026-04-27 15:26:12			GOOD	8	1.322	4.349					~/bin2	CONVERGED
mp-12957	N	2026-10-03 01:39:24	kt1	D0	CONVERGED	6	1.322039	4.186790	0.0180	579			989a18637	
mp-12957	E	2026-10-07 12:21:09	kt1es	G0	CONVERGED	8	1.321312	4.014974	0.0100	1625	6	es-c	0601771b4	
mp-13097	M	2026-04-18 23:23:45			GOOD	8	0.313	1.376					~/bin2	CONVERGED
mp-13097	N	2026-10-04 02:00:19	kt1	D0	CONVERGED	5	0.313322	1.368600	0.0030	730			989a18637	
mp-13146	M	2026-04-09 01:14:29			GOOD	8	1.380	2.400					~/bin2	CONVERGED
mp-13146	N	2026-10-03 22:45:56	kr7	K1	CONVERGED	5	1.378768	2.381770	0.0050	431			b695fa65c	
mp-1315	M	2026-04-03 22:44:40			GOOD	8	2.568	4.516					~/bin2	CONVERGED
mp-1315	N	2026-10-03 00:10:40	kr7	K1	CONVERGED	5	2.567453	4.524285	0.0090	144			b695fa65c	
mp-13276	M	2026-04-18 23:25:33			GOOD	8	1.246	2.350					~/bin2	CONVERGED
mp-13276	N	2026-10-05 01:27:52	kt1	D0	CONVERGED	5	1.248186	2.361658	0.0200	698			989a18637	
mp-13277	M	2026-04-18 23:53:12			GOOD	8	0.910	1.890					~/bin2	CONVERGED
mp-13277	N	2026-10-04 08:02:30	kt1	D3	CONVERGED	5	0.907484	1.903423	0.0100	524			989a18637	
mp-13287	M	2026-04-27 16:02:06			GOOD	8	0.924	2.205					~/bin2	CONVERGED
mp-13287	N	2026-10-04 09:37:53	kt1	D1	CONVERGED	5	0.923469	2.186913	0.0150	1243			989a18637	
mp-1330	M	2026-04-03 22:46:53			GOOD	8	4.308	6.387					~/bin2	CONVERGED
mp-1330	N	2026-10-02 23:35:46	kr7	K0	CONVERGED	5	4.307484	6.370114	0.0080	83			b695fa65c	
mp-13312	M	2026-04-27 16:07:17			GOOD	8	0.818	1.609					~/bin2	CONVERGED
mp-13312	N	2026-10-05 09:10:26	kt1	D1	CONVERGED	5	0.816799	1.592777	0.0180	1026			989a18637	
mp-13313	M	2026-04-04 17:06:45			GOOD	9	0.483	1.169					~/bin2	CONVERGED
mp-13313	N	2026-10-03 11:17:19	kr7	K1	CONVERGED	5	0.481068	1.210481	0.0330	823			b695fa65c	
mp-13314	M	2026-04-04 17:19:46			GOOD	8	0.108	0.683					~/bin2	CONVERGED
mp-13314	N	2026-10-03 11:08:59	kr7	K0	CONVERGED	5	0.108256	0.671899	0.0320	952			b695fa65c	
mp-1342	M	2026-04-03 22:48:59			FAILED	5	1.999	4.193					~/bin2	AC_rst-rmt-mismatch@llmf_start(lmf)
mp-1342	R	2026-09-30 01:17:03	kt1	W2	CONVERGED	5	1.992176	4.188265		530			989a18637	
mp-1342	N	2026-10-05 21:49:53	kt1	D1	CONVERGED	5	1.992176	4.188044	0.0070	199			989a18637	
mp-13548	M	2026-04-19 00:25:49			GOOD	8	1.681	3.103					~/bin2	CONVERGED
mp-13548	N	2026-10-04 19:41:01	kt1	D3	CONVERGED	5	1.681624	3.108725	0.0200	1011			989a18637	
mp-13610	M	2026-04-27 16:28:03			NOTCONV	10	1.932	4.459					~/bin2	MAXITER_NOTCONV
mp-13610	R	2026-10-01 10:41:28	kt1	R5	CONVERGED	6	1.933201	5.701529	0.0060	1139			989a18637	
mp-13610	N	2026-10-05 23:58:12	kt1	D2	CONVERGED	6	1.933201	5.702319	0.0060	624			989a18637	
mp-13650	M	2026-04-23 13:46:04			GOOD	9	2.730	5.323					~/bin2	CONVERGED
mp-13650	N	2026-10-04 06:16:46	kt1	D2	CONVERGED	6	2.730256	5.319007	0.0010	645			989a18637	
mp-13660	M	2026-04-23 14:29:24			GOOD	9	0.865	2.014					~/bin2	CONVERGED
mp-13660	N	2026-10-04 09:57:17	kt1	D1	CONVERGED	5	0.864991	2.059180	0.0080	1164			989a18637	
mp-1367	M	2026-04-04 04:48:46			GOOD	8	0.163	0.635					~/bin2	CONVERGED
mp-1367	N	2026-10-03 01:19:35	kr7	K1	CONVERGED	4	0.162519	0.634995	0.0120	140			b695fa65c	
mp-1378	M	2026-04-04 17:14:13			GOOD	8	3.195	5.777					~/bin2	CONVERGED
mp-1378	N	2026-10-03 16:23:45	kr7	K1	CONVERGED	5	3.196679	5.814790	0.0120	424			b695fa65c	
mp-1379	M	2026-04-04 17:40:21			GOOD	8	0.925	1.917					~/bin2	CONVERGED
mp-1379	N	2026-10-03 17:05:30	kr7	K0	CONVERGED	4	0.924887	1.911145	0.0230	764			b695fa65c	
mp-1379	E1	2026-10-05 06:28:31	kr7e1	E1	CONVERGED	4	0.924639	1.906337	0.0210	1255	1		b695fa65c	
mp-1379	E	2026-10-06 18:37:59	kt1es	G2	CONVERGED	5	0.924812	1.908974	0.0080	715	2	es-c	0601771b4	
mp-13903	M	2026-04-27 20:26:11			NOTCONV	10	3.695	7.444					~/bin2	MAXITER_NOTCONV
mp-13903	R	2026-10-01 10:47:52	kt1	R4	CONVERGED	6	3.696367	8.365340	0.0040	1086			989a18637	
mp-13903	N	2026-10-05 23:39:53	kt1	D3	CONVERGED	6	3.696367	8.364950	0.0040	528			989a18637	
mp-13907	M	2026-04-27 20:52:23			NOTCONV	10	3.771	5.440					~/bin2	MAXITER_NOTCONV
mp-13907	R	2026-10-01 10:55:33	kt1	R2	CONVERGED	6	3.772128	8.215922	0.0020	1243			989a18637	
mp-13907	N	2026-10-06 00:23:11	kt1	D3	CONVERGED	6	3.772128	8.217098	0.0030	590			989a18637	
mp-1394	M	2026-04-04 04:55:35			FAILED	5	1.302	3.130					~/bin2	AC_rst-rmt-mismatch@llmf_start(lmf)
mp-1394	R	2026-09-30 02:21:01	kt1	W4	CONVERGED	6	1.301782	3.328882		637			989a18637	
mp-1394	N	2026-10-03 02:31:59	kr7	K1	CONVERGED	6	1.301782	3.328841	0.0010	328			b695fa65c	
mp-13949	M	2026-04-23 15:02:42			GOOD	8	0.946	1.999					~/bin2	CONVERGED
mp-13949	N	2026-10-03 19:42:56	kt1	D1	CONVERGED	5	0.946056	2.003760	0.0050	1959			989a18637	
mp-13983	M	2026-04-27 21:13:07			NOTCONV	10	1.568	4.527					~/bin2	MAXITER_NOTCONV
mp-13983	R	2026-10-01 11:00:03	kt1	R5	CONVERGED	6	1.568340	5.102630	0.0080	1115			989a18637	
mp-13983	N	2026-10-05 23:45:04	kt1	D1	CONVERGED	6	1.568340	5.102971	0.0090	501			989a18637	
mp-13984	M	2026-04-27 21:39:08			NOTCONV	10	1.759	4.568					~/bin2	MAXITER_NOTCONV
mp-13984	R	2026-10-01 11:01:02	kt1	R3	CONVERGED	6	1.758786	5.471617	0.0060	1026			989a18637	
mp-13984	N	2026-10-05 23:28:25	kt1	D1	CONVERGED	6	1.758786	5.471696	0.0070	640			989a18637	
mp-14	M	2026-04-04 05:01:22			GOOD	8	1.109	2.154					~/bin2	CONVERGED
mp-14	N	2026-10-03 03:33:57	kr7	K0	CONVERGED	5	1.110354	2.140487	0.0110	326			b695fa65c	
mp-14006	M	2026-04-27 22:10:17			FAILED	6	5.740						~/bin2	NOGAP_GAP_COLLAPSED(LDA gap 5.74 eV)
mp-14006	R	2026-09-30 06:10:44	kt1	W1	CONVERGED	6	5.740562	10.568682		718			989a18637	
mp-14006	N	2026-10-05 22:23:00	kt1	D3	CONVERGED	6	5.740562	10.568443	none	551			989a18637	
mp-14017	M	2026-04-27 23:51:57			GOOD	8	0.305	1.296					~/bin2	CONVERGED
mp-14017	N	2026-10-04 23:47:05	kt1	D3	CONVERGED	6	0.304143	1.299544	0.0080	2852			989a18637	
mp-14018	M	2026-04-28 01:03:29			GOOD	8	0.042	0.997					~/bin2	CONVERGED
mp-14018	N	2026-10-05 00:20:16	kt1	D1	CONVERGED	5	0.041556	0.995172	0.0160	1832			989a18637	
mp-14069	M	2026-04-28 00:29:11			GOOD	8	4.324	7.060					~/bin2	CONVERGED
mp-14069	N	2026-10-05 02:19:54	kt1	D0	CONVERGED	6	4.323584	7.184020	0.0010	782			989a18637	
mp-14070	M	2026-04-28 00:45:02			FAILED	6	3.276						~/bin2	NOGAP_GAP_COLLAPSED(LDA gap 3.28 eV, previous QSGW iteration 0.42 eV)
mp-14070	R	2026-09-30 06:10:59	kt1	W3	CONVERGED	6	3.277843	6.352957		493			989a18637	
mp-14070	N	2026-10-05 21:47:20	kt1	D0	CONVERGED	6	3.277843	6.353014	0.0030	383			989a18637	
mp-14091	M	2026-04-28 01:31:33			GOOD	9	1.036	2.622					~/bin2	CONVERGED
mp-14091	N	2026-10-05 16:12:24	kt1	D1	CONVERGED	5	1.036391	2.579297	0.0200	1372			989a18637	
mp-14092	M	2026-04-28 02:14:35			GOOD	8	0.983	2.215					~/bin2	CONVERGED
mp-14092	N	2026-10-05 15:34:29	kt1	D0	CONVERGED	5	0.982884	2.227099	0.0130	2034			989a18637	
mp-14099	M	2026-04-09 01:56:18			FAILED	6	1.449						~/bin2	NOGAP_GAP_COLLAPSED(LDA gap 1.45 eV)
mp-14099	R	2026-09-30 03:16:28	kt1	W4	CONVERGED	6	1.448655	5.471937		286			989a18637	
mp-14099	N	2026-10-03 06:34:53	kt1	D1	CONVERGED	6	1.448655	5.471635	0.0040	403			989a18637	
mp-14115	M	2026-04-04 17:27:21			GOOD	9	1.310	3.136					~/bin2	CONVERGED
mp-14115	N	2026-10-03 14:25:45	kr7	K1	CONVERGED	6	1.310393	3.332103	0.0200	330			b695fa65c	
mp-14116	M	2026-04-04 17:36:27			GOOD	8	0.806	1.936					~/bin2	CONVERGED
mp-14116	N	2026-10-02 23:57:16	kt1	D3	CONVERGED	6	0.806562	2.034421	0.0160	356			989a18637	
mp-1413	M	2026-04-19 00:36:27			GOOD	8	0.464	0.822					~/bin2	CONVERGED
mp-1413	N	2026-10-03 11:50:13	kt1	D0	CONVERGED	4	0.464118	0.824717	0.0050	855			989a18637	
mp-1415	M	2026-04-03 22:51:52			FAILED	5	1.919	3.886					~/bin2	AC_rst-rmt-mismatch@llmf_start(lmf)
mp-1415	R	2026-09-30 01:26:33	kt1	W3	CONVERGED	5	1.916106	3.848115		603			989a18637	
mp-1415	N	2026-10-05 21:56:25	kt1	D3	CONVERGED	5	1.916106	3.847740	0.0070	191			989a18637	
mp-14205	M	2026-04-28 02:18:38			GOOD	10	1.280	2.131					~/bin2	CONVERGED
mp-14205	N	2026-10-03 19:32:56	kt1	D0	CONVERGED	5	1.279318	2.097494	0.0200	1446			989a18637	
mp-14206	M	2026-04-28 03:11:18			GOOD	8	1.107	1.935					~/bin2	CONVERGED
mp-14206	N	2026-10-03 09:55:19	kt1	D0	CONVERGED	5	1.107122	1.977087	0.0140	1702			989a18637	
mp-14232	M	2026-04-28 02:34:03			NOTCONV	10	7.062	10.714					~/bin2	MAXITER_NOTCONV
mp-14232	R	2026-10-01 10:56:51	kt1	R4	CONVERGED	5	7.063167	10.382166	none	539			989a18637	
mp-14232	N	2026-10-05 21:55:24	kt1	D1	CONVERGED	5	7.063167	10.382217	none	331			989a18637	
mp-1434	M	2026-04-04 05:06:31			GOOD	8	1.176	1.712					~/bin2	CONVERGED
mp-1434	N	2026-10-03 04:26:02	kr7	K1	CONVERGED	4	1.175430	1.764781	0.0080	364			b695fa65c	
mp-14437	M	2026-04-04 17:49:23			FAILED	5	3.518	5.931					~/bin2	AC_rst-rmt-mismatch@llmf_start(lmf)
mp-14437	R	2026-09-30 03:06:03	kt1	W3	CONVERGED	5	3.521503	5.951582		343			989a18637	
mp-14437	N	2026-10-03 06:29:03	kr7	K1	CONVERGED	5	3.521503	5.951126	0.0120	881			b695fa65c	
mp-147	M	2026-04-19 01:05:23			GOOD	9	1.286	2.555					~/bin2	CONVERGED
mp-147	N	2026-10-05 10:06:30	kt1	D2	CONVERGED	5	1.287054	2.530977	0.0150	873			989a18637	
mp-147	E	2026-10-05 20:48:12	kr7es	F0	CONVERGED	5	1.287113	2.460526	0.0150	2074	7	es-a	614ab5eb8	
mp-1479	M	2026-04-03 22:52:17			GOOD	8	1.225	2.063					~/bin2	CONVERGED
mp-1479	N	2026-10-03 00:43:10	kr7	K0	CONVERGED	4	1.222991	2.053951	0.0130	171			b695fa65c	
mp-14790	M	2026-04-23 15:43:05			GOOD	8	0.601	0.737					~/bin2	CONVERGED
mp-14790	N	2026-10-03 08:58:32	kt1	D0	CONVERGED	4	0.602546	0.736768	0.0090	2971			989a18637	
mp-149	M	2026-04-03 22:55:37			GOOD	8	0.532	1.199					~/bin2	CONVERGED
mp-149	N	2026-10-03 00:08:16	kr7	K1	CONVERGED	4	0.530963	1.200815	0.0070	160			b695fa65c	
mp-1492	M	2026-04-19 01:27:44			GOOD	8	0.003	0.728					~/bin2	CONVERGED
mp-1492	N	2026-10-05 10:52:00	kt1	D2	CONVERGED	5	0.003306	0.723579	0.0090	1415			989a18637	
mp-1500	M	2026-04-03 22:57:39			FAILED	5	2.051	3.817					~/bin2	AC_rst-rmt-mismatch@llmf_start(lmf)
mp-1500	R	2026-09-30 01:31:03	kt1	W2	CONVERGED	5	2.052343	3.920177		840			989a18637	
mp-1500	N	2026-10-05 22:55:20	kt1	D2	CONVERGED	5	2.052343	3.920156	0.0160	219			989a18637	
mp-15157	M	2026-04-23 15:33:00			NOTCONV	10	6.005	9.865					~/bin2	MAXITER_NOTCONV
mp-15157	R	2026-10-01 07:56:40	kt1	R4	CONVERGED	6	6.004742	9.989961	0.0000	2457			989a18637	
mp-15157	N	2026-10-06 03:16:17	kt1	D0	CONVERGED	6	6.004742	9.991105	0.0000	1031			989a18637	
mp-1519	M	2026-04-03 23:01:03			FAILED	5	1.456	2.968					~/bin2	AC_rst-rmt-mismatch@llmf_start(lmf)
mp-1519	R	2026-09-30 01:30:02	kt1	W4	CONVERGED	5	1.451984	2.963353		405			989a18637	
mp-1519	N	2026-10-05 21:33:47	kt1	D2	CONVERGED	5	1.451984	2.963384	0.0180	192			989a18637	
mp-1522	M	2026-04-19 01:46:08			GOOD	8	0.745	1.294					~/bin2	CONVERGED
mp-1522	N	2026-10-04 13:03:07	kt1	D2	CONVERGED	4	0.744962	1.290184	0.0470	575			989a18637	
mp-1525634	M	2026-04-04 18:09:23			GOOD	8	0.912	2.138					~/bin2	CONVERGED
mp-1525634	N	2026-10-03 06:31:18	kr7	K0	CONVERGED	6	0.909034	2.133305	0.0060	1084			b695fa65c	
mp-1525634	E	2026-10-06 11:07:53	kt1es	G3	FAIL(1)	0	0.909975	none	none	725	8	es-a	0601771b4	
mp-1525634	E	2026-10-06 15:10:57	kt1es	G2	CONVERGED	5	0.909975	2.084588	0.0200	2017	8	es-c	0601771b4	
mp-154	M	2026-04-28 02:54:44			GOOD	10	7.319	13.930					~/bin2	CONVERGED
mp-154	N	2026-10-04 21:17:20	kt1	D0	CONVERGED	5	7.317337	13.785925	none	527			989a18637	
mp-154	E	2026-10-07 12:51:29	kt1es	G1	MAXITER	10	7.316366	none	68.7820	2490	4	es-c	0601771b4	
mp-154	E	2026-10-07 14:38:07	kt1es	G2	CONVERGED	5	7.315482	13.640998	none	786	4	es-c	0601771b4	
mp-1541	M	2026-04-03 23:01:18			GOOD	8	2.513	3.935					~/bin2	CONVERGED
mp-1541	N	2026-10-03 00:02:49	kr7	K1	CONVERGED	5	2.512288	3.934261	0.0130	116			b695fa65c	
mp-1541909	M	2026-04-19 03:54:40			GOOD	9	1.236	2.722					~/bin2	CONVERGED
mp-1541909	N	2026-10-04 02:59:24	kt1	D2	CONVERGED	5	1.235687	2.700461	0.0210	2880			989a18637	
mp-1546049	M	2026-04-28 05:27:56			GOOD	8	1.475	3.831					~/bin2	CONVERGED
mp-1546049	N	2026-10-03 15:16:54	kt1	D1	CONVERGED	5	1.475232	3.904152	0.0170	4020			989a18637	
mp-1546049	E	2026-10-07 13:41:55	kt1es	G3	CONVERGED	5	1.475357	3.875504	0.0150	5092	8	es-c	0601771b4	
mp-1550	M	2026-04-03 23:05:14			GOOD	8	1.462	2.490					~/bin2	CONVERGED
mp-1550	N	2026-10-03 00:40:19	kr7	K0	CONVERGED	5	1.461150	2.479997	0.0050	153			b695fa65c	
mp-15622	M	2026-04-28 05:03:39			GOOD	8	0.293	1.377					~/bin2	CONVERGED
mp-15622	N	2026-10-05 03:12:12	kt1	D3	CONVERGED	5	0.291221	1.368589	0.0040	2470			989a18637	
mp-1565	M	2026-04-04 05:05:32			GOOD	8	3.200	5.299					~/bin2	CONVERGED
mp-1565	N	2026-10-03 05:07:49	kr7	K1	CONVERGED	6	3.201973	5.297592	0.0300	169			b695fa65c	
mp-15668	M	2026-04-28 05:39:34			GOOD	8	0.317	2.271					~/bin2	CONVERGED
mp-15668	N	2026-10-05 13:13:40	kt1	D3	CONVERGED	6	0.316613	2.219322	0.0020	1139			989a18637	
mp-15684	M	2026-04-28 06:49:51			GOOD	8	0.958	2.064					~/bin2	CONVERGED
mp-15684	N	2026-10-05 19:16:06	kt1	D0	CONVERGED	5	0.957892	2.059401	0.0170	1965			989a18637	
mp-15685	M	2026-04-28 06:41:04			GOOD	8	0.588	1.342					~/bin2	CONVERGED
mp-15685	N	2026-10-03 19:09:16	kt1	D3	CONVERGED	5	0.588299	1.317916	0.0150	1304			989a18637	
mp-15687	M	2026-04-04 05:18:14			FAILED	5	0.140	1.284					~/bin2	AC_rst-rmt-mismatch@llmf_start(lmf)
mp-15687	R	2026-09-30 02:22:13	kt1	W1	CONVERGED	5	0.139934	1.303605		663			989a18637	
mp-15687	N	2026-10-03 02:40:41	kr7	K0	CONVERGED	5	0.139934	1.303268	0.0090	359			b695fa65c	
mp-1569	M	2026-04-04 05:09:38			GOOD	8	1.198	2.095					~/bin2	CONVERGED
mp-1569	N	2026-10-03 04:11:50	kr7	K0	CONVERGED	4	1.199717	2.093907	0.0070	102			b695fa65c	
mp-157	M	2026-04-04 18:04:49			GOOD	8	0.015	0.747					~/bin2	CONVERGED
mp-157	N	2026-10-03 18:24:10	kr7	K0	CONVERGED	5	0.015202	0.717983	0.0100	538			b695fa65c	
mp-1572	M	2026-04-28 07:32:07			GOOD	8	0.805	2.310					~/bin2	CONVERGED
mp-1572	N	2026-10-04 12:44:05	kt1	D3	CONVERGED	5	0.805132	2.316640	0.0050	1234			989a18637	
mp-1572	E	2026-10-07 12:43:35	kt1es	G2	CONVERGED	5	0.805132	2.316706	0.0050	1417	0	es-c	0601771b4	
mp-15724	M	2026-04-19 07:51:24			GOOD	8	0.626	1.814					~/bin2	CONVERGED
mp-15724	N	2026-10-03 10:55:09	kr7	K1	CONVERGED	5	0.625371	1.824943	0.0060	353			b695fa65c	
mp-1575	M	2026-04-19 02:17:56			GOOD	8	1.901	4.290					~/bin2	CONVERGED
mp-1575	N	2026-10-04 20:54:27	kt1	D1	CONVERGED	6	1.898973	4.316502	0.0010	1249			989a18637	
mp-15776	M	2026-04-23 16:24:12			GOOD	8	1.313	2.746					~/bin2	CONVERGED
mp-15776	N	2026-10-03 14:56:19	kt1	D3	CONVERGED	5	1.312435	2.740564	0.0050	1792			989a18637	
mp-15777	M	2026-04-23 16:53:25			GOOD	8	0.944	1.943					~/bin2	CONVERGED
mp-15777	N	2026-10-03 21:27:31	kt1	D2	CONVERGED	5	0.943649	1.934511	0.0040	1937			989a18637	
mp-15788	M	2026-04-04 18:21:34			GOOD	10	1.755	2.991					~/bin2	CONVERGED
mp-15788	N	2026-10-03 12:45:20	kr7	K1	CONVERGED	5	1.753604	3.287915	0.0060	436			b695fa65c	
mp-15794	M	2026-04-04 18:23:54			NOTCONV	10	1.404	2.710					~/bin2	MAXITER_NOTCONV
mp-15794	R	2026-10-01 03:23:40	kt1	R4	CONVERGED	5	1.403927	2.699236	0.0070	430			989a18637	
mp-15794	N	2026-10-04 13:14:26	kr7	K0	CONVERGED	5	1.403927	2.699127	0.0070	511			b695fa65c	
mp-1591	M	2026-04-23 16:38:45			GOOD	9	1.316	2.240					~/bin2	CONVERGED
mp-1591	N	2026-10-04 03:55:41	kt1	D0	CONVERGED	4	1.313114	2.243872	0.0150	835			989a18637	
mp-1595	M	2026-04-23 17:06:48			GOOD	10	1.761	3.881					~/bin2	CONVERGED
mp-1595	N	2026-10-04 03:21:37	kt1	D3	CONVERGED	6	1.760039	3.825376	0.0130	1079			989a18637	
mp-1595	E	2026-10-06 11:05:21	kr7es	F1	CONVERGED	6	1.761452	3.857411	0.0140	2267	1	es-a	614ab5eb8	
mp-1598	M	2026-04-28 07:26:08			GOOD	8	0.388	1.395					~/bin2	CONVERGED
mp-1598	N	2026-10-05 18:45:07	kt1	D3	CONVERGED	5	0.387737	1.427690	0.0100	1163			989a18637	
mp-15988	M	2026-04-04 18:29:15			GOOD	8	0.497	0.945					~/bin2	CONVERGED
mp-15988	N	2026-10-03 14:26:14	kr7	K0	CONVERGED	4	0.496476	0.939982	0.0220	195			b695fa65c	
mp-1602	M	2026-04-19 03:01:54			GOOD	9	2.691	4.901					~/bin2	CONVERGED
mp-1602	N	2026-10-04 07:30:15	kt1	D1	CONVERGED	5	2.692584	5.012946	0.0180	1191			989a18637	
mp-16236	M	2026-04-19 03:51:37			GOOD	8	0.305	1.654					~/bin2	CONVERGED
mp-16236	N	2026-10-04 16:43:25	kt1	D2	CONVERGED	5	0.304922	1.668709	0.0100	840			989a18637	
mp-16238	M	2026-04-04 18:33:09			GOOD	8	0.069	0.828					~/bin2	CONVERGED
mp-16238	N	2026-10-03 08:07:22	kr7	K1	CONVERGED	5	0.068657	0.840723	0.0020	381			b695fa65c	
mp-16319	M	2026-04-28 09:38:06			GOOD	8	0.596	0.906					~/bin2	CONVERGED
mp-16319	N	2026-10-05 07:48:32	kt1	D1	CONVERGED	5	0.596126	0.949127	0.0230	3680			989a18637	
mp-16337	M	2026-04-23 18:11:28			GOOD	8	0.577	1.457					~/bin2	CONVERGED
mp-16337	N	2026-10-04 10:26:47	kt1	D0	CONVERGED	5	0.577979	1.454324	0.0050	1725			989a18637	
mp-1634	M	2026-04-19 04:19:35			GOOD	8	1.065	1.748					~/bin2	CONVERGED
mp-1634	N	2026-10-04 12:37:27	kt1	D1	CONVERGED	4	1.065102	1.738486	0.0100	783			989a18637	
mp-16364	M	2026-04-03 23:09:06			GOOD	8	0.012	0.304					~/bin2	CONVERGED
mp-16364	N	2026-10-02 23:12:47	kr7	K1	CONVERGED	5	0.012168	0.305359	0.0030	211			b695fa65c	
mp-16364	E1	2026-10-05 03:36:31	kr7e1	E0	CONVERGED	5	0.012179	0.316042	0.0080	252	2		b695fa65c	
mp-16364	E	2026-10-06 18:37:14	kt1es	G1	CONVERGED	5	0.012271	0.320105	0.0050	649	2	es-c	0601771b4	
mp-1639	M	2026-04-03 23:07:49			GOOD	8	4.389	6.250					~/bin2	CONVERGED
mp-1639	N	2026-10-03 00:37:26	kr7	K1	CONVERGED	5	4.388004	6.344369	0.0020	71			b695fa65c	
mp-165	M	2026-04-04 18:37:53			GOOD	8	0.320	0.978					~/bin2	CONVERGED
mp-165	N	2026-10-03 13:10:10	kr7	K1	CONVERGED	4	0.318127	0.972984	0.0170	299			b695fa65c	
mp-1672	M	2026-04-03 23:12:39			GOOD	4	2.176	4.385					~/bin2	CONVERGED
mp-1672	N	2026-10-02 23:11:15	kr7	K0	CONVERGED	5	2.176821	4.340297	0.0030	188			b695fa65c	
mp-16742	M	2026-04-28 08:33:27			GOOD	8	1.321	2.667					~/bin2	CONVERGED
mp-16742	N	2026-10-03 10:45:37	kt1	D1	CONVERGED	5	1.320602	2.680312	0.0070	1274			989a18637	
mp-16755	M	2026-04-23 17:53:13			GOOD	8	1.795	3.936					~/bin2	CONVERGED
mp-16755	N	2026-10-04 13:16:18	kt1	D1	CONVERGED	5	1.795078	3.932997	0.0130	2331			989a18637	
mp-16755	E	2026-10-06 12:35:32	kr7es	F0	CONVERGED	5	1.794933	3.845657	0.0140	5745	1	es-a	614ab5eb8	
mp-16763	M	2026-04-04 18:55:59			FAILED	5	1.208	2.483					~/bin2	AC_rst-rmt-mismatch@llmf_start(lmf)
mp-16763	R	2026-09-30 03:11:27	kt1	W2	CONVERGED	5	1.206675	2.439019		635			989a18637	
mp-16763	N	2026-10-04 14:34:02	kr7	K0	CONVERGED	5	1.206675	2.438830	0.0080	1010			b695fa65c	
mp-16764	M	2026-04-28 09:55:05			GOOD	8	1.266	2.581					~/bin2	CONVERGED
mp-16764	N	2026-10-05 05:43:44	kt1	D0	CONVERGED	5	1.264902	2.596039	0.0130	2091			989a18637	
mp-1683	M	2026-04-28 10:59:57			GOOD	8	0.440	1.519					~/bin2	CONVERGED
mp-1683	N	2026-10-05 08:31:34	kt1	D0	CONVERGED	5	0.440532	1.494478	0.0110	1991			989a18637	
mp-169	M	2026-04-03 23:12:24			NOTCONV	10	1.664	2.941					~/bin2	MAXITER_NOTCONV
mp-169	R	2026-10-01 02:46:31	kt1	R1	CONVERGED	4	1.663932	2.519014	0.0260	405			989a18637	
mp-169	N	2026-10-05 21:32:24	kt1	D0	CONVERGED	4	1.663932	2.519215	0.0260	95			989a18637	
mp-1735	M	2026-04-08 01:03:16			GOOD	9	1.522	3.872					~/bin2	CONVERGED
mp-1735	N	2026-10-03 04:10:08	kr7	K0	CONVERGED	5	1.519196	3.863568	0.0050	271			b695fa65c	
mp-1747	M	2026-04-04 05:22:35			FAILED	5	1.955	3.798					~/bin2	AC_rst-rmt-mismatch@llmf_start(lmf)
mp-1747	R	2026-09-30 02:23:46	kt1	W2	CONVERGED	6	1.953498	3.930307		650			989a18637	
mp-1747	N	2026-10-03 02:39:54	kr7	K1	CONVERGED	6	1.953498	3.930158	0.0030	475			b695fa65c	
mp-1747	E1	2026-10-05 04:18:35	kr7e1	E0	CONVERGED	5	1.953907	3.874877	0.0040	354	1		b695fa65c	
mp-1747	E	2026-10-06 18:39:08	kt1es	G0	CONVERGED	5	1.953662	3.882709	0.0040	366	1	es-c	0601771b4	
mp-1784	M	2026-04-03 23:17:22			FAILED	5	5.245	8.726					~/bin2	AC_rst-rmt-mismatch@llmf_start(lmf)
mp-1784	R	2026-09-30 01:32:56	kt1	W3	CONVERGED	6	5.245336	8.871848		383			989a18637	
mp-1784	N	2026-10-05 21:25:05	kt1	D1	CONVERGED	6	5.245336	8.872147	0.0010	157			989a18637	
mp-1794	M	2026-04-03 23:15:19			GOOD	9	8.192	11.369					~/bin2	CONVERGED
mp-1794	N	2026-10-02 23:53:18	kr7	K1	CONVERGED	5	8.189735	11.097904	none	80			b695fa65c	
mp-1818	M	2026-04-09 02:08:51			GOOD	8	7.589	13.021					~/bin2	CONVERGED
mp-1818	N	2026-10-04 04:16:41	kr7	K1	CONVERGED	6	7.589749	13.105740	none	358			b695fa65c	
mp-1818	E	2026-10-06 16:45:05	kt1es	G0	CONVERGED	6	7.590030	12.993880	none	307	3	es-c	0601771b4	
mp-1821	M	2026-04-19 04:21:42			GOOD	8	1.265	2.042					~/bin2	CONVERGED
mp-1821	N	2026-10-05 09:15:09	kt1	D0	CONVERGED	4	1.265112	2.023150	0.0110	539			989a18637	
mp-1836	M	2026-04-28 10:56:17			GOOD	8	0.066	0.840					~/bin2	CONVERGED
mp-1836	N	2026-10-04 08:27:03	kt1	D0	CONVERGED	5	0.066642	0.835820	0.0050	1527			989a18637	
mp-1873	M	2026-04-19 04:42:58			NOTCONV	10	3.432	8.481					~/bin2	MAXITER_NOTCONV
mp-1873	R	2026-10-01 06:11:27	kt1	R3	CONVERGED	6	3.431755	8.052167	0.0030	660			989a18637	
mp-1873	N	2026-10-05 22:08:18	kt1	D1	CONVERGED	6	3.431755	8.052561	0.0030	455			989a18637	
mp-1876	M	2026-04-03 23:20:29			GOOD	8	0.626	0.789					~/bin2	CONVERGED
mp-1876	N	2026-10-03 00:45:16	kr7	K1	CONVERGED	4	0.626277	0.779769	0.0090	168			b695fa65c	
mp-1880	M	2026-04-28 11:42:13			NOTCONV	10	4.480	7.190					~/bin2	MAXITER_NOTCONV
mp-1880	R	2026-10-01 11:23:50	kt1	R1	CONVERGED	6	4.479529	7.305903	0.0030	1961			989a18637	
mp-1880	N	2026-10-06 02:09:54	kt1	D1	CONVERGED	6	4.479529	7.305997	0.0030	1139			989a18637	
mp-1880	E	2026-10-06 17:25:21	kt1es	G1	CONVERGED	6	4.479969	7.295223	0.0020	1848	4	es-c	0601771b4	
mp-1883	M	2026-04-03 23:23:13			GOOD	8	0.004	0.366					~/bin2	CONVERGED
mp-1883	N	2026-10-03 00:12:53	kr7	K1	CONVERGED	4	0.004037	0.053328	0.0160	133			b695fa65c	
mp-189	M	2026-04-28 11:20:37			GOOD	8	0.231	0.408					~/bin2	CONVERGED
mp-189	N	2026-10-04 06:21:46	kt1	D0	CONVERGED	4	0.230446	0.404281	0.0050	462			989a18637	
mp-18921	M	2026-04-04 18:46:32			FAILED	7	0.792	2.461					~/bin2	AC_lmf-SCF-diverged@llmf_start
mp-18921	R	2026-09-30 03:11:42	kt1	W4	MAXITER	10	0.791976	3.364365		591			989a18637	
mp-18921	R	2026-09-30 23:19:01	kt1	C1	CONVERGED	14	0.791976	3.375416	0.0190	551			989a18637	
mp-18921	N	2026-10-04 13:52:24	kr7	K1	MAXITER	10	0.791976	3.294627	0.1400	666			b695fa65c	
mp-18943	M	2026-04-28 12:01:45			GOOD	10	0.151	2.181					~/bin2	CONVERGED
mp-18943	N	2026-10-03 01:41:00	kt1	D3	CONVERGED	8	0.151498	2.225332	0.0160	1249			989a18637	
mp-19	M	2026-04-04 05:31:33			GOOD	8	0.562	0.906					~/bin2	CONVERGED
mp-19	N	2026-10-03 02:52:01	kr7	K0	CONVERGED	4	0.561389	0.904284	0.0090	292			b695fa65c	
mp-19052	M	2026-04-28 12:18:18			NOTCONV	10	3.513	6.174					~/bin2	MAXITER_NOTCONV
mp-19052	R	2026-10-01 11:21:00	kt1	R2	CONVERGED	6	3.512554	6.175355	0.0070	1527			989a18637	
mp-19052	N	2026-10-06 00:48:48	kt1	D3	CONVERGED	6	3.512554	6.175406	0.0070	939			989a18637	
mp-19178	M	2026-04-28 12:22:30			GOOD	9	0.415	1.837					~/bin2	CONVERGED
mp-19178	N	2026-10-05 21:03:03	kt1	D0	CONVERGED	7	0.415091	1.732391	0.0320	812			989a18637	
mp-19183	M	2026-04-09 02:38:54			NOTCONV	10	0.247	3.784					~/bin2	MAXITER_NOTCONV
mp-19183	R	2026-10-01 04:34:15	kt1	R3	CONVERGED	6	0.247265	2.783714	0.0070	582			989a18637	
mp-19183	N	2026-10-04 15:38:34	kr7	K1	CONVERGED	7	0.247265	2.813613	0.1170	543			b695fa65c	
mp-1933	M	2026-04-04 18:54:07			GOOD	9	0.288	0.857					~/bin2	CONVERGED
mp-1933	N	2026-10-03 12:38:04	kr7	K1	CONVERGED	5	0.287928	0.861138	0.0180	271			b695fa65c	
mp-1933	E1	2026-10-05 06:13:06	kr7e1	E0	CONVERGED	5	0.282766	0.930127	0.0200	311	1		b695fa65c	
mp-1933	E	2026-10-06 18:40:52	kt1es	G1	CONVERGED	5	0.284610	0.945338	0.0220	218	1	es-c	0601771b4	
mp-19390	M	2026-04-04 19:00:23			GOOD	8	0.388	1.533					~/bin2	CONVERGED
mp-19390	N	2026-10-03 14:09:29	kr7	K1	CONVERGED	5	0.386799	1.549409	0.0190	320			b695fa65c	
mp-19390	E1	2026-10-05 06:17:48	kr7e1	E0	CONVERGED	5	0.386156	1.529901	0.0140	282	1		b695fa65c	
mp-19390	E	2026-10-06 18:41:12	kt1es	G3	CONVERGED	5	0.387233	1.524069	0.0180	198	1	es-c	0601771b4	
mp-19412	M	2026-04-28 12:49:08			GOOD	8	0.397	2.106					~/bin2	CONVERGED
mp-19412	N	2026-10-05 18:10:02	kt1	D3	CONVERGED	6	0.396909	2.055524	0.0110	1503			989a18637	
mp-1943	M	2026-04-28 13:03:31			GOOD	8	0.815	2.294					~/bin2	CONVERGED
mp-1943	N	2026-10-04 07:10:24	kt1	D1	CONVERGED	5	0.814868	2.339483	0.0040	1403			989a18637	
mp-19443	M	2026-04-28 13:14:52			GOOD	8	0.276	1.769					~/bin2	CONVERGED
mp-19443	N	2026-10-05 16:23:09	kt1	D3	CONVERGED	5	0.276328	1.734426	0.0230	946			989a18637	
mp-19443	E	2026-10-07 12:35:55	kt1es	G0	CONVERGED	5	0.277787	1.683266	0.0260	886	2	es-c	0601771b4	
mp-1950	M	2026-04-19 04:52:26			GOOD	8	1.146	3.001					~/bin2	CONVERGED
mp-1950	N	2026-10-05 11:10:53	kt1	D0	CONVERGED	5	1.145026	2.996446	0.0080	824			989a18637	
mp-1954	M	2026-04-28 13:30:03			GOOD	8	2.477	4.263					~/bin2	CONVERGED
mp-1954	N	2026-10-05 01:35:43	kt1	D2	CONVERGED	5	2.477312	4.376590	0.0030	1086			989a18637	
mp-1958	M	2026-04-03 23:26:45			FAILED	5	1.656	2.959					~/bin2	AC_rst-rmt-mismatch@llmf_start(lmf)
mp-1958	R	2026-09-30 01:35:18	kt1	W1	CONVERGED	5	1.654501	2.989890		399			989a18637	
mp-1958	N	2026-10-05 21:31:34	kt1	D3	CONVERGED	5	1.654501	2.990283	0.0070	165			989a18637	
mp-1960	M	2026-04-04 05:25:56			GOOD	8	4.804	8.076					~/bin2	CONVERGED
mp-1960	N	2026-10-03 03:52:49	kr7	K0	CONVERGED	6	4.802647	7.965740	0.0010	213			b695fa65c	
mp-1969	M	2026-04-19 06:01:55			UNKNOWN	6							~/bin2	NOGAP_METAL_IN_LDA_TOO
mp-1969	R	2026-10-01 00:19:51	kt1	M2	CONVERGED_METAL	5	none	none	none	1682			989a18637	
mp-1969	N	2026-10-03 03:28:10	kt1	D2	CONVERGED_METAL	5	none	none	none	1215			989a18637	
mp-19717	M	2026-04-03 23:29:12			GOOD	8	0.740	1.101					~/bin2	CONVERGED
mp-19717	N	2026-10-02 23:38:45	kr7	K1	CONVERGED	4	0.740210	1.093750	0.0140	139			b695fa65c	
mp-19734	M	2026-04-28 13:40:31			NOTCONV	10	3.149	1.764					~/bin2	MAXITER_NOTCONV
mp-19734	R	2026-10-01 11:16:05	kt1	R4	CONVERGED	6	3.147291	7.310837	0.0090	1154			989a18637	
mp-19734	N	2026-10-05 23:57:04	kt1	D3	CONVERGED	6	3.147291	7.310300	0.0080	536			989a18637	
mp-19765	M	2026-04-23 19:22:15			GOOD	8	0.412	1.277					~/bin2	CONVERGED
mp-19765	N	2026-10-04 06:52:14	kt1	D3	CONVERGED	5	0.412870	1.249313	0.0050	2095			989a18637	
mp-19795	M	2026-04-28 14:56:41			GOOD	8	1.268	2.197					~/bin2	CONVERGED
mp-19795	N	2026-10-05 02:35:55	kt1	D2	CONVERGED	5	1.267982	2.195273	0.0070	2046			989a18637	
mp-19799	M	2026-04-28 14:06:16			GOOD	10	2.934	6.644					~/bin2	CONVERGED
mp-19799	N	2026-10-04 17:59:02	kt1	D0	CONVERGED	6	2.933090	6.859677	0.0120	937			989a18637	
mp-19833	M	2026-04-28 15:02:19			GOOD	9	0.229	1.587					~/bin2	CONVERGED
mp-19833	N	2026-10-05 11:56:34	kt1	D3	CONVERGED	5	0.228935	1.524745	0.0150	1404			989a18637	
mp-19845	M	2026-04-09 02:41:54			GOOD	8	1.557	2.722					~/bin2	CONVERGED
mp-19845	N	2026-10-03 23:17:42	kr7	K1	CONVERGED	7	1.556797	2.885782	0.0220	392			b695fa65c	
mp-19851	M	2026-04-28 16:07:50			GOOD	8	0.891	2.033					~/bin2	CONVERGED
mp-19851	N	2026-10-05 05:52:50	kt1	D3	CONVERGED	5	0.891722	2.028996	0.0060	1889			989a18637	
mp-1986	M	2026-04-03 23:30:37			NOTCONV	10	0.649	2.940					~/bin2	MAXITER_NOTCONV
mp-1986	R	2026-10-01 02:51:17	kt1	R1	CONVERGED	6	0.648771	3.037948	0.0010	286			989a18637	
mp-1986	N	2026-10-03 06:28:10	kt1	D1	CONVERGED	6	0.648771	3.037390	0.0010	240			989a18637	
mp-19880	M	2026-04-19 05:58:22			GOOD	8	0.049	0.387					~/bin2	CONVERGED
mp-19880	N	2026-10-05 04:13:54	kt1	D2	CONVERGED	5	0.044090	0.389425	0.0070	1101			989a18637	
mp-19896	M	2026-04-28 15:48:12			GOOD	8	2.093	3.350					~/bin2	CONVERGED
mp-19896	N	2026-10-04 18:43:46	kt1	D2	CONVERGED	5	2.092732	3.267091	0.0060	1374			989a18637	
mp-19921	M	2026-04-04 19:12:10			GOOD	9	1.440	2.414					~/bin2	CONVERGED
mp-19921	N	2026-10-03 12:56:17	kr7	K0	CONVERGED	5	1.440073	2.380148	0.0070	597			b695fa65c	
mp-19963	M	2026-04-04 19:09:20			GOOD	8		0.058					~/bin2	CONVERGED
mp-19963	N	2026-10-03 14:04:09	kr7	K1	CONVERGED	6	none	0.060917	0.0040	499			b695fa65c	
mp-20027	M	2026-04-19 06:46:20			GOOD	8	0.358	0.636					~/bin2	CONVERGED
mp-20027	N	2026-10-04 15:40:39	kt1	D3	CONVERGED	4	0.357765	0.632737	0.0280	880			989a18637	
mp-20042	M	2026-04-28 16:34:11			GOOD	8	0.483	1.167					~/bin2	CONVERGED
mp-20042	N	2026-10-04 11:47:58	kt1	D2	CONVERGED	5	0.481955	1.170131	0.0050	1651			989a18637	
mp-2008	M	2026-04-19 06:59:17			GOOD	8	0.222	0.420					~/bin2	CONVERGED
mp-2008	N	2026-10-03 13:53:03	kt1	D1	CONVERGED	4	0.222189	0.421401	0.0220	826			989a18637	
mp-20098	M	2026-04-23 18:37:35			GOOD	9	1.350	2.572					~/bin2	CONVERGED
mp-20098	N	2026-10-03 04:29:27	kt1	D3	CONVERGED	5	1.350317	2.640679	0.0170	888			989a18637	
mp-20134	M	2026-04-04 05:43:24			GOOD	6	4.813	8.686					~/bin2	CONVERGED
mp-20134	N	2026-10-03 04:57:45	kr7	K1	CONVERGED	5	4.810808	8.746757	0.0030	438			b695fa65c	
mp-20162	M	2026-04-04 19:23:48			GOOD	8	0.052	0.728					~/bin2	CONVERGED
mp-20162	N	2026-10-03 08:56:41	kr7	K0	CONVERGED	5	0.052176	0.814775	0.0250	555			b695fa65c	
mp-20187	M	2026-04-28 16:58:49			GOOD	8	1.463	2.950					~/bin2	CONVERGED
mp-20187	N	2026-10-03 20:06:16	kt1	D1	CONVERGED	5	1.462393	2.946399	0.0050	1400			989a18637	
mp-20289	M	2026-04-04 19:26:47			GOOD	10	1.621	3.027					~/bin2	CONVERGED
mp-20289	N	2026-10-03 00:00:37	kt1	D1	CONVERGED	5	1.620370	3.110578	0.0090	328			989a18637	
mp-20337	M	2026-04-09 03:55:19			GOOD	8	2.632	3.964					~/bin2	CONVERGED
mp-20337	N	2026-10-04 10:31:04	kr7	K0	CONVERGED	5	2.632664	3.920198	0.0160	874			b695fa65c	
mp-20343	M	2026-04-28 17:15:30			NOTCONV	10	0.835	6.636					~/bin2	MAXITER_NOTCONV
mp-20343	R	2026-10-01 11:32:13	kt1	R5	CONVERGED	5	0.834700	3.282495	0.0220	1930			989a18637	
mp-20343	N	2026-10-06 01:57:54	kt1	D3	CONVERGED	5	0.834700	3.282612	0.0220	1047			989a18637	
mp-20351	M	2026-04-03 23:34:22			GOOD	8	0.366	1.230					~/bin2	CONVERGED
mp-20351	N	2026-10-03 00:10:54	kr7	K0	CONVERGED	5	0.365341	1.228623	0.0070	177			b695fa65c	
mp-20458	M	2026-04-28 17:09:33			FAILED	1	1.706						~/bin2	PROD_NaN_lsc
mp-20458	R	2026-09-30 06:20:31	kt1	W2	CONVERGED	6	1.705999	5.109806		820			989a18637	
mp-20458	N	2026-10-05 23:01:57	kt1	D3	CONVERGED	6	1.705999	5.110019	0.0040	652			989a18637	
mp-20459	M	2026-04-14 07:02:36			GOOD	10	1.623	3.221					~/bin2	CONVERGED_BY_SURVEY(10 iterations existed; gwscconv did not test)
mp-20459	N	2026-10-04 05:32:29	kr7	K1	CONVERGED	5	1.622924	3.220939	0.1330	726			b695fa65c	
mp-20463	M	2026-04-28 17:25:12			NOTCONV	10	3.551	10.267					~/bin2	MAXITER_NOTCONV
mp-20463	R	2026-10-01 11:18:32	kt1	R3	CONVERGED	6	3.551001	8.320289	0.0030	1050			989a18637	
mp-20463	N	2026-10-05 23:31:34	kt1	D2	CONVERGED	6	3.551001	8.320247	0.0030	485			989a18637	
mp-20463	E	2026-10-07 12:53:44	kt1es	G0	CONVERGED	6	3.552211	8.284060	0.0110	1069	2	es-c	0601771b4	
mp-20485	M	2026-04-28 18:11:46			GOOD	8	0.305	1.446					~/bin2	CONVERGED
mp-20485	N	2026-10-05 01:29:29	kt1	D1	CONVERGED	5	0.304874	1.464182	0.0100	1534			989a18637	
mp-20485	E	2026-10-07 13:20:11	kt1es	G2	CONVERGED	5	0.304854	1.492183	0.0090	2196	2	es-c	0601771b4	
mp-20526	M	2026-04-04 20:19:23			GOOD	8	1.741	3.238					~/bin2	CONVERGED
mp-20526	N	2026-10-04 18:19:51	kr7	K0	CONVERGED	5	1.739358	3.244706	0.0180	1974			b695fa65c	
mp-20526	E1	2026-10-05 07:11:59	kr7e1	E0	CONVERGED	5	1.739511	3.188860	0.1250	3251	1		b695fa65c	
mp-20526	E	2026-10-06 19:02:05	kt1es	G2	CONVERGED	5	1.739405	3.215322	0.0070	1446	2	es-c	0601771b4	
mp-2064	M	2026-04-03 23:35:31			GOOD	4	6.498	10.276					~/bin2	CONVERGED
mp-2064	N	2026-10-03 00:49:35	kr7	K0	CONVERGED	6	6.498607	10.480934	none	223			b695fa65c	
mp-2068	M	2026-04-28 17:45:56			GOOD	10	0.773	3.617					~/bin2	CONVERGED
mp-2068	N	2026-10-02 23:51:20	kt1	D3	CONVERGED	7	0.772605	3.999565	0.0130	993			989a18637	
mp-2072	M	2026-04-28 19:07:22			GOOD	8	0.547	2.281					~/bin2	CONVERGED
mp-2072	N	2026-10-04 12:00:46	kt1	D0	CONVERGED	6	0.547715	2.295327	0.0050	2711			989a18637	
mp-2072	E	2026-10-07 14:04:29	kt1es	G1	CONVERGED	6	0.547721	2.289771	0.0020	4380	2	es-c	0601771b4	
mp-20731	M	2026-04-23 19:43:43			GOOD	8	0.473	1.564					~/bin2	CONVERGED
mp-20731	N	2026-10-03 22:58:18	kt1	D0	CONVERGED	5	0.473255	1.522654	0.0110	1736			989a18637	
mp-2074	M	2026-04-04 19:32:47			GOOD	8	0.744	1.488					~/bin2	CONVERGED
mp-2074	N	2026-10-03 08:53:34	kr7	K1	CONVERGED	4	0.744260	1.479919	0.0140	181			b695fa65c	
mp-2076	M	2026-04-04 05:41:44			GOOD	8	0.375	1.385					~/bin2	CONVERGED
mp-2076	N	2026-10-03 03:52:36	kr7	K1	CONVERGED	5	0.374177	1.383290	0.0100	287			b695fa65c	
mp-20782	M	2026-04-28 19:27:49			GOOD	8	1.304	2.477					~/bin2	CONVERGED
mp-20782	N	2026-10-04 00:07:00	kt1	D3	CONVERGED	5	1.303579	2.498202	0.0050	1854			989a18637	
mp-20790	M	2026-04-19 07:42:16			GOOD	9	2.189	3.850					~/bin2	CONVERGED
mp-20790	N	2026-10-04 07:11:49	kt1	D3	CONVERGED	5	2.187637	3.862873	0.0100	1175			989a18637	
mp-20832	M	2026-04-23 20:46:22			GOOD	8	0.735	1.769					~/bin2	CONVERGED
mp-20832	N	2026-10-03 22:18:42	kt1	D2	CONVERGED	5	0.734676	1.733667	0.0050	2176			989a18637	
mp-20878	M	2026-04-28 20:13:46			GOOD	8	2.108	3.168					~/bin2	CONVERGED
mp-20878	N	2026-10-05 11:23:17	kt1	D1	CONVERGED	5	2.108790	3.199844	0.0090	1485			989a18637	
mp-20928	M	2026-04-19 08:22:10			GOOD	8	0.003	0.251					~/bin2	CONVERGED
mp-20928	N	2026-10-03 18:20:34	kt1	D0	CONVERGED	4	0.003700	0.245568	0.0100	846			989a18637	
mp-20930	M	2026-04-04 19:42:56			NOTCONV	10	0.394	1.805					~/bin2	MAXITER_NOTCONV
mp-20930	R	2026-10-01 03:24:02	kt1	R2	CONVERGED	6	0.394554	1.955047	0.0030	334			989a18637	
mp-20930	N	2026-10-03 06:07:14	kr7	K0	CONVERGED	6	0.394554	1.955487	0.0030	358			b695fa65c	
mp-2097	M	2026-04-04 19:56:51			GOOD	8	0.245	0.782					~/bin2	CONVERGED
mp-2097	N	2026-10-03 14:11:08	kr7	K0	CONVERGED	4	0.244643	0.784791	0.0300	261			b695fa65c	
mp-21043	M	2026-04-09 03:51:29			GOOD	10	2.979	5.717					~/bin2	CONVERGED
mp-21043	N	2026-10-03 01:35:34	kt1	D2	CONVERGED	6	2.978391	5.528825	0.0050	436			989a18637	
mp-2114	M	2026-04-03 23:38:22			GOOD	8	0.115	0.997					~/bin2	CONVERGED
mp-2114	N	2026-10-03 00:01:32	kr7	K0	CONVERGED	5	0.115092	0.988364	0.0120	131			b695fa65c	
mp-21228	M	2026-04-28 20:13:59			GOOD	8	1.077	2.582					~/bin2	CONVERGED
mp-21228	N	2026-10-05 00:41:09	kt1	D1	CONVERGED	5	1.077814	2.590610	0.0170	1253			989a18637	
mp-21276	M	2026-04-03 23:40:46			GOOD	8	0.334	0.752					~/bin2	CONVERGED
mp-21276	N	2026-10-02 23:33:06	kr7	K1	CONVERGED	4	0.333465	0.747293	0.0170	101			b695fa65c	
mp-2133	M	2026-04-04 20:07:02			GOOD	8	0.750	3.176					~/bin2	CONVERGED
mp-2133	N	2026-10-03 12:41:08	kr7	K0	CONVERGED	6	0.750222	3.154666	0.0030	337			b695fa65c	
mp-21374	M	2026-04-23 21:15:56			GOOD	8	0.715	1.729					~/bin2	CONVERGED
mp-21374	N	2026-10-03 10:02:04	kt1	D3	CONVERGED	5	0.715875	1.699474	0.0060	2319			989a18637	
mp-21405	M	2026-04-04 20:36:39			GOOD	9	0.966	1.890					~/bin2	CONVERGED
mp-21405	N	2026-10-03 16:10:03	kr7	K1	CONVERGED	5	0.967518	1.907534	0.0060	958			b695fa65c	
mp-2150	M	2026-04-19 08:41:33			GOOD	8	0.358	1.480					~/bin2	CONVERGED
mp-2150	N	2026-10-05 07:59:55	kt1	D2	CONVERGED	5	0.358973	1.469252	0.0080	1275			989a18637	
mp-2168	M	2026-04-04 20:43:06			GOOD	8	0.291	0.641					~/bin2	CONVERGED
mp-2168	N	2026-10-03 13:34:41	kr7	K1	CONVERGED	4	0.290183	0.642498	0.0160	741			b695fa65c	
mp-2172	M	2026-04-03 23:42:46			GOOD	8	1.358	2.216					~/bin2	CONVERGED
mp-2172	N	2026-10-03 00:00:53	kr7	K1	CONVERGED	5	1.356792	2.212496	0.0030	155			b695fa65c	
mp-2176	M	2026-04-03 23:46:32			GOOD	8	1.011	2.434					~/bin2	CONVERGED
mp-2176	N	2026-10-03 00:05:36	kr7	K1	CONVERGED	5	1.010636	2.448902	0.0010	167			b695fa65c	
mp-21855	M	2026-04-28 20:50:34			GOOD	8	0.782	1.657					~/bin2	CONVERGED
mp-21855	N	2026-10-04 22:14:18	kt1	D1	CONVERGED	5	0.781804	1.647313	0.0110	1391			989a18637	
mp-22003	M	2026-04-04 20:44:35			GOOD	6	3.911	5.832					~/bin2	CONVERGED
mp-22003	R	2026-10-01 00:42:03	kt1	R2	CONVERGED	5	3.909943	7.308540	0.0040	350			989a18637	
mp-22003	N	2026-10-03 00:11:35	kt1	D2	CONVERGED	5	3.909943	7.308855	0.0040	894			989a18637	
mp-22009	M	2026-04-04 21:50:45			GOOD	10	1.459	2.926					~/bin2	CONVERGED
mp-22009	N	2026-10-04 20:38:14	kr7	K0	CONVERGED	5	1.457596	2.836159	0.0070	2901			b695fa65c	
mp-22009	E1	2026-10-05 09:09:14	kr7e1	E1	MAXITER	10	1.457438	2.760388	0.3290	9643	1		b695fa65c	
mp-22009	E	2026-10-06 19:11:50	kt1es	G0	CONVERGED	5	1.457981	2.831598	0.0070	1962	2	es-c	0601771b4	
mp-2201	M	2026-04-03 23:48:16			GOOD	8	0.303	0.722					~/bin2	CONVERGED
mp-2201	N	2026-10-03 00:07:57	kr7	K0	CONVERGED	4	0.302613	0.709993	0.0190	108			b695fa65c	
mp-22232	M	2026-04-28 21:15:23			GOOD	8	0.547	1.444					~/bin2	CONVERGED
mp-22232	N	2026-10-04 23:05:31	kt1	D1	CONVERGED	5	0.547712	1.442225	0.0080	1605			989a18637	
mp-22253	M	2026-04-23 21:36:02			GOOD	8	0.016	1.140					~/bin2	CONVERGED
mp-22253	N	2026-10-04 07:20:40	kt1	D0	CONVERGED	5	0.014567	1.130637	0.0150	1214			989a18637	
mp-22255	M	2026-04-28 22:11:49			GOOD	8	1.014	2.228					~/bin2	CONVERGED
mp-22255	N	2026-10-05 08:53:20	kt1	D1	CONVERGED	5	1.013885	2.208297	0.0110	2019			989a18637	
mp-2229	M	2026-04-03 23:50:03			GOOD	8	0.734	2.744					~/bin2	CONVERGED
mp-2229	N	2026-10-02 23:45:09	kr7	K1	CONVERGED	6	0.734779	2.782498	0.0020	219			b695fa65c	
mp-22304	M	2026-04-23 22:21:08			GOOD	9	0.801	2.020					~/bin2	CONVERGED
mp-22304	N	2026-10-04 12:53:32	kt1	D2	CONVERGED	5	0.801404	2.031718	0.0090	1721			989a18637	
mp-2231	M	2026-04-28 22:52:03			GOOD	8	1.010	1.429					~/bin2	CONVERGED
mp-2231	N	2026-10-04 09:25:08	kt1	D2	CONVERGED	4	1.009710	1.427784	0.0150	2002			989a18637	
mp-22313	M	2026-04-09 04:48:07			GOOD	8	1.368	3.806					~/bin2	CONVERGED
mp-22313	N	2026-10-04 02:53:49	kr7	K0	CONVERGED	6	1.367285	3.836466	0.0020	698			b695fa65c	
mp-2232	M	2026-04-19 09:39:27			GOOD	10	3.312	6.623					~/bin2	CONVERGED
mp-2232	N	2026-10-04 10:46:04	kt1	D0	CONVERGED	5	3.311423	6.552072	0.0090	1157			989a18637	
mp-2232	E	2026-10-05 21:25:28	kr7es	F1	CONVERGED	5	3.311614	6.518486	0.0100	2447	8	es-a	614ab5eb8	
mp-22386	M	2026-04-28 23:38:14			GOOD	8	0.042	0.964					~/bin2	CONVERGED
mp-22386	N	2026-10-04 03:00:39	kt1	D0	CONVERGED	5	0.042274	0.977511	0.0080	2679			989a18637	
mp-224	M	2026-04-19 09:13:56			GOOD	8	1.287	2.219					~/bin2	CONVERGED
mp-224	N	2026-10-03 22:44:00	kt1	D3	CONVERGED	4	1.287370	2.197446	0.0160	428			989a18637	
mp-2242	M	2026-04-29 00:08:35			GOOD	8	1.010	1.700					~/bin2	CONVERGED
mp-2242	N	2026-10-05 19:10:53	kt1	D1	CONVERGED	4	1.009582	1.697679	0.0160	1476			989a18637	
mp-2247	M	2026-04-29 00:14:14			FAILED	4	1.384						~/bin2	PROD_NaN_lsc
mp-2247	R	2026-09-30 06:23:45	kt1	W1	CONVERGED	6	1.384721	3.640062		781			989a18637	
mp-2247	N	2026-10-05 22:43:25	kt1	D0	CONVERGED	6	1.384721	3.639884	0.0040	696			989a18637	
mp-22473	M	2026-04-04 21:02:30			NOTCONV	10	0.887	2.208					~/bin2	MAXITER_NOTCONV
mp-22473	R	2026-10-01 03:25:12	kt1	R1	CONVERGED	5	0.884731	2.080008	0.0080	394			989a18637	
mp-22473	N	2026-10-04 13:05:55	kr7	K0	CONVERGED	5	0.884731	2.080015	0.0080	626			b695fa65c	
mp-22483	M	2026-04-29 01:09:41			GOOD	8	0.548	1.543					~/bin2	CONVERGED
mp-22483	N	2026-10-04 02:00:27	kt1	D1	CONVERGED	5	0.548466	1.538811	0.0050	1672			989a18637	
mp-2251	M	2026-04-04 21:07:48			GOOD	9	1.135	2.468					~/bin2	CONVERGED
mp-2251	N	2026-10-03 10:07:57	kr7	K1	CONVERGED	6	1.134521	2.450787	0.0080	390			b695fa65c	
mp-22526	M	2026-04-04 21:15:06			NOTCONV	10	0.922	2.880					~/bin2	MAXITER_NOTCONV
mp-22526	R	2026-10-01 03:28:52	kt1	R4	CONVERGED	9	0.922027	3.194087	0.0530	312			989a18637	
mp-22526	N	2026-10-03 06:01:16	kr7	K0	CONVERGED	9	0.922027	3.301922	0.0730	546			b695fa65c	
mp-22535	M	2026-05-04 13:09:22			FAILED	2	2.306						~/bin2	PROD_NaN_lqpe
mp-22535	R	2026-09-30 03:18:17	kt1	W1	CONVERGED	5	2.306512	3.583439		382			989a18637	
mp-22535	N	2026-10-04 14:45:40	kr7	K1	CONVERGED	5	2.306512	3.583469	0.0090	421			b695fa65c	
mp-22566	M	2026-04-04 21:32:45			GOOD	8	0.479	1.451					~/bin2	CONVERGED
mp-22566	N	2026-10-03 01:48:31	kt1	D3	CONVERGED	5	0.478322	1.299481	0.0060	451			989a18637	
mp-22604	M	2026-04-29 00:34:56			FAILED	2	3.348						~/bin2	PROD_NaN_lsc
mp-22604	R	2026-09-30 06:24:00	kt1	W3	CONVERGED	6	3.347954	6.950402		781			989a18637	
mp-22604	N	2026-10-05 22:43:33	kt1	D3	CONVERGED	6	3.347954	6.950373	0.0020	648			989a18637	
mp-22607	M	2026-04-23 22:33:38			GOOD	8	0.843	2.132					~/bin2	CONVERGED
mp-22607	N	2026-10-03 14:16:41	kt1	D2	CONVERGED	5	0.842451	2.107503	0.0080	1373			989a18637	
mp-22660	M	2026-04-04 21:43:52			NOTCONV	10	0.276	1.616					~/bin2	MAXITER_NOTCONV
mp-22660	R	2026-10-01 03:30:34	kt1	R2	CONVERGED	6	0.277576	1.975147	0.0030	392			989a18637	
mp-22660	N	2026-10-04 12:59:55	kr7	K1	CONVERGED	6	0.277576	1.974638	0.0030	486			b695fa65c	
mp-22689	M	2026-04-04 05:50:44			GOOD	8	0.067	0.256					~/bin2	CONVERGED
mp-22689	N	2026-10-03 04:01:39	kr7	K1	CONVERGED	4	0.067207	0.260338	0.0160	238			b695fa65c	
mp-22691	M	2026-04-04 22:11:24			GOOD	8	0.212	1.280					~/bin2	CONVERGED
mp-22691	N	2026-10-03 19:26:24	kr7	K0	CONVERGED	5	0.211127	1.275672	0.0070	1353			b695fa65c	
mp-2278	M	2026-04-04 05:54:32			NOTCONV	10	0.022	1.861					~/bin2	MAXITER_NOTCONV
mp-2278	R	2026-10-01 03:02:09	kt1	R1	CONVERGED	6	0.022309	1.765741	0.0120	349			989a18637	
mp-2278	N	2026-10-03 01:43:41	kr7	K0	CONVERGED	6	0.022309	1.766821	0.0120	423			b695fa65c	
mp-22791	M	2026-04-29 01:51:05			GOOD	8	0.490	1.177					~/bin2	CONVERGED
mp-22791	N	2026-10-03 12:07:48	kt1	D1	CONVERGED	5	0.489777	1.181429	0.0040	1952			989a18637	
mp-22848	M	2026-04-04 22:09:06			GOOD	8	2.093	5.794					~/bin2	CONVERGED
mp-22848	N	2026-10-03 09:33:11	kr7	K0	CONVERGED	6	2.091425	5.855641	0.0020	805			b695fa65c	
mp-22848	E	2026-10-06 11:16:43	kt1es	G3	FAIL(1)	0	2.092416	none	none	530	8	es-a	0601771b4	
mp-22848	E	2026-10-06 15:32:33	kt1es	G1	CONVERGED	6	2.092416	5.780508	0.0020	1963	8	es-c	0601771b4	
mp-22849	M	2026-04-29 03:26:54			GOOD	8	2.360	3.490					~/bin2	CONVERGED
mp-22849	N	2026-10-04 04:04:26	kt1	D1	CONVERGED	5	2.359768	3.509639	0.0090	3541			989a18637	
mp-22849	E	2026-10-07 14:19:45	kt1es	G0	CONVERGED	5	2.359639	3.499013	0.0110	5161	4	es-c	0601771b4	
mp-22851	M	2026-04-03 23:53:11			GOOD	9	3.885	6.790					~/bin2	CONVERGED
mp-22851	N	2026-10-02 23:42:16	kr7	K0	CONVERGED	6	3.884896	6.948667	0.0030	230			b695fa65c	
mp-22858	M	2026-04-04 22:44:46			GOOD	8	2.026	3.182					~/bin2	CONVERGED
mp-22858	N	2026-10-03 13:05:11	kr7	K1	CONVERGED	5	2.025066	3.191978	0.0030	1191			b695fa65c	
mp-22858	E	2026-10-06 12:59:58	kt1es	G3	CONVERGED	5	2.025051	3.189071	0.0030	6195	2	es-a	0601771b4	
mp-22859	M	2026-04-04 22:32:44			GOOD	8	1.612	2.854					~/bin2	CONVERGED
mp-22859	N	2026-10-03 12:15:50	kr7	K0	CONVERGED	5	1.611534	2.905391	0.0130	772			b695fa65c	
mp-22859	E	2026-10-06 15:58:57	kt1es	G3	CONVERGED	5	1.611918	2.849203	0.0110	1596	4	es-c	0601771b4	
mp-2286	M	2026-04-04 05:55:27			GOOD	9	2.809	4.575					~/bin2	CONVERGED
mp-2286	N	2026-10-03 04:05:37	kr7	K0	CONVERGED	5	2.808559	4.672299	0.0030	195			b695fa65c	
mp-22862	M	2026-04-03 23:54:33			GOOD	9	5.023	8.346					~/bin2	CONVERGED
mp-22862	N	2026-10-02 23:24:00	kr7	K1	CONVERGED	6	5.021774	8.415579	0.0010	154			b695fa65c	
mp-22863	M	2026-04-04 22:52:38			GOOD	8	1.499	3.033					~/bin2	CONVERGED
mp-22863	N	2026-10-03 12:01:12	kr7	K1	CONVERGED	5	1.499618	3.098322	0.0090	743			b695fa65c	
mp-22865	M	2026-04-03 23:59:50			FAILED	5	5.042	7.913					~/bin2	AC_rst-rmt-mismatch@llmf_start(lmf)
mp-22865	R	2026-09-30 01:36:03	kt1	W4	CONVERGED	5	5.041066	7.977487		361			989a18637	
mp-22865	N	2026-10-05 21:19:13	kt1	D0	CONVERGED	5	5.041066	7.977578	0.0110	208			989a18637	
mp-22867	M	2026-04-04 00:01:13			FAILED	5	4.085	7.005					~/bin2	AC_rst-rmt-mismatch@llmf_start(lmf)
mp-22867	R	2026-09-30 01:37:26	kt1	W2	CONVERGED	5	4.083585	7.103416		383			989a18637	
mp-22867	N	2026-10-05 21:26:48	kt1	D2	CONVERGED	5	4.083585	7.103211	0.0120	245			989a18637	
mp-22870	M	2026-04-04 23:11:52			GOOD	8	1.114	2.032					~/bin2	CONVERGED
mp-22870	N	2026-10-03 13:39:05	kr7	K0	CONVERGED	5	1.113628	1.990094	0.0040	917			b695fa65c	
mp-22870	E	2026-10-06 15:54:05	kt1es	G1	CONVERGED	5	1.113680	1.985377	0.0040	1292	2	es-c	0601771b4	
mp-22875	M	2026-04-04 00:06:28			GOOD	8	1.853	3.066					~/bin2	CONVERGED
mp-22875	N	2026-10-03 00:40:41	kr7	K1	CONVERGED	5	1.851236	3.168762	0.0030	195			b695fa65c	
mp-22881	M	2026-04-04 06:05:13			NOTCONV	10	3.299	5.570					~/bin2	MAXITER_NOTCONV
mp-22881	R	2026-10-01 03:03:15	kt1	R2	CONVERGED	6	3.298712	5.994382	0.0010	341			989a18637	
mp-22881	N	2026-10-03 01:42:13	kr7	K1	CONVERGED	6	3.298712	5.993835	0.0010	469			b695fa65c	
mp-22883	M	2026-04-04 06:13:44			NOTCONV	10	2.234	3.707					~/bin2	MAXITER_NOTCONV
mp-22883	R	2026-10-01 03:09:49	kt1	R4	CONVERGED	5	2.234387	3.545461	0.0050	498			989a18637	
mp-22883	N	2026-10-03 02:20:25	kr7	K1	CONVERGED	5	2.234387	3.545191	0.0050	648			b695fa65c	
mp-22883	E1	2026-10-05 04:34:30	kr7e1	E0	CONVERGED	5	2.234320	3.539053	0.0050	955	1		b695fa65c	
mp-22883	E	2026-10-06 18:53:17	kt1es	G1	CONVERGED	5	2.234273	3.539173	0.0050	745	1	es-c	0601771b4	
mp-22888	M	2026-04-19 10:47:18			GOOD	9	4.318	7.146					~/bin2	CONVERGED
mp-22888	N	2026-10-03 20:36:54	kt1	D1	CONVERGED	6	4.317710	7.185168	0.0060	1838			989a18637	
mp-22893	M	2026-04-04 06:21:20			GOOD	8	2.192	3.492					~/bin2	CONVERGED
mp-22893	N	2026-10-03 05:27:17	kr7	K1	CONVERGED	5	2.191910	3.476188	0.0050	433			b695fa65c	
mp-22893	E1	2026-10-05 04:44:54	kr7e1	E0	CONVERGED	5	2.191220	3.479174	0.0050	624	1		b695fa65c	
mp-22893	E	2026-10-06 18:52:18	kt1es	G3	CONVERGED	5	2.191892	3.479046	0.0050	666	1	es-c	0601771b4	
mp-22894	M	2026-04-04 23:15:14			GOOD	8	1.160	3.087					~/bin2	CONVERGED
mp-22894	N	2026-10-03 00:13:57	kt1	D3	CONVERGED	6	1.159657	3.026871	0.0030	1001			989a18637	
mp-22894	E1	2026-10-05 07:34:14	kr7e1	E0	CONVERGED	6	1.158277	3.036501	0.0020	1335	2		b695fa65c	
mp-22894	E	2026-10-06 19:04:26	kt1es	G3	CONVERGED	6	1.158910	3.039517	0.0010	728	2	es-c	0601771b4	
mp-22895	M	2026-04-04 00:06:52			GOOD	8	1.110	2.857					~/bin2	CONVERGED
mp-22895	N	2026-10-03 00:42:28	kr7	K1	CONVERGED	5	1.108974	2.804719	0.0050	107			b695fa65c	
mp-22897	M	2026-04-04 23:34:42			GOOD	8	2.365	4.073					~/bin2	CONVERGED
mp-22897	N	2026-10-03 17:28:34	kr7	K0	CONVERGED	5	2.364384	4.156527	0.0170	531			b695fa65c	
mp-22897	E	2026-10-06 16:01:59	kt1es	G2	CONVERGED	5	2.364773	4.089162	0.0160	682	4	es-c	0601771b4	
mp-22898	M	2026-04-04 00:12:44			FAILED	5	3.675	6.517					~/bin2	AC_rst-rmt-mismatch@llmf_start(lmf)
mp-22898	R	2026-09-30 01:39:11	kt1	W3	CONVERGED	5	3.673408	6.336210		375			989a18637	
mp-22898	N	2026-10-05 21:24:02	kt1	D0	CONVERGED	5	3.673408	6.336183	0.0130	289			989a18637	
mp-22899	M	2026-04-04 00:11:15			GOOD	8	4.296	6.218					~/bin2	CONVERGED
mp-22899	N	2026-10-03 00:15:49	kr7	K0	CONVERGED	5	4.294207	6.241696	0.0020	150			b695fa65c	
mp-22901	M	2026-04-04 00:18:39			FAILED	5	3.083	5.478					~/bin2	AC_rst-rmt-mismatch@llmf_start(lmf)
mp-22901	R	2026-09-30 01:41:27	kt1	W1	CONVERGED	5	3.081217	5.433731		369			989a18637	
mp-22901	N	2026-10-05 21:22:28	kt1	D1	CONVERGED	5	3.081217	5.434176	0.0020	211			989a18637	
mp-22903	M	2026-04-04 00:19:53			FAILED	5	3.564	6.164					~/bin2	AC_rst-rmt-mismatch@llmf_start(lmf)
mp-22903	R	2026-09-30 01:43:19	kt1	W4	CONVERGED	5	3.563558	6.276975		436			989a18637	
mp-22903	E1	2026-10-05 03:40:47	kr7e1	E0	CONVERGED	5	3.562649	6.104070	0.0100	256	2		b695fa65c	
mp-22903	N	2026-10-05 21:37:04	kt1	D2	CONVERGED	5	3.563558	6.277080	0.0120	197			989a18637	
mp-22903	E	2026-10-06 19:01:56	kt1es	G1	CONVERGED	5	3.562670	6.105534	0.0100	519	2	es-c	0601771b4	
mp-22904	M	2026-04-19 10:38:53			NOTCONV	10	5.056	8.446					~/bin2	MAXITER_NOTCONV
mp-22904	R	2026-10-01 06:21:55	kt1	R1	CONVERGED	6	5.055033	8.374065	0.0010	1287			989a18637	
mp-22904	N	2026-10-05 00:50:08	kr7	K1	CONVERGED	6	5.055033	8.374180	0.0010	1414			b695fa65c	
mp-22905	M	2026-04-04 00:22:10			GOOD	9	6.415	9.384					~/bin2	CONVERGED
mp-22905	N	2026-10-02 23:05:14	kt1	D1	CONVERGED	5	6.414603	9.425634	0.0020	150			989a18637	
mp-22906	M	2026-04-04 00:27:06			FAILED	5	4.263	6.962					~/bin2	AC_rst-rmt-mismatch@llmf_start(lmf)
mp-22906	R	2026-09-30 01:44:02	kt1	W2	CONVERGED	5	4.264978	6.971116		396			989a18637	
mp-22906	N	2026-10-05 21:31:59	kt1	D1	CONVERGED	5	4.264978	6.971242	0.0110	204			989a18637	
mp-22909	M	2026-04-19 12:23:56			GOOD	8	3.831	6.935					~/bin2	CONVERGED
mp-22909	N	2026-10-05 05:02:46	kt1	D1	CONVERGED	6	3.830589	6.971713	0.0010	1041			989a18637	
mp-22913	M	2026-04-04 00:27:22			GOOD	9	0.439	2.410					~/bin2	CONVERGED
mp-22913	N	2026-10-02 23:06:20	kt1	D3	CONVERGED	6	0.438691	2.433493	0.0040	216			989a18637	
mp-22914	M	2026-04-04 00:31:28			GOOD	8	0.575	2.727					~/bin2	CONVERGED
mp-22914	N	2026-10-03 00:34:56	kr7	K0	CONVERGED	6	0.575080	2.704060	0.0010	192			b695fa65c	
mp-22916	M	2026-04-04 00:32:02			GOOD	8	4.110	7.077					~/bin2	CONVERGED
mp-22916	N	2026-10-02 23:59:21	kr7	K0	CONVERGED	5	4.109257	7.040836	0.0030	134			b695fa65c	
mp-22917	M	2026-04-04 23:42:55			GOOD	8	0.928	2.783					~/bin2	CONVERGED
mp-22917	N	2026-10-03 10:49:16	kr7	K1	CONVERGED	6	0.927683	2.839161	0.0020	556			b695fa65c	
mp-22919	M	2026-04-04 00:36:55			GOOD	8	0.548	1.957					~/bin2	CONVERGED
mp-22919	N	2026-10-02 23:22:59	kr7	K0	CONVERGED	5	0.547785	2.102941	0.0070	205			b695fa65c	
mp-22922	M	2026-04-04 00:36:42			GOOD	8	0.752	2.916					~/bin2	CONVERGED
mp-22922	N	2026-10-02 23:52:59	kr7	K0	CONVERGED	6	0.751884	2.923132	0.0070	211			b695fa65c	
mp-22925	M	2026-04-04 00:43:22			GOOD	8	1.129	3.013					~/bin2	CONVERGED
mp-22925	N	2026-10-03 00:31:44	kr7	K0	CONVERGED	6	1.128358	3.006107	0.0010	240			b695fa65c	
mp-22934	M	2026-04-23 23:13:29			NOTCONV	10	1.552	4.820					~/bin2	MAXITER_NOTCONV
mp-22934	R	2026-10-01 08:17:03	kt1	R3	CONVERGED	6	1.553973	4.619134	0.0020	2870			989a18637	
mp-22934	N	2026-10-06 04:21:51	kt1	D3	CONVERGED	6	1.553973	4.619037	0.0020	1453			989a18637	
mp-22934	E	2026-10-06 11:47:40	kr7es	F1	CONVERGED	6	1.554495	4.629023	0.0030	2539	1	es-a	614ab5eb8	
mp-22935	M	2026-04-19 12:47:47			GOOD	8	2.400	5.400					~/bin2	CONVERGED
mp-22935	N	2026-10-04 17:44:00	kt1	D2	CONVERGED	6	2.398880	5.628704	0.0120	1750			989a18637	
mp-22935	E	2026-10-05 22:23:20	kr7es	F0	CONVERGED	6	2.398887	5.661326	0.0040	5708	1	es-a	614ab5eb8	
mp-22936	M	2026-04-04 23:53:03			NOTCONV	10	2.221	3.223					~/bin2	MAXITER_NOTCONV
mp-22936	R	2026-10-01 03:31:03	kt1	R3	CONVERGED	5	2.222162	4.152573	0.0060	362			989a18637	
mp-22936	N	2026-10-04 12:47:41	kr7	K0	CONVERGED	5	2.222162	4.152513	0.0060	578			b695fa65c	
mp-22937	M	2026-04-23 23:10:28			NOTCONV	10	2.337	4.623					~/bin2	MAXITER_NOTCONV
mp-22937	R	2026-10-01 08:19:33	kt1	R2	CONVERGED	6	2.336738	4.761284	0.0020	2874			989a18637	
mp-22937	N	2026-10-06 04:23:30	kt1	D1	CONVERGED	6	2.336738	4.761606	0.0020	1323			989a18637	
mp-22939	M	2026-04-19 13:16:08			GOOD	9	2.510	3.728					~/bin2	CONVERGED
mp-22939	N	2026-10-04 16:05:02	kt1	D2	CONVERGED	5	2.510225	3.743409	0.0080	933			989a18637	
mp-22945	M	2026-04-19 14:09:49			GOOD	9	0.640	1.586					~/bin2	CONVERGED
mp-22945	N	2026-10-05 09:19:03	kt1	D2	CONVERGED	5	0.640272	1.542838	0.0120	1094			989a18637	
mp-22951	M	2026-04-19 14:13:14			GOOD	9	3.848	6.112					~/bin2	CONVERGED
mp-22951	N	2026-10-03 10:25:56	kt1	D2	CONVERGED	5	3.847227	6.143714	0.0050	1292			989a18637	
mp-22956	M	2026-04-23 23:59:19			GOOD	8	1.244	4.315					~/bin2	CONVERGED
mp-22956	N	2026-10-03 20:08:12	kt1	D3	CONVERGED	6	1.243428	4.362109	0.0090	1752			989a18637	
mp-22956	E	2026-10-06 12:32:26	kr7es	F1	CONVERGED	6	1.243288	4.385965	0.0080	2686	1	es-a	614ab5eb8	
mp-22957	M	2026-04-19 14:51:18			GOOD	8	5.666	8.661					~/bin2	CONVERGED
mp-22957	N	2026-10-05 05:58:15	kt1	D0	CONVERGED	5	5.665258	8.727378	0.0080	871			989a18637	
mp-22958	M	2026-04-09 05:12:34			GOOD	10	3.624	6.975					~/bin2	CONVERGED
mp-22958	N	2026-10-04 07:04:55	kr7	K0	CONVERGED	6	3.624071	6.652514	0.0020	618			b695fa65c	
mp-22964	M	2026-04-19 14:55:16			GOOD	9	3.251	5.188					~/bin2	CONVERGED
mp-22964	N	2026-10-04 14:03:55	kt1	D3	CONVERGED	5	3.252017	5.146321	0.0040	791			989a18637	
mp-22965	M	2026-04-04 06:37:44			GOOD	8	1.188	1.880					~/bin2	CONVERGED
mp-22965	N	2026-10-03 05:15:49	kr7	K1	CONVERGED	4	1.187156	1.877078	0.0300	480			b695fa65c	
mp-22969	M	2026-04-19 15:51:05			GOOD	8	1.911	3.374					~/bin2	CONVERGED
mp-22969	N	2026-10-04 17:56:22	kt1	D1	CONVERGED	5	1.911213	3.405866	0.0040	862			989a18637	
mp-22981	M	2026-05-04 12:30:48			FAILED	1	2.703						~/bin2	PROD_NaN_lqpe
mp-22981	R	2026-09-30 03:19:36	kt1	W3	CONVERGED	5	2.703091	4.499910		428			989a18637	
mp-22981	N	2026-10-04 15:02:25	kr7	K1	CONVERGED	5	2.703091	4.499743	0.0100	661			b695fa65c	
mp-22984	M	2026-04-29 02:42:11			GOOD	9	1.040	2.315					~/bin2	CONVERGED
mp-22984	N	2026-10-04 01:23:46	kt1	D1	CONVERGED	5	1.039554	2.249140	0.0080	942			989a18637	
mp-22987	M	2026-04-19 15:48:45			GOOD	8	1.415	2.557					~/bin2	CONVERGED
mp-22987	N	2026-10-04 15:13:21	kt1	D3	CONVERGED	5	1.414918	2.514454	0.0070	1639			989a18637	
mp-22988	M	2026-04-09 07:21:16			GOOD	9	1.977	3.844					~/bin2	CONVERGED
mp-22988	N	2026-10-04 04:10:43	kr7	K1	CONVERGED	5	1.977220	3.877282	0.0120	1249			b695fa65c	
mp-22990	M	2026-04-05 00:09:04			GOOD	10	2.094	4.979					~/bin2	CONVERGED
mp-22990	N	2026-10-03 16:12:28	kr7	K0	CONVERGED	5	2.094028	4.814957	0.0120	769			b695fa65c	
mp-22993	M	2026-05-04 13:18:53			FAILED	1	2.558						~/bin2	PROD_NaN_lqpe
mp-22993	R	2026-09-30 03:45:28	kt1	W3	CONVERGED	6	2.558213	6.097852		570			989a18637	
mp-22993	N	2026-10-05 21:59:28	kt1	D0	CONVERGED	6	2.558213	6.098018	0.0020	411			989a18637	
mp-22995	M	2026-04-09 07:27:43			GOOD	8	0.396	1.534					~/bin2	CONVERGED
mp-22995	N	2026-10-04 09:10:48	kr7	K1	CONVERGED	5	0.395658	1.575604	0.0190	1239			b695fa65c	
mp-23008	M	2026-04-19 16:38:57			GOOD	8	2.369	4.016					~/bin2	CONVERGED
mp-23008	N	2026-10-03 17:18:01	kt1	D1	CONVERGED	5	2.368104	3.979604	0.0050	690			989a18637	
mp-23009	M	2026-04-05 00:08:00			GOOD	8	2.305	3.867					~/bin2	CONVERGED
mp-23009	N	2026-10-03 18:33:58	kr7	K0	CONVERGED	5	2.303477	4.089988	0.0050	588			b695fa65c	
mp-23011	M	2026-04-09 09:14:11			FAILED	6	5.161						~/bin2	NOGAP_GAP_COLLAPSED(LDA gap 5.16 eV)
mp-23011	R	2026-09-30 03:25:08	kt1	W4	CONVERGED	6	5.161027	8.810958		520			989a18637	
mp-23011	N	2026-10-04 15:29:31	kr7	K1	CONVERGED	6	5.161027	8.811012	0.0020	610			b695fa65c	
mp-23024	M	2026-04-19 16:46:57			GOOD	8	5.040	7.638					~/bin2	CONVERGED
mp-23024	N	2026-10-04 01:48:59	kt1	D3	CONVERGED	5	5.039918	7.723695	0.0070	1260			989a18637	
mp-23033	M	2026-04-21 10:20:33			GOOD	10	1.773	3.185					~/bin2	CONVERGED
mp-23033	N	2026-10-03 17:38:34	kr7	K1	CONVERGED	5	1.771879	3.311451	0.0100	679			b695fa65c	
mp-23037	M	2026-04-09 09:00:29			GOOD	9	1.937	3.769					~/bin2	CONVERGED
mp-23037	N	2026-10-03 02:37:52	kt1	D1	CONVERGED	5	1.936616	3.767174	0.0130	601			989a18637	
mp-23040	M	2026-04-05 00:33:16			NOTCONV	10	1.549	2.277					~/bin2	MAXITER_NOTCONV
mp-23040	R	2026-10-01 03:33:39	kt1	R1	CONVERGED	5	1.547321	2.937550	0.0070	507			989a18637	
mp-23040	N	2026-10-04 13:37:20	kr7	K0	CONVERGED	5	1.547321	2.937633	0.0070	691			b695fa65c	
mp-23052	M	2026-04-21 09:33:07			FAILED	6	1.183						~/bin2	NOGAP_GAP_COLLAPSED(LDA gap 1.18 eV)
mp-23052	R	2026-09-30 04:02:41	kt1	W4	CONVERGED	5	1.183343	2.876096		1185			989a18637	
mp-23052	N	2026-10-05 00:26:34	kr7	K1	CONVERGED	5	1.183343	2.876060	0.0120	1535			b695fa65c	
mp-23056	M	2026-04-05 00:38:14			NOTCONV	10	1.851	2.557					~/bin2	MAXITER_NOTCONV
mp-23056	R	2026-10-01 03:37:50	kt1	R4	CONVERGED	5	1.851198	3.280951	0.0140	538			989a18637	
mp-23056	N	2026-10-04 13:49:06	kr7	K0	CONVERGED	5	1.851198	3.280659	0.0150	706			b695fa65c	
mp-23057	M	2026-04-29 03:58:33			GOOD	8	4.006	7.023					~/bin2	CONVERGED
mp-23057	N	2026-10-05 20:49:31	kt1	D0	CONVERGED	5	4.003527	6.773586	0.0100	2231			989a18637	
mp-23057	E	2026-10-07 14:25:01	kt1es	G2	CONVERGED	5	4.003272	6.703246	0.0090	3890	2	es-c	0601771b4	
mp-23070	M	2026-04-21 09:20:35			GOOD	8	4.665	7.430					~/bin2	CONVERGED
mp-23070	N	2026-10-03 08:24:16	kt1	D3	CONVERGED	5	4.663635	7.432311	0.0030	739			989a18637	
mp-23072	M	2026-04-21 09:51:19			GOOD	9	2.134	3.264					~/bin2	CONVERGED
mp-23072	N	2026-10-05 02:25:26	kt1	D1	CONVERGED	5	2.133712	3.298402	0.0070	1266			989a18637	
mp-23074	M	2026-04-21 09:52:36			GOOD	8	3.416	4.999					~/bin2	CONVERGED
mp-23074	N	2026-10-04 19:24:10	kt1	D3	CONVERGED	5	3.416328	5.081459	0.0080	523			989a18637	
mp-23116	M	2026-04-29 04:13:06			GOOD	8	0.172	0.852					~/bin2	CONVERGED
mp-23116	N	2026-10-05 01:43:17	kt1	D0	CONVERGED	5	0.170158	0.847779	0.0180	925			989a18637	
mp-23153	M	2026-04-05 01:24:06			GOOD	8	0.886	2.147					~/bin2	CONVERGED
mp-23153	N	2026-10-03 00:18:38	kt1	D1	CONVERGED	6	0.885638	2.158589	0.0110	1081			989a18637	
mp-23153	E	2026-10-06 16:20:41	kt1es	G1	CONVERGED	6	0.885801	2.156883	0.0090	1596	8	es-c	0601771b4	
mp-23154	M	2026-04-05 01:12:18			GOOD	9	1.212	3.718					~/bin2	CONVERGED
mp-23154	N	2026-10-03 01:10:21	kt1	D3	CONVERGED	7	1.211676	3.511407	0.0200	779			989a18637	
mp-23154	E	2026-10-06 16:17:54	kt1es	G0	CONVERGED	7	1.211841	3.503486	0.0050	1216	8	es-c	0601771b4	
mp-23162	M	2026-04-04 06:33:52			GOOD	10	0.971	1.882					~/bin2	CONVERGED
mp-23162	N	2026-10-02 23:11:07	kt1	D2	CONVERGED	5	0.971436	1.899471	0.0230	370			989a18637	
mp-23167	M	2026-04-04 00:42:59			GOOD	8	2.007	3.481					~/bin2	CONVERGED
mp-23167	N	2026-10-02 23:34:23	kr7	K0	CONVERGED	5	2.007464	3.466173	0.0070	244			b695fa65c	
mp-23173	M	2026-04-19 23:36:12			GOOD	8	2.008	3.849					~/bin2	CONVERGED
mp-23173	N	2026-10-04 09:47:57	kt1	D3	CONVERGED	5	2.007949	3.850193	0.0150	2803			989a18637	
mp-23173	E	2026-10-05 22:51:41	kr7es	F1	CONVERGED	5	2.007785	3.816720	0.0160	5173	4	es-a	614ab5eb8	
mp-23177	M	2026-04-05 01:36:55			GOOD	9	2.022	3.587					~/bin2	CONVERGED
mp-23177	N	2026-10-03 07:36:39	kr7	K1	CONVERGED	5	2.022631	3.604065	0.0170	748			b695fa65c	
mp-23177	E	2026-10-06 16:12:50	kt1es	G3	CONVERGED	5	2.023155	3.541767	0.0140	833	4	es-c	0601771b4	
mp-23184	M	2026-04-29 04:34:40			NOTCONV	10	4.395	8.820					~/bin2	MAXITER_NOTCONV
mp-23184	R	2026-10-01 11:50:20	kt1	R4	CONVERGED	6	4.394165	8.336585	0.0030	2055			989a18637	
mp-23184	N	2026-10-06 02:20:28	kt1	D3	CONVERGED	6	4.394165	8.336636	0.0030	1354			989a18637	
mp-23184	E	2026-10-07 14:27:18	kt1es	G3	CONVERGED	6	4.393930	8.152071	0.0040	2723	6	es-c	0601771b4	
mp-23189	M	2026-04-29 05:29:27			GOOD	9	2.530	4.870					~/bin2	CONVERGED
mp-23189	N	2026-10-05 18:31:34	kt1	D0	CONVERGED	5	2.531138	4.897858	0.0120	2094			989a18637	
mp-23189	E	2026-10-07 04:15:00	kt1es	G3	CONVERGED	5	2.531003	4.810781	0.0100	3883	6	es-c	0601771b4	
mp-2319	M	2026-04-21 10:23:12			GOOD	8	0.772	1.092					~/bin2	CONVERGED
mp-2319	N	2026-10-04 16:17:47	kt1	D0	CONVERGED	4	0.772372	1.092590	0.0070	548			989a18637	
mp-23192	M	2026-04-19 23:02:12			GOOD	8	0.996	2.599					~/bin2	CONVERGED
mp-23192	N	2026-10-03 21:23:07	kt1	D0	CONVERGED	5	0.996483	2.563266	0.0140	1857			989a18637	
mp-23193	M	2026-04-04 00:47:58			GOOD	4	4.960	8.191					~/bin2	CONVERGED
mp-23193	N	2026-10-03 00:28:34	kr7	K1	CONVERGED	5	4.959755	8.307168	0.0050	171			b695fa65c	
mp-23197	M	2026-04-04 00:51:29			FAILED	6	1.609						~/bin2	NOGAP_GAP_COLLAPSED(LDA gap 1.61 eV)
mp-23197	R	2026-09-30 01:45:44	kt1	W3	CONVERGED	5	1.607907	2.721309		393			989a18637	
mp-23197	N	2026-10-05 21:30:35	kt1	D2	CONVERGED	5	1.607907	2.721175	0.0120	227			989a18637	
mp-23202	M	2026-04-05 02:09:13			GOOD	8	1.396	2.136					~/bin2	CONVERGED
mp-23202	N	2026-10-03 09:44:09	kr7	K1	CONVERGED	5	1.395273	2.142957	0.0040	940			b695fa65c	
mp-23202	E	2026-10-06 16:29:22	kt1es	G3	CONVERGED	5	1.395099	2.137438	0.0040	992	2	es-c	0601771b4	
mp-23205	M	2026-04-04 06:45:29			GOOD	8	3.445	5.531					~/bin2	CONVERGED
mp-23205	N	2026-10-03 02:26:31	kr7	K1	CONVERGED	5	3.444318	5.555026	0.0100	366			b695fa65c	
mp-23209	M	2026-04-04 06:45:06			FAILED	5	5.005	7.748					~/bin2	AC_rst-rmt-mismatch@llmf_start(lmf)
mp-23209	R	2026-09-30 02:25:18	kt1	W3	CONVERGED	5	5.003842	7.816688		589			989a18637	
mp-23209	N	2026-10-03 02:22:18	kr7	K0	CONVERGED	5	5.003842	7.816715	0.0090	311			b695fa65c	
mp-23209	E1	2026-10-05 04:49:09	kr7e1	E0	CONVERGED	5	4.999043	7.837842	0.0080	255	1		b695fa65c	
mp-23209	E	2026-10-06 19:07:38	kt1es	G1	CONVERGED	5	5.000148	7.841010	0.0080	342	1	es-c	0601771b4	
mp-23214	M	2026-04-19 23:56:01			GOOD	8	5.117	8.383					~/bin2	CONVERGED
mp-23214	N	2026-10-03 03:31:44	kt1	D3	CONVERGED	6	5.116201	8.440879	0.0010	1357			989a18637	
mp-23218	M	2026-04-29 06:11:26			NOTCONV	10	2.101	2.692					~/bin2	MAXITER_NOTCONV
mp-23218	R	2026-10-01 12:29:47	kt1	R3	CONVERGED	5	2.100004	3.412576	0.0130	4275			989a18637	
mp-23218	N	2026-10-06 06:34:16	kt1	D0	CONVERGED	5	2.100004	3.412605	0.0130	2737			989a18637	
mp-23218	E	2026-10-07 04:09:29	kt1es	G0	CONVERGED	5	2.100085	3.383980	0.0140	3544	4	es-c	0601771b4	
mp-23222	M	2026-04-05 01:45:40			GOOD	8	0.444	0.997					~/bin2	CONVERGED
mp-23222	N	2026-10-03 14:46:54	kr7	K0	CONVERGED	4	0.444040	1.062473	0.0150	190			b695fa65c	
mp-23225	M	2026-04-29 06:20:36			GOOD	9	3.563	6.723					~/bin2	CONVERGED
mp-23225	N	2026-10-03 21:09:32	kt1	D1	CONVERGED	6	3.561723	6.755818	0.0180	1958			989a18637	
mp-23225	E	2026-10-07 06:07:59	kt1es	G1	CONVERGED	6	3.561638	6.612078	0.0080	4653	6	es-c	0601771b4	
mp-23227	M	2026-04-05 02:01:53			GOOD	9	0.386	2.336					~/bin2	CONVERGED
mp-23227	N	2026-10-03 02:18:48	kt1	D1	CONVERGED	6	0.386814	2.312449	0.0070	421			989a18637	
mp-23231	M	2026-04-04 00:53:00			GOOD	8	0.529	2.439					~/bin2	CONVERGED
mp-23231	N	2026-10-02 23:18:29	kr7	K1	CONVERGED	6	0.528840	2.439247	0.0040	170			b695fa65c	
mp-23251	M	2026-04-04 00:57:18			FAILED	5	4.264	7.183					~/bin2	AC_rst-rmt-mismatch@llmf_start(lmf)
mp-23251	R	2026-09-30 01:47:35	kt1	W1	CONVERGED	5	4.267427	7.277473		368			989a18637	
mp-23251	N	2026-10-05 21:22:43	kt1	D2	CONVERGED	5	4.267427	7.277088	0.0030	228			989a18637	
mp-23259	M	2026-04-04 00:56:48			GOOD	8	5.070	7.595					~/bin2	CONVERGED
mp-23259	N	2026-10-02 23:36:26	kr7	K1	CONVERGED	5	5.069688	7.661562	0.0020	200			b695fa65c	
mp-23267	M	2026-04-20 00:00:24			GOOD	10	6.095	9.431					~/bin2	CONVERGED
mp-23267	N	2026-10-05 06:33:43	kt1	D2	CONVERGED	5	6.093948	9.426536	0.0190	547			989a18637	
mp-23268	M	2026-04-04 01:02:06			GOOD	8	3.509	5.908					~/bin2	CONVERGED
mp-23268	N	2026-10-02 23:15:39	kr7	K1	CONVERGED	5	3.508308	5.946351	0.0020	172			b695fa65c	
mp-23281	M	2026-04-29 08:03:21			GOOD	9	2.024	2.899					~/bin2	CONVERGED
mp-23281	N	2026-10-04 18:41:51	kt1	D0	CONVERGED	4	2.024013	2.949618	0.0360	2569			989a18637	
mp-23281	E	2026-10-07 06:29:44	kt1es	G2	CONVERGED	4	2.023996	2.945437	0.0370	4260	2	es-c	0601771b4	
mp-23289	M	2026-04-04 01:03:10			GOOD	5	4.660	7.763					~/bin2	CONVERGED
mp-23289	N	2026-10-03 00:21:05	kr7	K1	CONVERGED	5	4.660339	7.784701	0.0020	201			b695fa65c	
mp-23292	M	2026-04-20 01:06:55			GOOD	8	2.199	4.490					~/bin2	CONVERGED
mp-23292	N	2026-10-04 11:15:35	kt1	D0	CONVERGED	6	2.199476	4.511195	0.0040	1771			989a18637	
mp-23292	E	2026-10-05 23:45:57	kr7es	F0	CONVERGED	6	2.199638	4.454418	0.0040	4957	4	es-a	614ab5eb8	
mp-23295	M	2026-04-04 01:07:32			FAILED	5	4.676	7.944					~/bin2	AC_rst-rmt-mismatch@llmf_start(lmf)
mp-23295	R	2026-09-30 01:49:03	kt1	W4	CONVERGED	5	4.679159	7.982697		344			989a18637	
mp-23295	N	2026-10-05 21:18:57	kt1	D1	CONVERGED	5	4.679159	7.982796	0.0100	308			989a18637	
mp-23297	M	2026-04-29 07:01:36			GOOD	9	2.032	5.760					~/bin2	CONVERGED
mp-23297	N	2026-10-03 05:36:57	kt1	D2	CONVERGED	6	2.033396	5.901382	0.0040	1169			989a18637	
mp-23297	E	2026-10-06 17:26:17	kt1es	G3	CONVERGED	6	2.032680	5.906675	0.0040	1799	6	es-c	0601771b4	
mp-23299	M	2026-04-04 01:09:28			FAILED	5	4.799	7.903					~/bin2	AC_rst-rmt-mismatch@llmf_start(lmf)
mp-23299	R	2026-09-30 01:49:40	kt1	W2	CONVERGED	5	4.800322	7.885537		338			989a18637	
mp-23299	N	2026-10-05 21:13:49	kt1	D1	CONVERGED	5	4.800322	7.885645	0.0070	351			989a18637	
mp-23301	M	2026-04-05 02:10:29			GOOD	10	3.992	6.400					~/bin2	CONVERGED
mp-23301	N	2026-10-03 01:42:19	kt1	D2	CONVERGED	7	3.991259	6.411207	0.0250	405			989a18637	
mp-23302	M	2026-04-04 01:15:06			FAILED	5	3.136	5.425					~/bin2	AC_rst-rmt-mismatch@llmf_start(lmf)
mp-23302	R	2026-09-30 01:52:10	kt1	W3	CONVERGED	5	3.136800	5.562999		386			989a18637	
mp-23302	N	2026-10-05 21:27:27	kt1	D0	CONVERGED	5	3.136800	5.563070	0.0110	205			989a18637	
mp-23303	M	2026-04-04 01:16:16			FAILED	5	3.941	6.727					~/bin2	AC_rst-rmt-mismatch@llmf_start(lmf)
mp-23303	R	2026-09-30 01:54:09	kt1	W1	CONVERGED	5	3.940828	6.712522		394			989a18637	
mp-23303	N	2026-10-05 21:30:49	kt1	D0	CONVERGED	5	3.940828	6.712526	0.0110	202			989a18637	
mp-23309	M	2026-04-29 07:58:03			GOOD	10	3.592	6.296					~/bin2	CONVERGED
mp-23309	N	2026-10-03 00:45:29	kt1	D3	CONVERGED	6	3.592468	7.024368	0.0400	1892			989a18637	
mp-23353	M	2026-04-24 00:15:50			GOOD	8	0.563	1.850					~/bin2	CONVERGED
mp-23353	N	2026-10-03 21:12:41	kt1	D3	CONVERGED	6	0.563168	1.882896	0.0030	2309			989a18637	
mp-23364	M	2026-04-29 09:04:17			GOOD	9	4.882	7.838					~/bin2	CONVERGED
mp-23364	N	2026-10-03 05:41:35	kt1	D3	CONVERGED	5	4.879893	7.957520	0.0090	1350			989a18637	
mp-23364	E	2026-10-07 06:50:10	kt1es	G1	CONVERGED	5	4.879468	7.897057	0.0080	2531	2	es-c	0601771b4	
mp-2341	M	2026-04-29 08:13:51			GOOD	8	1.411	2.806					~/bin2	CONVERGED
mp-2341	N	2026-10-03 11:16:17	kt1	D1	CONVERGED	5	1.411079	2.865070	0.0150	355			989a18637	
mp-23432	M	2026-04-20 00:30:36			GOOD	8	5.177	8.347					~/bin2	CONVERGED
mp-23432	N	2026-10-05 13:23:18	kt1	D2	CONVERGED	5	5.175775	8.317929	0.0040	731			989a18637	
mp-23435	M	2026-05-10 15:19:59			FAILED	1	0.015	0.238					~/bin2	PROD_KILLED
mp-23435	R	2026-09-30 10:52:48	kt1	W2	CONVERGED	5	0.014058	0.331196		16337			989a18637	
mp-23435	N	2026-10-06 14:41:43	kt1	D3	TIMEOUT	1	0.014058	0.237004	none	7202			989a18637	
mp-23454	M	2026-04-29 13:59:58			GOOD	10	1.788	4.068					~/bin2	CONVERGED
mp-23454	N	2026-10-05 15:00:35	kt1	D0	CONVERGED	6	1.787997	4.158685	0.0060	4352			989a18637	
mp-23485	M	2026-04-24 01:31:54			GOOD	9	1.039	2.628					~/bin2	CONVERGED
mp-23485	N	2026-10-04 05:50:49	kt1	D2	CONVERGED	5	1.039130	2.628341	0.0200	2526			989a18637	
mp-2352	M	2026-04-04 06:50:18			GOOD	8	2.071	4.988					~/bin2	CONVERGED
mp-2352	N	2026-10-03 04:37:39	kr7	K0	CONVERGED	6	2.071586	4.823870	0.0050	254			b695fa65c	
mp-236	M	2026-04-29 11:21:04			GOOD	8	2.908	5.407					~/bin2	CONVERGED
mp-236	N	2026-10-05 06:50:21	kt1	D0	CONVERGED	6	2.907902	5.462675	0.0090	1539			989a18637	
mp-236	E	2026-10-07 07:31:09	kt1es	G3	CONVERGED	6	2.907452	5.383824	0.0140	4353	2	es-c	0601771b4	
mp-23703	M	2026-04-04 01:17:45			GOOD	8	2.626	5.546					~/bin2	CONVERGED
mp-23703	N	2026-10-02 23:25:51	kr7	K1	CONVERGED	6	2.625726	5.551176	0.0050	111			b695fa65c	
mp-2371	M	2026-04-24 01:05:40			GOOD	8	0.896	1.550					~/bin2	CONVERGED
mp-2371	N	2026-10-03 12:24:11	kt1	D1	CONVERGED	4	0.896122	1.545922	0.0130	983			989a18637	
mp-2371	E	2026-10-06 13:01:08	kr7es	F1	CONVERGED	4	0.896087	1.516948	0.0130	1721	1	es-b	614ab5eb8	
mp-23710	M	2026-04-20 00:39:43			GOOD	8	3.446	6.542					~/bin2	CONVERGED
mp-23710	N	2026-10-05 11:59:12	kt1	D0	CONVERGED	6	3.445563	6.515528	0.0020	656			989a18637	
mp-23737	M	2026-04-09 09:32:29			GOOD	8	2.160	5.292					~/bin2	CONVERGED
mp-23737	N	2026-10-03 23:42:41	kr7	K1	CONVERGED	6	2.159256	5.357346	0.0060	324			b695fa65c	
mp-23752	M	2026-04-24 01:27:04			GOOD	10	2.672	5.345					~/bin2	CONVERGED
mp-23752	N	2026-10-04 09:02:42	kt1	D0	CONVERGED	6	2.671621	5.300469	0.0020	986			989a18637	
mp-23759	M	2026-04-20 00:50:22			GOOD	8	1.078	3.338					~/bin2	CONVERGED
mp-23759	N	2026-10-05 01:32:34	kt1	D3	CONVERGED	6	1.076155	3.314296	0.0090	354			989a18637	
mp-23803	M	2026-04-29 10:44:30			GOOD	9	3.334	5.849					~/bin2	CONVERGED
mp-23803	N	2026-10-03 05:54:24	kt1	D1	CONVERGED	6	3.335133	5.840914	0.0020	1140			989a18637	
mp-23807	M	2026-04-29 12:28:55			NOTCONV	10	5.597	8.420					~/bin2	MAXITER_NOTCONV
mp-23807	R	2026-10-01 11:38:50	kt1	R2	CONVERGED	5	5.596687	8.630608	0.0040	1070			989a18637	
mp-23807	N	2026-10-05 23:36:43	kt1	D1	CONVERGED	5	5.596687	8.630503	0.0040	498			989a18637	
mp-23818	M	2026-04-09 09:39:06			GOOD	8	2.012	4.329					~/bin2	CONVERGED
mp-23818	N	2026-10-03 19:27:15	kr7	K1	CONVERGED	6	2.012347	4.308328	0.0020	299			b695fa65c	
mp-23846	M	2026-04-29 12:38:44			GOOD	10	6.887	11.748					~/bin2	CONVERGED
mp-23846	N	2026-10-04 05:32:57	kt1	D3	CONVERGED	6	6.889296	11.781004	none	780			989a18637	
mp-23856	M	2026-04-20 00:59:35			NOTCONV	10	4.019	7.902					~/bin2	MAXITER_NOTCONV
mp-23856	R	2026-10-01 06:09:17	kt1	R5	CONVERGED	6	4.018490	7.880123	0.0010	516			989a18637	
mp-23856	N	2026-10-05 21:50:18	kt1	D2	CONVERGED	6	4.018490	7.879974	0.0010	322			989a18637	
mp-23859	M	2026-04-20 01:18:45			GOOD	8	3.524	6.441					~/bin2	CONVERGED
mp-23859	N	2026-10-05 03:11:49	kt1	D2	CONVERGED	6	3.523433	6.483053	0.0040	1282			989a18637	
mp-23860	M	2026-04-20 01:31:10			GOOD	9	3.667	6.385					~/bin2	CONVERGED
mp-23860	N	2026-10-03 15:34:21	kt1	D2	CONVERGED	6	3.666157	6.311587	0.0040	1007			989a18637	
mp-23861	M	2026-04-20 01:44:42			GOOD	8	3.158	5.909					~/bin2	CONVERGED
mp-23861	N	2026-10-03 03:23:29	kt1	D0	CONVERGED	6	3.158075	5.854701	0.0020	777			989a18637	
mp-23862	M	2026-04-20 02:07:48			GOOD	8	2.604	4.654					~/bin2	CONVERGED
mp-23862	N	2026-10-04 02:16:00	kt1	D0	CONVERGED	5	2.603368	4.631828	0.0070	941			989a18637	
mp-23870	M	2026-04-04 01:19:32			GOOD	9	3.471	6.732					~/bin2	CONVERGED
mp-23870	N	2026-10-02 23:04:57	kt1	D2	CONVERGED	6	3.469472	6.717719	0.0030	133			989a18637	
mp-23879	M	2026-04-09 10:06:29			GOOD	10	4.022	7.330					~/bin2	CONVERGED
mp-23879	N	2026-10-04 11:17:52	kr7	K1	CONVERGED	6	4.021615	7.539446	0.0030	401			b695fa65c	
mp-23891	M	2026-04-20 01:58:52			NOTCONV	10	2.891	6.846					~/bin2	MAXITER_NOTCONV
mp-23891	R	2026-10-01 06:19:13	kt1	R4	CONVERGED	6	2.892917	6.787306	0.0060	1090			989a18637	
mp-23891	N	2026-10-05 00:58:29	kr7	K0	FAIL(1)	3	2.892917	6.787610	0.3390	474			b695fa65c	
mp-23891	N	2026-10-05 01:12:07	kr7	K0	SKIP								b695fa65c	
mp-239	M	2026-04-29 14:31:05			GOOD	10	1.272	3.043					~/bin2	CONVERGED
mp-239	N	2026-10-04 15:40:31	kt1	D1	CONVERGED	5	1.272088	3.006519	0.0070	1419			989a18637	
mp-23933	M	2026-04-29 13:39:20			GOOD	9	2.146	5.125					~/bin2	CONVERGED
mp-23933	N	2026-10-04 01:32:35	kt1	D1	CONVERGED	6	2.145619	5.069588	0.0010	529			989a18637	
mp-23940	M	2026-04-20 02:17:45			NOTCONV	10	2.923	6.575					~/bin2	MAXITER_NOTCONV
mp-23940	R	2026-10-01 06:21:04	kt1	R2	CONVERGED	6	2.924744	6.813937	0.0020	762			989a18637	
mp-23940	N	2026-10-05 22:33:28	kt1	D1	CONVERGED	6	2.924744	6.813925	0.0020	475			989a18637	
mp-23949	M	2026-04-09 10:14:44			GOOD	9	2.923	6.243					~/bin2	CONVERGED
mp-23949	N	2026-10-04 05:16:20	kr7	K0	CONVERGED	6	2.921132	6.240340	0.0020	595			b695fa65c	
mp-23956	M	2026-04-24 01:43:30			GOOD	8	3.156	6.201					~/bin2	CONVERGED
mp-23956	N	2026-10-03 06:34:26	kt1	D2	CONVERGED	6	3.156907	6.274868	0.0040	652			989a18637	
mp-2400	M	2026-04-29 15:01:24			GOOD	8	1.067	3.356					~/bin2	CONVERGED
mp-2400	N	2026-10-05 15:47:46	kt1	D3	CONVERGED	6	1.067804	3.432885	0.0010	1107			989a18637	
mp-24066	M	2026-04-29 15:06:44			NOTCONV	10	4.770	5.543					~/bin2	MAXITER_NOTCONV
mp-24066	R	2026-10-01 12:03:57	kt1	R1	CONVERGED	6	4.769609	7.864377	0.0030	2407			989a18637	
mp-24066	N	2026-10-06 03:09:42	kt1	D3	CONVERGED	6	4.769609	7.864435	0.0030	940			989a18637	
mp-24084	M	2026-04-04 01:21:27			GOOD	4	3.068	6.325					~/bin2	CONVERGED
mp-24084	N	2026-10-03 00:36:15	kr7	K1	CONVERGED	6	3.067479	6.382596	0.0030	156			b695fa65c	
mp-24093	M	2026-04-05 02:18:58			GOOD	8	0.448	1.366					~/bin2	CONVERGED
mp-24093	N	2026-10-03 10:31:52	kr7	K0	CONVERGED	5	0.448270	1.357963	0.0080	326			b695fa65c	
mp-241	M	2026-04-04 06:50:14			GOOD	9	2.900	6.418					~/bin2	CONVERGED
mp-241	N	2026-10-03 02:53:12	kr7	K1	CONVERGED	6	2.899350	6.482124	0.0020	241			b695fa65c	
mp-24199	M	2026-04-05 02:17:11			GOOD	10	8.081	11.959					~/bin2	CONVERGED
mp-24199	N	2026-10-03 01:22:10	kt1	D1	CONVERGED	5	8.080538	13.026659	none	222			989a18637	
mp-24204	M	2026-04-20 02:37:11			GOOD	8	3.278	5.406					~/bin2	CONVERGED
mp-24204	N	2026-10-04 06:47:01	kt1	D1	CONVERGED	5	3.278146	5.438134	0.0030	1043			989a18637	
mp-24205	M	2026-04-20 02:50:17			GOOD	8	3.199	5.388					~/bin2	CONVERGED
mp-24205	N	2026-10-04 21:18:50	kt1	D1	CONVERGED	5	3.198368	5.312689	0.0090	720			989a18637	
mp-2437	M	2026-04-29 15:32:41			NOTCONV	10	0.999	4.511					~/bin2	MAXITER_NOTCONV
mp-2437	R	2026-10-01 12:04:40	kt1	R5	CONVERGED	7	0.998863	4.371508	0.0070	1947			989a18637	
mp-2437	N	2026-10-06 02:01:22	kt1	D0	CONVERGED	7	0.998863	4.372162	0.0090	760			989a18637	
mp-24419	M	2026-04-09 10:42:00			GOOD	8	1.637	4.354					~/bin2	CONVERGED
mp-24419	N	2026-10-04 01:13:06	kr7	K1	CONVERGED	6	1.634977	4.273150	0.0140	337			b695fa65c	
mp-24422	M	2026-04-20 03:01:24			GOOD	9	3.882	6.632					~/bin2	CONVERGED
mp-24422	N	2026-10-05 05:18:11	kt1	D2	CONVERGED	6	3.881827	6.627118	0.0020	1002			989a18637	
mp-24423	M	2026-04-20 03:15:44			GOOD	8	3.508	5.852					~/bin2	CONVERGED
mp-24423	N	2026-10-04 08:23:15	kt1	D3	CONVERGED	5	3.507195	5.859899	0.0080	1245			989a18637	
mp-24424	M	2026-04-20 03:33:05			GOOD	8	2.953	5.356					~/bin2	CONVERGED
mp-24424	N	2026-10-04 03:20:22	kt1	D0	CONVERGED	6	2.952927	5.348162	0.0020	1183			989a18637	
mp-24428	M	2026-05-01 08:48:17			NOTCONV	10	1.936	4.964					~/bin2_dev	MAXITER_NOTCONV
mp-24428	R	2026-10-01 12:04:15	kt1	R2	CONVERGED	6	1.934914	5.024534	0.0020	1525			989a18637	
mp-24428	N	2026-10-06 00:47:03	kt1	D1	CONVERGED	6	1.934914	5.024175	0.0020	842			989a18637	
mp-24504	M	2026-04-05 02:22:32			GOOD	8	8.967	15.709					~/bin2	CONVERGED
mp-24504	N	2026-10-02 23:12:00	kt1	D1	CONVERGED	5	8.965661	15.750660	none	179			989a18637	
mp-24504	E1	2026-10-05 07:42:59	kr7e1	E0	CONVERGED	5	8.963845	15.504678	none	525	1		b695fa65c	
mp-24504	E	2026-10-06 19:06:59	kt1es	G2	CONVERGED	5	8.965801	15.712121	none	294	2	es-c	0601771b4	
mp-24517	M	2026-04-24 01:54:20			GOOD	10	2.965	6.229					~/bin2	CONVERGED
mp-24517	N	2026-10-03 11:35:16	kt1	D1	CONVERGED	6	2.963232	6.232627	0.0030	1139			989a18637	
mp-2455	M	2026-04-20 03:48:42			GOOD	8	0.631	1.002					~/bin2	CONVERGED
mp-2455	N	2026-10-04 17:42:00	kt1	D1	CONVERGED	4	0.630449	0.999629	0.0070	615			989a18637	
mp-24668	M	2026-04-29 17:00:13			NOTCONV	10	6.283	10.454					~/bin2	MAXITER_NOTCONV
mp-24668	R	2026-10-01 12:16:39	kt1	R4	CONVERGED	6	6.282067	10.660157	none	1579			989a18637	
mp-24668	N	2026-10-06 00:52:41	kt1	D0	CONVERGED	6	6.282067	10.659958	none	650			989a18637	
mp-2469	M	2026-04-04 01:24:51			GOOD	8	0.822	2.336					~/bin2	CONVERGED
mp-2469	N	2026-10-02 23:17:21	kr7	K0	CONVERGED	5	0.822906	2.334673	0.0210	151			b695fa65c	
mp-2472	M	2026-04-04 01:25:27			GOOD	5	3.183	5.428					~/bin2	CONVERGED
mp-2472	N	2026-10-03 00:13:19	kr7	K0	CONVERGED	5	3.182083	5.544374	0.0150	145			b695fa65c	
mp-24721	M	2026-04-04 01:29:10			GOOD	5	2.528	5.431					~/bin2	CONVERGED
mp-24721	N	2026-10-03 00:25:22	kr7	K0	CONVERGED	6	2.527312	5.507651	0.0070	228			b695fa65c	
mp-24809	M	2026-04-20 03:41:53			GOOD	8	0.393	2.765					~/bin2	CONVERGED
mp-24809	N	2026-10-05 11:48:16	kt1	D0	CONVERGED	6	0.393916	2.778289	0.0030	486			989a18637	
mp-2482	M	2026-04-08 12:49:47			GOOD	8	1.218	3.468					~/bin2	CONVERGED
mp-2482	N	2026-10-03 04:02:22	kr7	K0	CONVERGED	6	1.216320	3.515459	0.0020	233			b695fa65c	
mp-2488	M	2026-05-10 06:50:42			GOOD	8	0.497	0.821					~/bin2	CONVERGED
mp-2488	N	2026-10-04 07:59:54	kt1	D1	CONVERGED	4	0.496552	0.827612	0.0040	483			989a18637	
mp-2490	M	2026-04-04 01:30:20			GOOD	8	1.496	2.291					~/bin2	CONVERGED
mp-2490	N	2026-10-03 00:33:39	kr7	K1	CONVERGED	5	1.496033	2.285954	0.0010	141			b695fa65c	
mp-25	M	2026-04-29 16:37:19			NOTCONV	10	7.121	13.343					~/bin2	MAXITER_NOTCONV
mp-25	R	2026-10-01 12:17:13	kt1	R1	CONVERGED	5	7.118669	13.392300	none	796			989a18637	
mp-25	N	2026-10-05 22:49:40	kt1	D0	CONVERGED	5	7.118669	13.392508	none	375			989a18637	
mp-25	E	2026-10-07 06:46:09	kt1es	G2	CONVERGED	6	7.114723	12.645924	none	985	4	es-c	0601771b4	
mp-2507	M	2026-05-09 11:27:04			GOOD	8	1.583	3.085					~/bin2	CONVERGED
mp-2507	N	2026-10-04 06:46:04	kt1	D0	CONVERGED	5	1.582921	3.072799	0.0160	1458			989a18637	
mp-2516584	M	2026-04-05 02:27:59			GOOD	8	1.448	2.400					~/bin2	CONVERGED
mp-2516584	N	2026-10-03 14:34:35	kr7	K0	CONVERGED	4	1.448282	2.476673	0.0300	501			b695fa65c	
mp-2516584	E1	2026-10-05 07:43:53	kr7e1	E0	FAIL(1)	0	1.443243	none	none	54	1		b695fa65c	
mp-2516584	E	2026-10-05 07:43:53	kr7es	E0	FAIL(1)	0	1.443243	none	none	54	1	es-a	b695fa65c	
mp-2516584	E	2026-10-06 10:28:22	kt1es	G2	FAIL(1)	0	1.447883	none	none	24	1	es-a	0601771b4	
mp-2516584	E	2026-10-06 14:23:15	kt1es	G0	CONVERGED	4	1.447959	2.431908	0.0300	208	1	es-c	0601771b4	
mp-252	M	2026-04-04 01:33:28			GOOD	8	1.925	2.881					~/bin2	CONVERGED
mp-252	N	2026-10-03 00:21:34	kr7	K0	CONVERGED	4	1.925945	2.858533	0.0150	111			b695fa65c	
mp-25210	M	2026-04-04 06:56:29			NOTCONV	10	0.917	2.176					~/bin2	MAXITER_NOTCONV
mp-25210	R	2026-10-01 03:06:51	kt1	R1	CONVERGED	6	0.916763	2.520079	0.0090	282			989a18637	
mp-25210	N	2026-10-03 01:30:31	kr7	K1	CONVERGED	6	0.916763	2.519437	0.0090	280			b695fa65c	
mp-2530	M	2026-04-04 06:59:13			GOOD	8	2.389	3.815					~/bin2	CONVERGED
mp-2530	N	2026-10-03 05:13:00	kr7	K0	CONVERGED	5	2.387145	3.825026	0.0020	288			b695fa65c	
mp-2530	E1	2026-10-05 04:52:38	kr7e1	E1	CONVERGED	5	2.386158	3.854778	0.0020	210	1		b695fa65c	
mp-2530	E	2026-10-06 19:07:12	kt1es	G3	CONVERGED	5	2.386867	3.870846	0.0040	166	1	es-c	0601771b4	
mp-2534	M	2026-04-04 01:35:25			GOOD	8	0.000	1.044					~/bin2	CONVERGED
mp-2534	N	2026-10-02 23:30:19	kr7	K0	CONVERGED	5	0.000005	1.052501	0.0130	114			b695fa65c	
mp-2542	M	2026-04-05 02:31:01			GOOD	9	7.661	10.963					~/bin2	CONVERGED
mp-2542	N	2026-10-03 17:19:43	kr7	K0	CONVERGED	5	7.660581	10.756881	none	227			b695fa65c	
mp-25469	M	2026-05-04 16:34:02			GOOD	8	5.033	8.011					~/bin2	CONVERGED
mp-25469	N	2026-10-03 23:10:11	kt1	D3	CONVERGED	5	5.033438	8.218898	0.0060	1571			989a18637	
mp-2552	M	2026-05-04 15:27:42			GOOD	10	1.446	3.174					~/bin2	CONVERGED
mp-2552	N	2026-10-03 00:57:22	kt1	D3	CONVERGED	6	1.446155	3.616212	0.0050	713			989a18637	
mp-2574	M	2026-04-20 03:56:36			GOOD	10	3.828	6.232					~/bin2	CONVERGED
mp-2574	N	2026-10-05 03:46:51	kt1	D3	CONVERGED	6	3.828441	6.137953	0.0080	616			989a18637	
mp-2600	M	2026-04-04 01:40:56			FAILED	5	0.768	1.936					~/bin2	AC_rst-rmt-mismatch@llmf_start(lmf)
mp-2600	R	2026-09-30 01:55:56	kt1	W4	CONVERGED	5	0.766467	1.947573		413			989a18637	
mp-2600	N	2026-10-05 21:35:41	kt1	D1	CONVERGED	5	0.766467	1.947762	0.0040	222			989a18637	
mp-2605	M	2026-04-04 01:38:52			NOTCONV	10	3.517	6.532					~/bin2	MAXITER_NOTCONV
mp-2605	R	2026-10-01 02:53:07	kt1	R2	CONVERGED	6	3.518064	6.601392	0.0060	208			989a18637	
mp-2605	N	2026-10-03 06:12:13	kt1	D1	CONVERGED	6	3.518064	6.601479	0.0060	314			989a18637	
mp-2612	M	2026-04-04 01:44:09			GOOD	8	0.411	0.441					~/bin2	CONVERGED
mp-2612	N	2026-10-03 00:37:46	kr7	K0	CONVERGED	4	0.410482	0.436811	0.0130	170			b695fa65c	
mp-2624	M	2026-04-04 01:46:48			GOOD	8	1.194	1.888					~/bin2	CONVERGED
mp-2624	N	2026-10-03 00:31:18	kr7	K1	CONVERGED	4	1.193401	1.892562	0.0180	164			b695fa65c	
mp-2630	M	2026-04-08 17:24:59			GOOD	6	1.554	3.833					~/bin2	CONVERGED
mp-2630	N	2026-10-02 23:09:01	kt1	D1	CONVERGED	5	1.553652	3.825237	0.0110	227			989a18637	
mp-2646	M	2026-04-09 11:24:57			GOOD	8	0.135	0.855					~/bin2	CONVERGED
mp-2646	N	2026-10-04 04:34:35	kr7	K0	CONVERGED	4	0.135034	0.858151	0.0170	786			b695fa65c	
mp-2653	M	2026-04-05 02:36:16			GOOD	8	5.386	7.490					~/bin2	CONVERGED
mp-2653	N	2026-10-03 12:19:30	kr7	K1	CONVERGED	5	5.384504	7.503862	0.0040	171			b695fa65c	
mp-2659	M	2026-04-05 02:46:08			GOOD	10	3.602	6.495					~/bin2	CONVERGED
mp-2659	N	2026-10-03 00:42:38	kt1	D1	CONVERGED	4	3.602134	6.617536	0.0440	551			989a18637	
mp-2667	M	2026-04-04 01:51:48			FAILED	5	0.927	2.374					~/bin2	AC_rst-rmt-mismatch@llmf_start(lmf)
mp-2667	R	2026-09-30 01:56:32	kt1	W2	CONVERGED	5	0.928034	2.366361		412			989a18637	
mp-2667	N	2026-10-05 21:34:50	kt1	D3	CONVERGED	5	0.928034	2.366159	0.0100	196			989a18637	
mp-267	M	2026-04-20 04:31:45			GOOD	8	0.209	0.685					~/bin2	CONVERGED
mp-267	N	2026-10-03 09:52:11	kt1	D1	CONVERGED	4	0.209184	0.686535	0.0090	1098			989a18637	
mp-2672	M	2026-05-04 16:11:45			GOOD	10	2.318	5.436					~/bin2	CONVERGED
mp-2672	N	2026-10-04 05:19:57	kt1	D3	CONVERGED	6	2.318085	5.500490	0.0030	1608			989a18637	
mp-2691	M	2026-04-04 01:52:30			GOOD	8	0.287	1.736					~/bin2	CONVERGED
mp-2691	N	2026-10-03 00:17:44	kr7	K1	CONVERGED	5	0.287945	1.725251	0.0200	125			b695fa65c	
mp-2693	M	2026-04-04 01:57:00			GOOD	8	0.580	0.789					~/bin2	CONVERGED
mp-2693	N	2026-10-02 23:49:28	kr7	K0	CONVERGED	4	0.580213	0.794200	0.0100	145			b695fa65c	
mp-2695	M	2026-04-20 04:53:55			GOOD	8	0.312	0.638					~/bin2	CONVERGED
mp-2695	N	2026-10-03 10:41:50	kt1	D2	CONVERGED	4	0.312630	0.631498	0.0110	954			989a18637	
mp-2697	M	2026-04-08 20:28:20			FAILED	6	2.759						~/bin2	NOGAP_GAP_COLLAPSED(LDA gap 2.76 eV, previous QSGW iteration 5.76 eV)
mp-2697	R	2026-09-30 02:46:24	kt1	W4	CONVERGED	5	2.758681	5.758807		1523			989a18637	
mp-2697	N	2026-10-03 03:00:27	kr7	K1	CONVERGED	5	2.758681	5.759525	0.0140	239			b695fa65c	
mp-2706	M	2026-04-09 11:20:59			GOOD	10	3.042	7.305					~/bin2	CONVERGED
mp-2706	N	2026-10-03 02:36:25	kt1	D3	CONVERGED	6	3.040581	7.470898	0.0060	320			989a18637	
mp-27138	M	2026-04-24 02:45:27			GOOD	10	0.994	3.758					~/bin2	CONVERGED
mp-27138	N	2026-10-04 01:31:34	kt1	D2	CONVERGED	6	0.993814	3.662582	0.0040	1707			989a18637	
mp-27138	E	2026-10-06 12:38:57	kr7es	F0	FAIL(1)	0	none	none	none	205	1	es-b	614ab5eb8	
mp-27138	E	2026-10-06 14:37:20	kt1es	G2	CONVERGED	6	0.993976	3.692338	0.0040	2516	1	es-c	0601771b4	
mp-27193	M	2026-04-09 12:26:24			GOOD	9	2.758	4.955					~/bin2	CONVERGED
mp-27193	N	2026-10-04 11:57:25	kr7	K1	CONVERGED	6	2.757650	4.993389	0.0030	947			b695fa65c	
mp-27207	M	2026-04-24 02:31:04			GOOD	10	4.600	7.965					~/bin2	CONVERGED
mp-27207	N	2026-10-03 04:42:50	kt1	D0	CONVERGED	5	4.599306	7.930339	0.0050	1403			989a18637	
mp-27207	E	2026-10-06 13:09:21	kr7es	F0	FAIL(1)	3	4.599202	7.825548	0.2360	1824	2	es-b	614ab5eb8	
mp-27207	E	2026-10-06 21:42:59	kt1es	G1	CONVERGED	5	4.599202	7.833748	0.0050	2607	2	es-c	0601771b4	
mp-27214	M	2026-04-09 12:51:19			GOOD	9	0.474	1.473					~/bin2	CONVERGED
mp-27214	N	2026-10-04 08:01:16	kr7	K0	CONVERGED	5	0.473353	1.484335	0.0200	837			b695fa65c	
mp-27243	M	2026-04-24 03:31:44			GOOD	9	1.226	3.968					~/bin2	CONVERGED
mp-27243	N	2026-10-03 04:46:36	kt1	D1	CONVERGED	6	1.225737	3.951877	0.0020	1608			989a18637	
mp-27243	E	2026-10-06 16:01:12	kr7es	F1	TIMEOUT	4	none	none	0.5450	10804	1	es-b	614ab5eb8	
mp-27243	E	2026-10-06 16:36:06	kt1es	G2	CONVERGED	6	1.226001	3.972755	0.0020	2047	1	es-c	0601771b4	
mp-27294	M	2026-04-24 03:17:22			GOOD	9	1.490	3.546					~/bin2	CONVERGED
mp-27294	N	2026-10-04 07:31:22	kt1	D3	CONVERGED	6	1.489668	3.538468	0.0050	1173			989a18637	
mp-27397	M	2026-05-04 18:04:53			GOOD	8	1.265	3.061					~/bin2	CONVERGED
mp-27397	N	2026-10-05 11:40:14	kt1	D2	CONVERGED	6	1.264987	3.081035	0.0070	2894			989a18637	
mp-2741	M	2026-04-04 07:04:27			GOOD	4	6.930	11.041					~/bin2	CONVERGED
mp-2741	N	2026-10-03 03:49:16	kr7	K0	CONVERGED	6	6.929377	11.117514	none	265			b695fa65c	
mp-27418	M	2026-04-05 03:08:54			GOOD	9	0.875	3.462					~/bin2	CONVERGED
mp-27418	N	2026-10-03 18:23:09	kr7	K1	CONVERGED	5	0.875444	3.406765	0.0200	524			b695fa65c	
mp-27419	M	2026-05-01 00:44:19			FAILED	0	2.662						~/bin2_dev	PROD_bmix_min
mp-27419	R	2026-09-30 06:35:44	kt1	W1	CONVERGED	7	2.661866	6.731355		719			989a18637	
mp-27419	N	2026-10-05 22:25:33	kt1	D1	CONVERGED	6	2.661866	6.726415	0.0230	586			989a18637	
mp-27420	M	2026-04-29 21:24:11			NOTCONV	10	2.858	6.913					~/bin2	MAXITER_NOTCONV
mp-27420	R	2026-10-01 12:39:03	kt1	R2	CONVERGED	6	2.856984	7.241208	0.0070	2088			989a18637	
mp-27420	N	2026-10-06 02:33:14	kt1	D2	CONVERGED	7	2.856984	7.251389	0.0110	1153			989a18637	
mp-27421	M	2026-05-04 16:36:23			GOOD	9	2.802	6.652					~/bin2	CONVERGED
mp-27421	N	2026-10-03 01:29:45	kt1	D0	CONVERGED	5	2.801829	6.988775	0.0300	646			989a18637	
mp-27422	M	2026-05-04 16:44:19			NOTCONV	10	2.914	7.472					~/bin2	MAXITER_NOTCONV
mp-27422	R	2026-10-01 12:33:58	kt1	R5	CONVERGED	6	2.912728	7.077400	0.0100	1758			989a18637	
mp-27422	N	2026-10-06 01:21:32	kt1	D2	CONVERGED	6	2.912728	7.077502	0.0110	823			989a18637	
mp-27438	M	2026-04-05 03:28:16			GOOD	8	0.358	0.642					~/bin2	CONVERGED
mp-27438	N	2026-10-03 15:31:01	kr7	K0	CONVERGED	4	0.357500	0.637549	0.0100	867			b695fa65c	
mp-27455	M	2026-05-04 21:00:49			NOTCONV	10	4.546	7.773					~/bin2	MAXITER_NOTCONV
mp-27455	R	2026-10-01 13:53:26	kt1	R4	CONVERGED	6	4.544462	7.878928	0.0030	5807			989a18637	
mp-27455	N	2026-10-06 09:07:21	kt1	D1	CONVERGED	6	4.544462	7.879126	0.0030	4535			989a18637	
mp-27455	E	2026-10-07 08:02:29	kt1es	G0	CONVERGED	6	4.544412	7.869083	0.0030	5141	3	es-c	0601771b4	
mp-27484	M	2026-04-20 05:16:45			GOOD	8	0.630	1.157					~/bin2	CONVERGED
mp-27484	N	2026-10-04 06:03:58	kt1	D0	CONVERGED	5	0.630112	1.135483	0.0060	2186			989a18637	
mp-27502	M	2026-04-20 05:28:12			GOOD	8	5.569	9.170					~/bin2	CONVERGED
mp-27502	N	2026-10-05 02:47:42	kt1	D0	CONVERGED	5	5.568250	9.332354	0.0040	1056			989a18637	
mp-27502	E	2026-10-05 23:37:43	kr7es	F1	CONVERGED	5	5.566182	9.012276	0.0040	2762	2	es-a	614ab5eb8	
mp-27529	M	2026-05-04 21:53:51			GOOD	9	2.001	3.804					~/bin2	CONVERGED
mp-27529	N	2026-10-05 17:34:30	kt1	D2	CONVERGED	5	2.000029	3.824266	0.0150	3203			989a18637	
mp-27529	E	2026-10-07 07:54:50	kt1es	G2	CONVERGED	5	2.000025	3.722131	0.0180	4121	4	es-c	0601771b4	
mp-27546	M	2026-04-20 05:38:45			GOOD	8	5.442	9.075					~/bin2	CONVERGED
mp-27546	N	2026-10-05 00:03:04	kt1	D3	CONVERGED	6	5.441783	9.014440	0.0010	959			989a18637	
mp-2758	M	2026-04-04 01:58:01			FAILED	5	2.079	3.737					~/bin2	AC_rst-rmt-mismatch@llmf_start(lmf)
mp-2758	R	2026-09-30 01:57:09	kt1	W3	CONVERGED	5	2.077045	3.767455		299			989a18637	
mp-2758	N	2026-10-03 06:36:58	kt1	D0	CONVERGED	5	2.077045	3.767262	0.0070	192			989a18637	
mp-27666	M	2026-04-30 05:48:54			GOOD	10	1.623	3.962					~/bin2	CONVERGED
mp-27666	N	2026-10-04 14:41:47	kt1	D0	CONVERGED	6	1.623458	3.831537	0.0110	2784			989a18637	
mp-27702	M	2026-04-20 06:06:58			GOOD	8	2.427	4.507					~/bin2	CONVERGED
mp-27702	N	2026-10-05 03:03:47	kt1	D1	CONVERGED	6	2.426560	4.562114	0.0010	1026			989a18637	
mp-27703	M	2026-04-20 06:18:41			GOOD	8	1.958	3.969					~/bin2	CONVERGED
mp-27703	N	2026-10-03 11:29:03	kt1	D0	CONVERGED	5	1.958659	4.003742	0.0150	798			989a18637	
mp-27710	M	2026-04-09 13:37:53			UNKNOWN	6							~/bin2	NOGAP_METAL_IN_LDA_TOO
mp-27710	R	2026-09-30 23:26:39	kt1	M1	CONVERGED_METAL	5	none	none	none	401			989a18637	
mp-27710	N	2026-10-03 02:36:56	kt1	D2	CONVERGED_METAL	5	none	none	none	311			989a18637	
mp-27716	M	2026-04-20 06:57:06			NOTCONV	10	1.122	2.567					~/bin2	MAXITER_NOTCONV
mp-27716	R	2026-10-01 06:36:07	kt1	R5	CONVERGED	5	1.120718	2.327173	0.0080	1610			989a18637	
mp-27716	N	2026-10-04 23:46:38	kr7	K1	CONVERGED	5	1.120718	2.327075	0.0080	2026			b695fa65c	
mp-27724	M	2026-04-20 06:50:44			GOOD	9	1.955	4.128					~/bin2	CONVERGED
mp-27724	N	2026-10-05 12:47:06	kt1	D2	CONVERGED	5	1.954103	4.199745	0.0120	880			989a18637	
mp-27725	M	2026-04-30 06:04:22			GOOD	9	1.609	3.074					~/bin2	CONVERGED
mp-27725	N	2026-10-05 16:57:40	kt1	D1	CONVERGED	5	1.609978	3.054393	0.0190	2716			989a18637	
mp-27726	M	2026-04-20 07:17:11			NOTCONV	10	2.597	6.954					~/bin2	MAXITER_NOTCONV
mp-27726	R	2026-10-01 06:29:43	kt1	R3	CONVERGED	6	2.598452	6.659674	0.0050	1096			989a18637	
mp-27726	N	2026-10-05 01:12:07	kr7	K0	CONVERGED	6	2.598452	6.659663	0.0050	818			b695fa65c	
mp-27726	E	2026-10-06 00:19:43	kr7es	F1	CONVERGED	6	2.597530	6.460348	0.0100	2520	2	es-a	614ab5eb8	
mp-27729	M	2026-04-30 07:31:50			GOOD	8	1.621	4.348					~/bin2	CONVERGED
mp-27729	N	2026-10-04 21:08:33	kt1	D0	CONVERGED	5	1.621201	4.370021	0.0160	5433			989a18637	
mp-27729	E	2026-10-07 08:46:05	kt1es	G1	CONVERGED	5	1.621306	4.302728	0.0210	6955	6	es-c	0601771b4	
mp-27743	M	2026-04-20 07:12:57			NOTCONV	10	1.788	5.439					~/bin2	MAXITER_NOTCONV
mp-27743	R	2026-10-01 06:32:36	kt1	R4	CONVERGED	6	1.788071	5.546530	0.0130	803			989a18637	
mp-27743	N	2026-10-05 22:51:05	kt1	D3	CONVERGED	6	1.788071	5.546753	0.0130	452			989a18637	
mp-27754	M	2026-04-20 07:52:21			GOOD	8	1.675	3.883					~/bin2	CONVERGED
mp-27754	N	2026-10-05 03:36:35	kt1	D3	CONVERGED	6	1.675409	3.771241	0.0140	1463			989a18637	
mp-27770	M	2026-04-30 05:36:56			GOOD	10	1.333	3.388					~/bin2	CONVERGED
mp-27770	N	2026-10-03 13:53:48	kt1	D2	CONVERGED	6	1.332911	3.396378	0.0230	2039			989a18637	
mp-27801	M	2026-04-30 05:32:13			GOOD	8	1.438	2.736					~/bin2	CONVERGED
mp-27801	N	2026-10-05 16:41:07	kt1	D2	CONVERGED	5	1.441046	2.739480	0.0050	2285			989a18637	
mp-27837	M	2026-04-05 03:22:08			NOTCONV	10	6.760	11.281					~/bin2	MAXITER_NOTCONV
mp-27837	R	2026-10-01 03:34:17	kt1	R2	CONVERGED	6	6.758239	12.057696	none	223			989a18637	
mp-27837	N	2026-10-03 05:38:15	kr7	K1	CONVERGED	6	6.758239	12.056397	none	252			b695fa65c	
mp-2784	M	2026-04-04 07:10:35			GOOD	9	1.921	3.809					~/bin2	CONVERGED
mp-2784	N	2026-10-03 02:17:07	kr7	K0	CONVERGED	5	1.921034	3.808487	0.0030	287			b695fa65c	
mp-2784	E1	2026-10-05 04:53:10	kr7e1	E0	CONVERGED	5	1.920886	3.776316	0.0030	241	1		b695fa65c	
mp-2784	E	2026-10-06 19:13:24	kt1es	G2	CONVERGED	5	1.920877	3.777960	0.0030	385	1	es-c	0601771b4	
mp-27849	M	2026-04-20 07:52:39			GOOD	8	0.536	1.791					~/bin2	CONVERGED
mp-27849	N	2026-10-05 02:01:49	kt1	D2	CONVERGED	5	0.535413	1.777954	0.0130	1566			989a18637	
mp-27850	M	2026-04-20 08:26:24			GOOD	8	0.529	1.948					~/bin2	CONVERGED
mp-27850	N	2026-10-05 08:13:29	kt1	D2	CONVERGED	5	0.528778	1.900249	0.0210	814			989a18637	
mp-27863	M	2026-04-20 08:18:18			GOOD	9	5.674	8.935					~/bin2	CONVERGED
mp-27863	N	2026-10-04 06:14:04	kt1	D0	CONVERGED	5	5.674440	8.919727	0.0060	606			989a18637	
mp-27869	M	2026-04-05 04:03:19			GOOD	8	1.064	2.424					~/bin2	CONVERGED
mp-27869	N	2026-10-03 08:40:04	kr7	K0	FAIL(1)	4	1.064571	2.345076	0.0450	952			b695fa65c	
mp-27869	N	2026-10-06 13:30:08	kt1	D0	CONVERGED	5	1.064571	2.346061	0.0070	711			989a18637	
mp-27871	M	2026-04-30 05:12:14			GOOD	9	1.016	2.611					~/bin2	CONVERGED
mp-27871	N	2026-10-04 09:17:10	kt1	D1	CONVERGED	6	1.016271	2.662741	0.0080	2305			989a18637	
mp-27910	M	2026-04-09 15:02:12			GOOD	8	0.422	0.819					~/bin2	CONVERGED
mp-27910	N	2026-10-03 22:33:00	kr7	K1	CONVERGED	4	0.424699	0.824867	0.0140	1957			b695fa65c	
mp-2793	M	2026-04-05 04:11:38			GOOD	8	0.135	0.627					~/bin2	CONVERGED
mp-2793	N	2026-10-03 13:23:48	kr7	K0	CONVERGED	4	0.135448	0.636672	0.0190	687			b695fa65c	
mp-27934	M	2026-04-20 08:54:20			GOOD	8	2.616	4.957					~/bin2	CONVERGED
mp-27934	N	2026-10-04 20:33:38	kt1	D1	CONVERGED	6	2.615750	4.951706	0.0010	1850			989a18637	
mp-27947	M	2026-04-24 05:01:26			GOOD	8	0.307	0.519					~/bin2	CONVERGED
mp-27947	N	2026-10-04 06:29:38	kt1	D1	CONVERGED	4	0.307295	0.510183	0.0080	3598			989a18637	
mp-27948	M	2026-04-24 05:09:20			GOOD	8	0.734	1.053					~/bin2	CONVERGED
mp-27948	N	2026-10-03 18:22:57	kt1	D2	CONVERGED	4	0.733191	1.061517	0.0130	3712			989a18637	
mp-27962	M	2026-04-09 15:40:29			NOTCONV	10	1.022	3.351					~/bin2	MAXITER_NOTCONV
mp-27962	R	2026-10-01 04:56:17	kt1	R4	CONVERGED	6	1.022817	3.277974	0.0050	1577			989a18637	
mp-27962	N	2026-10-04 17:46:57	kr7	K0	CONVERGED	6	1.022817	3.277992	0.0050	1533			b695fa65c	
mp-27962	E	2026-10-05 17:39:19	kr7es	F1	CONVERGED	6	1.022948	3.179872	0.0050	2271	7	es-a	614ab5eb8	
mp-27985	M	2026-04-20 08:57:01			FAILED	6	4.890						~/bin2	NOGAP_GAP_COLLAPSED(LDA gap 4.89 eV)
mp-27985	R	2026-09-30 03:56:06	kt1	W3	CONVERGED	5	4.890571	6.979708		638			989a18637	
mp-27985	N	2026-10-05 22:04:29	kt1	D3	CONVERGED	5	4.890571	6.979648	0.0080	484			989a18637	
mp-27989	M	2026-04-20 09:30:17			GOOD	9	4.829	8.516					~/bin2	CONVERGED
mp-27989	N	2026-10-04 16:36:08	kt1	D0	CONVERGED	5	4.828226	8.502172	0.0090	1101			989a18637	
mp-27989	E	2026-10-06 00:16:53	kr7es	F0	CONVERGED	5	4.829557	8.078236	0.0040	1856	6	es-a	614ab5eb8	
mp-27999	M	2026-04-30 01:58:24			GOOD	10	0.635	1.899					~/bin2	CONVERGED
mp-27999	R	2026-10-01 03:15:00	kt1	R3	CONVERGED	5	0.635402	1.646245	0.0140	4899			989a18637	
mp-27999	N	2026-10-03 06:23:34	kt1	D2	CONVERGED	5	0.635402	1.646171	0.0140	2797			989a18637	
mp-28051	M	2026-04-20 10:22:50			GOOD	8	0.767	1.411					~/bin2	CONVERGED
mp-28051	N	2026-10-03 22:34:17	kt1	D1	CONVERGED	4	0.767103	1.373226	0.0240	1611			989a18637	
mp-28069	M	2026-04-24 05:32:05			GOOD	9	1.639	3.973					~/bin2	CONVERGED
mp-28069	N	2026-10-03 22:36:52	kt1	D3	CONVERGED	6	1.638636	3.937513	0.0040	1240			989a18637	
mp-28099	M	2026-04-30 01:53:51			GOOD	8	1.964	4.097					~/bin2	CONVERGED
mp-28099	N	2026-10-05 07:58:23	kt1	D0	CONVERGED	6	1.963595	4.137492	0.0030	4082			989a18637	
mp-28099	E	2026-10-06 18:09:33	kt1es	G0	CONVERGED	6	1.963750	4.108124	0.0040	4148	6	es-c	0601771b4	
mp-2815	M	2026-04-20 09:48:01			GOOD	8	1.276	2.189					~/bin2	CONVERGED
mp-2815	N	2026-10-04 10:19:09	kt1	D3	CONVERGED	4	1.275772	2.176913	0.0130	585			989a18637	
mp-28163	M	2026-04-24 05:44:40			GOOD	10	1.805	6.603					~/bin2	CONVERGED
mp-28163	N	2026-10-03 02:11:47	kt1	D1	CONVERGED	6	1.804848	6.514369	0.0140	1267			989a18637	
mp-28166	M	2026-04-09 15:58:02			GOOD	9	0.876	3.219					~/bin2	CONVERGED
mp-28166	N	2026-10-04 05:20:23	kr7	K1	CONVERGED	6	0.875895	3.295143	0.0030	632			b695fa65c	
mp-28171	M	2026-04-09 16:43:29			GOOD	9	1.005	3.167					~/bin2	CONVERGED
mp-28171	N	2026-10-04 11:41:38	kr7	K1	CONVERGED	6	1.004132	3.260534	0.0010	884			b695fa65c	
mp-28237	M	2026-04-30 01:24:29			GOOD	10	4.075	6.942					~/bin2	CONVERGED
mp-28237	N	2026-10-04 00:20:29	kt1	D1	CONVERGED	5	4.074069	7.032422	0.0100	2261			989a18637	
mp-28240	M	2026-04-04 07:14:36			GOOD	8	4.750	8.442					~/bin2	CONVERGED
mp-28240	N	2026-10-03 03:21:39	kr7	K0	CONVERGED	5	4.749779	8.560898	0.0050	314			b695fa65c	
mp-28240	E1	2026-10-05 05:06:14	kr7e1	E1	CONVERGED	5	4.749030	8.363335	0.0040	816	1		b695fa65c	
mp-28240	E	2026-10-06 19:13:05	kt1es	G3	CONVERGED	5	4.751600	8.275846	0.0060	353	3	es-c	0601771b4	
mp-28243	M	2026-04-30 01:21:45			GOOD	10	4.887	8.025					~/bin2	CONVERGED
mp-28243	N	2026-10-05 17:37:46	kt1	D1	CONVERGED	5	4.885675	8.167966	0.0110	2406			989a18637	
mp-28248	M	2026-04-20 10:36:11			GOOD	8	2.116	3.942					~/bin2	CONVERGED
mp-28248	N	2026-10-03 20:55:14	kt1	D2	CONVERGED	5	2.116521	3.958224	0.0060	1411			989a18637	
mp-28248	E	2026-10-06 01:28:11	kr7es	F0	CONVERGED	5	2.116366	3.974888	0.0060	4278	2	es-a	614ab5eb8	
mp-28260	M	2026-04-20 11:11:41			GOOD	8	0.998	2.756					~/bin2	CONVERGED
mp-28260	N	2026-10-05 10:45:44	kt1	D3	CONVERGED	5	0.997543	2.628878	0.0520	1315			989a18637	
mp-28266	M	2026-04-20 11:06:52			GOOD	8	0.346	0.759					~/bin2	CONVERGED
mp-28266	N	2026-10-04 13:53:34	kt1	D1	CONVERGED	4	0.346368	0.753975	0.0090	766			989a18637	
mp-28302	M	2026-04-24 06:35:36			GOOD	9	0.697	1.701					~/bin2	CONVERGED
mp-28302	N	2026-10-03 18:10:59	kt1	D3	CONVERGED	5	0.695594	1.812386	0.0160	1718			989a18637	
mp-28302	E	2026-10-06 14:08:43	kr7es	F0	CONVERGED	5	0.695593	1.802334	0.0160	3562	1	es-c	614ab5eb8	
mp-28377	M	2026-04-09 18:47:17			GOOD	8	1.058	1.963					~/bin2	CONVERGED
mp-28377	N	2026-10-04 06:11:06	kr7	K1	CONVERGED	5	1.057223	1.927905	0.0100	1909			b695fa65c	
mp-28483	M	2026-04-24 06:28:47			GOOD	10	0.876	2.148					~/bin2	CONVERGED
mp-28483	N	2026-10-03 21:44:48	kt1	D3	CONVERGED	5	0.875557	2.064616	0.2670	1927			989a18637	
mp-28483	E	2026-10-06 14:59:39	kr7es	F0	CONVERGED	6	0.875701	2.094804	0.2630	3056	9	es-c	614ab5eb8	
mp-2853	M	2026-04-04 02:00:28			GOOD	8	0.219	1.507					~/bin2	CONVERGED
mp-2853	N	2026-10-02 23:25:40	kr7	K0	CONVERGED	5	0.219457	1.531289	0.0060	161			b695fa65c	
mp-28553	M	2026-04-30 00:50:00			GOOD	9	2.261	3.545					~/bin2	CONVERGED
mp-28553	N	2026-10-05 06:18:55	kt1	D3	CONVERGED	5	2.261000	3.618101	0.0050	1142			989a18637	
mp-28554	M	2026-04-05 04:37:07			GOOD	9	1.453	2.843					~/bin2	CONVERGED
mp-28554	N	2026-10-03 15:33:55	kr7	K1	CONVERGED	5	1.450894	2.773243	0.0060	1002			b695fa65c	
mp-28591	M	2026-04-24 07:08:57			NOTCONV	10	0.800	2.105					~/bin2	MAXITER_NOTCONV
mp-28591	R	2026-10-01 08:37:46	kt1	R5	CONVERGED	5	0.798162	1.959142	0.0110	2485			989a18637	
mp-28591	N	2026-10-06 03:18:34	kt1	D1	CONVERGED	5	0.798162	1.959018	0.0110	1088			989a18637	
mp-28593	M	2026-04-09 17:15:48			NOTCONV	10	4.519	7.032					~/bin2	MAXITER_NOTCONV
mp-28593	R	2026-10-01 04:39:16	kt1	R5	CONVERGED	5	4.518465	7.160383	0.0110	499			989a18637	
mp-28593	N	2026-10-04 15:13:57	kr7	K1	CONVERGED	5	4.518465	7.160320	0.0100	315			b695fa65c	
mp-28599	M	2026-04-24 07:05:47			GOOD	9	2.213	4.713					~/bin2	CONVERGED
mp-28599	N	2026-10-03 23:02:56	kt1	D2	CONVERGED	6	2.214299	4.897376	0.0020	1410			989a18637	
mp-28602	M	2026-04-09 17:58:18			GOOD	8	2.320	5.014					~/bin2	CONVERGED
mp-28602	N	2026-10-04 03:19:22	kr7	K0	CONVERGED	6	2.319378	5.201787	0.0030	521			b695fa65c	
mp-28627	M	2026-04-24 07:52:10			NOTCONV	10	0.952	3.387					~/bin2	MAXITER_NOTCONV
mp-28627	R	2026-10-01 08:41:15	kt1	R4	CONVERGED	6	0.951647	3.403743	0.0030	2675			989a18637	
mp-28627	N	2026-10-06 04:08:34	kt1	D0	CONVERGED	6	0.951647	3.403710	0.0030	1556			989a18637	
mp-28650	M	2026-04-05 04:46:52			GOOD	8	1.634	4.717					~/bin2	CONVERGED
mp-28650	N	2026-10-03 12:16:39	kr7	K1	CONVERGED	6	1.633402	4.668433	0.0060	926			b695fa65c	
mp-28650	E1	2026-10-05 08:10:51	kr7e1	E0	CONVERGED	6	1.633628	4.694468	0.0140	1618	1		b695fa65c	
mp-28650	E	2026-10-06 19:17:25	kt1es	G1	CONVERGED	6	1.633408	4.703676	0.0060	587	1	es-c	0601771b4	
mp-28797	M	2026-04-04 07:18:46			GOOD	8	1.394	2.510					~/bin2	CONVERGED
mp-28797	N	2026-10-03 04:42:57	kr7	K0	CONVERGED	5	1.392501	2.514327	0.0050	318			b695fa65c	
mp-288	M	2026-04-05 05:02:43			GOOD	8	0.210	1.199					~/bin2	CONVERGED
mp-288	N	2026-10-03 17:17:41	kr7	K1	CONVERGED	5	0.208851	1.197881	0.0090	550			b695fa65c	
mp-28872	M	2026-04-09 19:00:25			GOOD	8	3.805	6.920					~/bin2	CONVERGED
mp-28872	N	2026-10-04 08:49:23	kr7	K0	CONVERGED	6	3.805311	6.821671	0.0030	563			b695fa65c	
mp-28873	M	2026-04-09 20:15:25			NOTCONV	10	4.023	4.978					~/bin2	MAXITER_NOTCONV
mp-28873	R	2026-10-01 04:55:18	kt1	R1	CONVERGED	6	4.023388	7.058765	0.0020	1311			989a18637	
mp-28873	N	2026-10-04 17:15:23	kr7	K0	CONVERGED	6	4.023388	7.058917	0.0020	907			b695fa65c	
mp-2894	M	2026-04-04 07:23:57			GOOD	8	0.151	0.146					~/bin2	CONVERGED
mp-2894	R	2026-10-01 00:24:20	kt1	R3	CONVERGED	4	0.150711	0.139484	0.0650	169			989a18637	
mp-2894	N	2026-10-02 23:09:23	kt1	D3	CONVERGED	4	0.150711	0.139370	0.0660	183			989a18637	
mp-28944	M	2026-04-21 07:36:55			GOOD	8	1.293	2.277					~/bin2	CONVERGED
mp-28944	N	2026-10-04 10:18:27	kt1	D1	CONVERGED	5	1.292227	2.271319	0.0070	1270			989a18637	
mp-28994	M	2026-04-30 01:30:53			GOOD	8	0.644	1.813					~/bin2	CONVERGED
mp-28994	N	2026-10-05 17:26:59	kt1	D0	CONVERGED	5	0.643677	1.824215	0.0060	1717			989a18637	
mp-29009	M	2026-04-24 07:47:17			GOOD	8	4.361	7.129					~/bin2	CONVERGED
mp-29009	N	2026-10-04 06:06:01	kt1	D2	CONVERGED	5	4.359909	7.049514	0.0030	912			989a18637	
mp-29025	M	2026-05-08 21:47:23			FAILED	6	2.448						~/bin2	NOGAP_GAP_COLLAPSED(LDA gap 2.45 eV)
mp-29025	R	2026-09-30 06:38:28	kt1	W3	CONVERGED	5	2.447423	4.487604		868			989a18637	
mp-29025	N	2026-10-05 23:08:35	kt1	D1	CONVERGED	5	2.447423	4.487665	0.0050	755			989a18637	
mp-29027	M	2026-05-04 22:19:49			FAILED	7	0.741						~/bin2	NOGAP_GAP_COLLAPSED(LDA gap 0.74 eV, previous QSGW iteration 0.99 eV)
mp-29027	R	2026-09-30 07:36:00	kt1	W1	CONVERGED	5	0.740647	1.876540		3616			989a18637	
mp-29027	N	2026-10-06 05:35:08	kt1	D3	CONVERGED	5	0.740647	1.876622	0.0150	2411			989a18637	
mp-29047	M	2026-05-01 10:15:43			FAILED	1	2.332						~/bin2_dev	PROD_NaN_lqpe
mp-29047	R	2026-09-30 07:12:47	kt1	W3	CONVERGED	5	2.331384	3.588622		2059			989a18637	
mp-29047	N	2026-10-06 02:25:14	kt1	D0	CONVERGED	5	2.331384	3.588798	0.0050	1432			989a18637	
mp-29055	M	2026-04-20 12:30:04			GOOD	8	0.127	0.721					~/bin2	CONVERGED
mp-29055	N	2026-10-05 10:06:56	kt1	D3	CONVERGED	4	0.126985	0.726325	0.0220	1625			989a18637	
mp-29149	M	2026-04-20 11:23:43			GOOD	9	1.768	3.362					~/bin2	CONVERGED
mp-29149	N	2026-10-04 04:51:03	kt1	D0	CONVERGED	5	1.766638	3.662946	0.0060	1095			989a18637	
mp-29151	M	2026-05-01 10:31:34			FAILED	6	2.064						~/bin2_dev	NOGAP_GAP_COLLAPSED(LDA gap 2.06 eV, previous QSGW iteration 3.69 eV)
mp-29151	R	2026-09-30 07:16:13	kt1	W4	CONVERGED	5	2.059977	4.079634		1092			989a18637	
mp-29151	N	2026-10-05 23:46:44	kt1	D0	CONVERGED	5	2.059977	4.078917	0.0040	822			989a18637	
mp-2918	M	2026-05-01 10:27:21			NOTCONV	10	2.728	3.744					~/bin2_dev	MAXITER_NOTCONV
mp-2918	R	2026-10-01 12:52:30	kt1	R1	CONVERGED	6	2.727645	4.463069	0.0110	2117			989a18637	
mp-2918	N	2026-10-06 02:37:33	kt1	D0	CONVERGED	6	2.727645	4.463072	0.0110	739			989a18637	
mp-29196	M	2026-04-04 07:27:14			GOOD	9	1.772	3.877					~/bin2	CONVERGED
mp-29196	N	2026-10-03 04:22:16	kr7	K0	CONVERGED	5	1.772223	3.817971	0.0170	287			b695fa65c	
mp-29196	E1	2026-10-05 04:59:57	kr7e1	E0	CONVERGED	5	1.772154	3.796829	0.0120	407	1		b695fa65c	
mp-29196	E	2026-10-06 19:18:07	kt1es	G0	CONVERGED	5	1.770270	3.812228	0.0220	377	2	es-c	0601771b4	
mp-29208	M	2026-04-09 20:47:20			GOOD	8	0.435	1.288					~/bin2	CONVERGED
mp-29208	N	2026-10-03 22:19:16	kr7	K0	CONVERGED	5	0.435830	1.291108	0.0140	985			b695fa65c	
mp-29208	E	2026-10-05 17:51:40	kr7es	F0	CONVERGED	5	0.435646	1.273478	0.0060	1709	1	es-a	614ab5eb8	
mp-29209	M	2026-04-09 22:32:48			GOOD	8	0.409	1.252					~/bin2	CONVERGED
mp-29209	N	2026-10-04 04:33:26	kr7	K1	CONVERGED	5	0.408800	1.250017	0.0170	1005			b695fa65c	
mp-29209	E	2026-10-05 18:05:12	kr7es	F1	CONVERGED	5	0.408797	1.243498	0.0120	1553	1	es-a	614ab5eb8	
mp-29266	M	2026-04-05 05:37:03			GOOD	8	1.496	3.900					~/bin2	CONVERGED
mp-29266	N	2026-10-03 15:54:05	kr7	K1	CONVERGED	6	1.496964	3.926343	0.0020	1210			b695fa65c	
mp-29266	E1	2026-10-05 08:48:33	kr7e1	E0	CONVERGED	5	1.497292	3.849235	0.0190	2262	1		b695fa65c	
mp-29266	E	2026-10-06 19:24:56	kt1es	G3	CONVERGED	5	1.497202	3.872388	0.0160	711	1	es-c	0601771b4	
mp-29342	M	2026-04-24 08:15:17			GOOD	9	1.625	4.026					~/bin2	CONVERGED
mp-29342	N	2026-10-03 04:46:49	kt1	D3	CONVERGED	6	1.624585	3.932810	0.0080	1042			989a18637	
mp-29403	M	2026-04-20 12:28:03			GOOD	10	1.727	3.506					~/bin2	CONVERGED
mp-29403	N	2026-10-04 19:12:33	kt1	D0	CONVERGED	6	1.726639	3.509221	0.0040	1842			989a18637	
mp-29443	M	2026-04-20 14:21:16			GOOD	9	1.585	3.363					~/bin2	CONVERGED
mp-29443	N	2026-10-05 01:26:40	kt1	D3	CONVERGED	5	1.584519	3.369330	0.0130	2920			989a18637	
mp-29443	E	2026-10-06 01:57:23	kr7es	F1	CONVERGED	5	1.583683	3.327192	0.0120	5860	6	es-a	614ab5eb8	
mp-29484	M	2026-04-24 09:00:35			GOOD	8	0.591	1.546					~/bin2	CONVERGED
mp-29484	N	2026-10-04 04:53:09	kt1	D3	CONVERGED	5	0.590774	1.718071	0.0200	1997			989a18637	
mp-29484	E	2026-10-06 15:50:37	kt1es	G2	CONVERGED	5	0.590793	1.706921	0.0140	2380	1	es-c	0601771b4	
mp-29504	M	2026-05-04 21:39:02			NOTCONV	10	1.850	5.704					~/bin2	MAXITER_NOTCONV
mp-29504	R	2026-10-01 13:15:57	kt1	R3	CONVERGED	6	1.846601	5.947637	0.0780	2770			989a18637	
mp-29504	N	2026-10-06 04:18:39	kt1	D2	CONVERGED	7	1.846601	6.007369	0.0180	1648			989a18637	
mp-29504	E	2026-10-06 18:12:38	kt1es	G1	CONVERGED	7	1.846955	5.929375	0.0190	2837	8	es-c	0601771b4	
mp-29506	M	2026-05-04 22:06:28			GOOD	10	2.282	4.126					~/bin2	CONVERGED
mp-29506	N	2026-10-03 16:04:50	kt1	D2	CONVERGED	5	2.282089	4.062761	0.0100	1829			989a18637	
mp-29521	M	2026-05-04 22:51:55			GOOD	8	1.981	3.929					~/bin2	CONVERGED
mp-29521	N	2026-10-03 02:07:13	kt1	D0	CONVERGED	5	1.981283	3.670895	0.0110	1360			989a18637	
mp-29529	M	2026-04-21 07:39:57			GOOD	8	0.446	1.251					~/bin2	CONVERGED
mp-29529	N	2026-10-03 23:15:41	kt1	D0	CONVERGED	5	0.446455	1.249550	0.0050	1043			989a18637	
mp-29584	M	2026-04-24 09:02:53			GOOD	8	0.726	2.042					~/bin2	CONVERGED
mp-29584	N	2026-10-03 13:19:49	kt1	D2	CONVERGED	5	0.722795	1.991734	0.0080	1370			989a18637	
mp-29584	E	2026-10-07 08:33:27	kt1es	G0	CONVERGED	5	0.722799	1.998182	0.0070	1858	1	es-c	0601771b4	
mp-29585	M	2026-04-24 10:08:02			GOOD	10	0.501	1.107					~/bin2	CONVERGED
mp-29585	R	2026-10-01 01:31:55	kt1	R3	CONVERGED	5	0.499491	1.617516	0.0160	2846			989a18637	
mp-29585	N	2026-10-03 05:03:13	kt1	D2	CONVERGED	5	0.499491	1.617529	0.0160	1886			989a18637	
mp-29585	E	2026-10-07 09:12:53	kt1es	G2	CONVERGED	5	0.499510	1.606465	0.0130	2960	1	es-c	0601771b4	
mp-2961	M	2026-05-01 11:07:27			GOOD	8	1.217	2.128					~/bin2_dev	CONVERGED
mp-2961	N	2026-10-05 04:41:45	kt1	D2	CONVERGED	5	1.215970	2.112759	0.0090	1136			989a18637	
mp-2964	M	2026-04-05 05:26:09			GOOD	9	2.304	6.964					~/bin2	CONVERGED
mp-2964	N	2026-10-03 15:08:52	kr7	K1	CONVERGED	6	2.305704	6.932359	0.0190	463			b695fa65c	
mp-29643	M	2026-04-05 06:02:30			GOOD	8	0.662	0.947					~/bin2	CONVERGED
mp-29643	N	2026-10-03 14:20:15	kr7	K1	CONVERGED	4	0.661343	0.942501	0.0310	646			b695fa65c	
mp-29662	M	2026-04-05 06:13:29			GOOD	8	0.107	0.454					~/bin2	CONVERGED
mp-29662	N	2026-10-03 08:24:12	kr7	K0	CONVERGED	4	0.105848	0.475872	0.0140	762			b695fa65c	
mp-29666	M	2026-04-09 23:59:43			GOOD	8	0.384	0.786					~/bin2	CONVERGED
mp-29666	N	2026-10-04 05:06:25	kr7	K0	FAIL(1)	1	0.384870	0.735490	none	1245			b695fa65c	
mp-29666	N	2026-10-06 13:45:08	kt1	D1	CONVERGED	4	0.384870	0.775196	0.0100	1047			989a18637	
mp-29678	M	2026-04-05 06:30:00			GOOD	8	0.416	0.972					~/bin2	CONVERGED
mp-29678	N	2026-10-03 10:18:13	kr7	K1	CONVERGED	4	0.417384	0.955874	0.0330	616			b695fa65c	
mp-29738	M	2026-05-04 21:46:14			FAILED	0	4.127						~/bin2	PROD_bmix_min
mp-29738	R	2026-09-30 03:27:24	kt1	W2	CONVERGED	6	4.127036	6.817851		634			989a18637	
mp-29738	N	2026-10-04 15:50:28	kr7	K1	CONVERGED	6	4.127036	6.818199	0.0020	714			b695fa65c	
mp-29754	M	2026-04-20 12:50:39			GOOD	8	0.248	1.168					~/bin2	CONVERGED
mp-29754	N	2026-10-05 04:59:12	kt1	D3	CONVERGED	5	0.248715	1.171634	0.0150	678			989a18637	
mp-29764	M	2026-05-04 23:30:01			FAILED	6	6.584						~/bin2	NOGAP_GAP_COLLAPSED(LDA gap 6.58 eV)
mp-29764	R	2026-09-30 07:31:26	kt1	W3	CONVERGED	6	6.586519	11.314168		1119			989a18637	
mp-29764	N	2026-10-05 23:48:08	kt1	D3	CONVERGED	6	6.586519	11.314321	none	495			989a18637	
mp-29771	M	2026-04-20 13:03:52			GOOD	8	2.518	4.663					~/bin2	CONVERGED
mp-29771	N	2026-10-04 23:14:14	kt1	D1	CONVERGED	5	2.518775	4.678766	0.0050	523			989a18637	
mp-29798	M	2026-05-04 22:46:40			FAILED	1	3.388						~/bin2	PROD_NaN_lqpe
mp-29798	R	2026-09-30 03:26:15	kt1	W1	CONVERGED	5	3.387881	5.683209		478			989a18637	
mp-29798	N	2026-10-04 15:15:07	kr7	K0	CONVERGED	5	3.387881	5.683411	0.0100	539			b695fa65c	
mp-29803	M	2026-04-05 06:25:51			GOOD	8	2.033	3.784					~/bin2	CONVERGED
mp-29803	N	2026-10-03 18:55:54	kr7	K0	CONVERGED	5	2.030996	3.748825	0.0160	373			b695fa65c	
mp-29803	E1	2026-10-05 09:49:27	kr7e1	F1	CONVERGED	5	2.029753	3.710970	0.0130	646	1		614ab5eb8	
mp-29803	E	2026-10-06 19:21:05	kt1es	G2	CONVERGED	5	2.030067	3.708199	0.0170	461	1	es-c	0601771b4	
mp-29868	M	2026-04-05 06:42:41			GOOD	9	1.443	2.997					~/bin2	CONVERGED
mp-29868	N	2026-10-03 14:51:14	kr7	K1	CONVERGED	5	1.439687	3.012982	0.0190	379			b695fa65c	
mp-29873	M	2026-04-24 09:50:08			GOOD	8	2.910	5.686					~/bin2	CONVERGED
mp-29873	N	2026-10-03 12:53:17	kt1	D3	CONVERGED	6	2.907835	5.875675	0.0050	1940			989a18637	
mp-29873	E	2026-10-07 09:19:52	kt1es	G0	CONVERGED	6	2.907777	5.871429	0.0050	2785	2	es-c	0601771b4	
mp-29889	M	2026-04-24 10:46:27			GOOD	8	0.778	2.985					~/bin2	CONVERGED
mp-29889	N	2026-10-04 11:47:02	kt1	D3	CONVERGED	6	0.778294	2.930727	0.0030	1754			989a18637	
mp-29889	E	2026-10-07 09:27:39	kt1es	G1	CONVERGED	6	0.778724	2.943292	0.0020	2494	1	es-c	0601771b4	
mp-30004	M	2026-04-24 11:11:44			NOTCONV	10	0.503	6.363					~/bin2	MAXITER_NOTCONV
mp-30004	R	2026-10-01 09:06:58	kt1	R1	CONVERGED	6	0.502586	2.823486	0.0050	3267			989a18637	
mp-30004	N	2026-10-06 05:22:48	kt1	D1	CONVERGED	6	0.502586	2.823148	0.0050	2646			989a18637	
mp-30004	E	2026-10-07 09:31:53	kt1es	G3	CONVERGED	6	0.501927	2.779080	0.0030	2439	2	es-c	0601771b4	
mp-30031	M	2026-04-04 07:38:56			FAILED	5	3.475	6.093					~/bin2	AC_rst-rmt-mismatch@llmf_start(lmf)
mp-30031	R	2026-09-30 02:51:54	kt1	W1	CONVERGED	5	3.470842	6.084609		1781			989a18637	
mp-30031	N	2026-10-03 03:11:50	kr7	K1	CONVERGED	5	3.470842	6.084228	0.0050	484			b695fa65c	
mp-30031	E1	2026-10-05 05:09:44	kr7e1	E0	CONVERGED	5	3.471275	6.091827	0.0020	587	1		b695fa65c	
mp-30031	E	2026-10-06 19:26:03	kt1es	G1	CONVERGED	5	3.470993	6.091951	0.0020	518	1	es-c	0601771b4	
mp-30034	M	2026-04-04 07:36:23			GOOD	8	4.124	6.955					~/bin2	CONVERGED
mp-30034	N	2026-10-03 03:39:49	kr7	K0	CONVERGED	5	4.122871	6.884451	0.0090	352			b695fa65c	
mp-30041	M	2026-04-05 07:03:14			NOTCONV	10	1.242	3.289					~/bin2	MAXITER_NOTCONV
mp-30041	R	2026-10-01 03:40:17	kt1	R3	CONVERGED	5	1.241437	2.213998	0.0090	554			989a18637	
mp-30041	N	2026-10-04 14:02:08	kr7	K0	CONVERGED	5	1.241437	2.213940	0.0090	782			b695fa65c	
mp-30053	M	2026-04-20 13:28:03			NOTCONV	10	4.880	8.828					~/bin2	MAXITER_NOTCONV
mp-30053	R	2026-10-01 06:36:12	kt1	R2	CONVERGED	6	4.878076	9.099201	0.0010	908			989a18637	
mp-30053	N	2026-10-05 23:19:28	kt1	D3	CONVERGED	6	4.878076	9.099133	0.0010	631			989a18637	
mp-30055	M	2026-04-10 01:01:18			GOOD	10	0.346	2.580					~/bin2	CONVERGED
mp-30055	N	2026-10-04 02:42:11	kr7	K0	CONVERGED	6	0.345285	2.604712	0.0050	741			b695fa65c	
mp-30056	M	2026-04-10 01:36:36			GOOD	8	4.157	6.979					~/bin2	CONVERGED
mp-30056	N	2026-10-04 02:11:38	kr7	K1	CONVERGED	6	4.156521	6.997392	0.0020	1153			b695fa65c	
mp-30068	M	2026-04-04 07:48:42			GOOD	10	4.321	7.710					~/bin2	CONVERGED
mp-30068	N	2026-10-03 01:57:02	kr7	K1	CONVERGED	5	4.322382	7.606872	0.0060	409			b695fa65c	
mp-30068	E	2026-10-06 10:55:48	kt1es	G3	FAIL(1)	0	4.321367	none	none	179	3	es-a	0601771b4	
mp-30068	E	2026-10-06 14:59:50	kt1es	G1	CONVERGED	5	4.321367	7.490376	0.0070	1586	3	es-c	0601771b4	
mp-30139	M	2026-04-20 13:58:42			GOOD	8	4.935	7.891					~/bin2	CONVERGED
mp-30139	N	2026-10-03 14:41:16	kt1	D2	CONVERGED	5	4.934019	7.900712	0.0110	1475			989a18637	
mp-30200	M	2026-05-05 00:32:10			GOOD	8	0.945	2.592					~/bin2	CONVERGED
mp-30200	N	2026-10-05 16:07:23	kt1	D3	CONVERGED	5	0.946285	2.748116	0.0100	1177			989a18637	
mp-30247	M	2026-04-10 01:29:45			NOTCONV	10	4.322	8.021					~/bin2	MAXITER_NOTCONV
mp-30247	R	2026-10-01 04:56:53	kt1	R3	CONVERGED	6	4.319961	8.151312	0.0010	1358			989a18637	
mp-30247	N	2026-10-04 17:19:47	kr7	K1	CONVERGED	6	4.319961	8.151245	0.0010	312			b695fa65c	
mp-30302	M	2026-05-04 23:40:01			FAILED	2	1.852						~/bin2	PROD_NaN_lqpe
mp-30302	R	2026-09-30 04:13:52	kt1	W1	CONVERGED	5	1.851679	3.453893		1608			989a18637	
mp-30302	N	2026-10-05 00:39:40	kr7	K0	CONVERGED	5	1.851679	3.453930	0.0060	3140			b695fa65c	
mp-30315	M	2026-04-24 11:08:18			GOOD	8	0.434	1.412					~/bin2	CONVERGED
mp-30315	N	2026-10-04 07:51:51	kt1	D1	CONVERGED	5	0.433962	1.401501	0.0090	1296			989a18637	
mp-30373	M	2026-04-04 02:05:18			FAILED	5	0.166	1.485					~/bin2	AC_rst-rmt-mismatch@llmf_start(lmf)
mp-30373	R	2026-09-30 02:03:07	kt1	W1	CONVERGED	5	0.167588	1.478791		538			989a18637	
mp-30373	N	2026-10-05 21:53:14	kt1	D3	CONVERGED	5	0.167588	1.478703	0.0110	217			989a18637	
mp-3038	M	2026-04-24 11:58:33			GOOD	8	1.326	2.671					~/bin2	CONVERGED
mp-3038	N	2026-10-04 00:09:08	kt1	D2	CONVERGED	5	1.326583	2.673571	0.0100	1802			989a18637	
mp-30459	M	2026-04-04 07:48:06			GOOD	8	0.185	0.353					~/bin2	CONVERGED
mp-30459	N	2026-10-03 05:28:43	kr7	K0	CONVERGED	4	0.184498	0.349576	0.0400	298			b695fa65c	
mp-30460	M	2026-04-04 07:57:46			GOOD	8	0.200	0.449					~/bin2	CONVERGED
mp-30460	N	2026-10-03 01:45:49	kr7	K1	CONVERGED	4	0.199468	0.455693	0.0190	216			b695fa65c	
mp-30530	M	2026-05-04 23:15:13			FAILED	2	4.539						~/bin2	PROD_NaN_lqpe
mp-30530	R	2026-09-30 03:59:29	kt1	W2	CONVERGED	5	4.537533	7.632298		486			989a18637	
mp-30530	N	2026-10-05 21:44:34	kt1	D3	CONVERGED	5	4.537533	7.632190	0.0060	276			989a18637	
mp-30530	E	2026-10-06 01:57:52	kr7es	F0	CONVERGED	5	4.537986	7.647976	0.0040	1781	1	es-a	614ab5eb8	
mp-3056	M	2026-04-05 06:59:54			GOOD	10	0.641	1.465					~/bin2	CONVERGED
mp-3056	R	2026-10-01 00:44:29	kt1	R3	CONVERGED	6	0.640949	1.981450	0.0080	265			989a18637	
mp-3056	N	2026-10-03 02:18:13	kt1	D0	CONVERGED	6	0.640949	1.981715	0.0070	271			989a18637	
mp-3078	M	2026-05-03 23:05:15			FAILED	0	0.393						~/bin2	PROD_NaN_lsc
mp-3078	R	2026-09-30 07:51:20	kt1	W4	CONVERGED	5	0.392957	1.378474		2107			989a18637	
mp-3078	N	2026-10-06 02:40:08	kt1	D3	CONVERGED	5	0.392957	1.378352	0.0050	1180			989a18637	
mp-30847	M	2026-04-04 07:56:54			GOOD	8	0.765	1.059					~/bin2	CONVERGED
mp-30847	N	2026-10-03 02:55:29	kr7	K0	CONVERGED	4	0.765217	1.060145	0.0680	208			b695fa65c	
mp-30952	M	2026-05-01 19:11:54			NOTCONV	10	3.881	7.682					~/bin2_dev	MAXITER_NOTCONV
mp-30952	R	2026-10-01 14:07:08	kt1	R5	CONVERGED	6	3.880771	7.352972	0.0010	5590			989a18637	
mp-30952	N	2026-10-06 08:52:13	kt1	D2	CONVERGED	6	3.880771	7.352807	0.0010	3683			989a18637	
mp-30952	E	2026-10-07 08:51:14	kt1es	G3	CONVERGED	6	3.880790	7.239930	0.0010	4805	6	es-c	0601771b4	
mp-30965	M	2026-04-30 16:00:37			GOOD	10	2.197	6.403					~/bin2_dev	CONVERGED
mp-30965	N	2026-10-03 02:07:55	kt1	D3	CONVERGED	6	2.197218	6.219364	0.0010	1164			989a18637	
mp-3098	M	2026-05-01 15:21:55			NOTCONV	10	2.041	3.807					~/bin2_dev	MAXITER_NOTCONV
mp-3098	R	2026-10-01 13:05:12	kt1	R2	CONVERGED	6	2.041132	3.862598	0.0060	1569			989a18637	
mp-3098	N	2026-10-06 00:50:54	kt1	D2	CONVERGED	6	2.041132	3.862732	0.0060	569			989a18637	
mp-30988	M	2026-05-01 16:07:06			GOOD	9	1.700	3.210					~/bin2_dev	CONVERGED
mp-30988	N	2026-10-05 02:04:20	kt1	D1	CONVERGED	5	1.700364	3.274821	0.0140	1381			989a18637	
mp-31002	M	2026-04-24 13:13:10			GOOD	8	0.226	1.005					~/bin2	CONVERGED
mp-31002	N	2026-10-03 17:06:25	kt1	D0	CONVERGED	5	0.226563	0.983786	0.0050	2733			989a18637	
mp-3104	M	2026-05-01 15:32:14			NOTCONV	10	0.940	2.449					~/bin2_dev	MAXITER_NOTCONV
mp-3104	R	2026-10-01 13:40:31	kt1	R1	CONVERGED	5	0.940354	2.465224	0.0150	2881			989a18637	
mp-3104	N	2026-10-06 04:24:48	kt1	D0	CONVERGED	5	0.940354	2.465308	0.0150	974			989a18637	
mp-31149	M	2026-04-10 02:51:25			GOOD	8	0.356	1.295					~/bin2	CONVERGED
mp-31149	N	2026-10-03 20:07:56	kr7	K1	CONVERGED	5	0.356033	1.318260	0.0060	612			b695fa65c	
mp-31212	M	2026-04-24 12:20:26			NOTCONV	10	6.454	9.698					~/bin2	MAXITER_NOTCONV
mp-31212	R	2026-10-01 08:45:29	kt1	R3	CONVERGED	6	6.454241	11.148002	none	1706			989a18637	
mp-31212	N	2026-10-06 01:12:38	kt1	D1	CONVERGED	6	6.454241	11.147746	none	698			989a18637	
mp-3136	M	2026-04-10 02:16:50			GOOD	9	1.282	2.836					~/bin2	CONVERGED
mp-3136	N	2026-10-04 05:39:17	kr7	K1	CONVERGED	6	1.282204	2.821238	0.0040	408			b695fa65c	
mp-31368	M	2026-05-01 15:42:20			GOOD	9	2.097	5.956					~/bin2_dev	CONVERGED
mp-31368	N	2026-10-04 07:53:46	kt1	D3	CONVERGED	6	2.097549	6.133286	0.0030	1344			989a18637	
mp-31406	M	2026-04-10 05:38:09			GOOD	8	0.812	1.403					~/bin2	CONVERGED
mp-31406	N	2026-10-03 23:48:22	kr7	K0	CONVERGED	4	0.817304	1.404879	0.0140	2199			b695fa65c	
mp-31406	E	2026-10-05 18:32:06	kr7es	F0	CONVERGED	4	0.817535	1.423043	0.0140	2426	1	es-a	614ab5eb8	
mp-31451	M	2026-04-04 08:05:00			GOOD	8	1.000	1.153					~/bin2	CONVERGED
mp-31451	N	2026-10-03 05:01:27	kr7	K1	CONVERGED	4	0.999582	1.154627	0.0220	222			b695fa65c	
mp-31454	M	2026-04-04 08:06:13			GOOD	8	0.601	1.039					~/bin2	CONVERGED
mp-31454	N	2026-10-03 04:09:43	kr7	K1	CONVERGED	4	0.601399	1.043809	0.0080	217			b695fa65c	
mp-31455	M	2026-04-04 08:12:48			GOOD	8	0.137	0.421					~/bin2	CONVERGED
mp-31455	N	2026-10-03 01:47:11	kr7	K0	CONVERGED	4	0.136576	0.424652	0.0450	210			b695fa65c	
mp-315	M	2026-04-04 08:11:38			GOOD	8	4.383	6.869					~/bin2	CONVERGED
mp-315	N	2026-10-03 05:05:00	kr7	K1	CONVERGED	6	4.382770	6.908295	0.0040	213			b695fa65c	
mp-31507	M	2026-04-24 13:58:16			GOOD	8	0.398	0.678					~/bin2	CONVERGED
mp-31507	N	2026-10-03 08:45:52	kt1	D2	CONVERGED	4	0.404017	0.678781	0.0100	4019			989a18637	
mp-3159	M	2026-04-24 14:06:16			GOOD	8	1.884	3.434					~/bin2	CONVERGED
mp-3159	N	2026-10-03 15:43:23	kt1	D3	CONVERGED	5	1.884650	3.490638	0.0120	1428			989a18637	
mp-3161	M	2026-04-04 08:17:07			GOOD	8	0.026	0.481					~/bin2	CONVERGED
mp-3161	N	2026-10-03 04:31:30	kr7	K1	CONVERGED	5	0.025606	0.484891	0.0090	122			b695fa65c	
mp-3163	M	2026-04-10 03:44:19			GOOD	10	0.509	2.348					~/bin2	CONVERGED
mp-3163	N	2026-10-03 01:47:44	kt1	D2	CONVERGED	6	0.508748	2.740921	0.0040	325			989a18637	
mp-3167	M	2026-04-24 14:55:19			GOOD	8	0.294	1.195					~/bin2	CONVERGED
mp-3167	N	2026-10-03 10:04:24	kt1	D2	CONVERGED	5	0.294772	1.213295	0.0070	1787			989a18637	
mp-3216	M	2026-04-10 04:32:42			GOOD	8	1.680	2.990					~/bin2	CONVERGED
mp-3216	N	2026-10-04 06:50:04	kr7	K1	CONVERGED	5	1.680505	3.023179	0.0060	603			b695fa65c	
mp-322	M	2026-05-01 15:57:06			GOOD	9	0.461	1.430					~/bin2_dev	CONVERGED
mp-322	N	2026-10-03 21:47:40	kt1	D0	CONVERGED	5	0.461933	1.426053	0.0070	1473			989a18637	
mp-3277	M	2026-04-20 22:15:50			GOOD	10	4.535	8.260					~/bin2	CONVERGED
mp-3277	N	2026-10-04 21:06:50	kt1	D1	CONVERGED	6	4.536351	8.082406	0.0010	743			989a18637	
mp-32780	M	2026-04-30 17:00:59			GOOD	9	1.702	3.239					~/bin2_dev	CONVERGED
mp-32780	N	2026-10-04 15:28:51	kt1	D2	CONVERGED	5	1.702544	3.174559	0.0210	989			989a18637	
mp-3307	M	2026-05-04 23:32:00			FAILED	2	4.129						~/bin2	PROD_NaN_lqpe
mp-3307	R	2026-09-30 04:05:02	kt1	W3	CONVERGED	6	4.125531	7.115837		536			989a18637	
mp-3307	N	2026-10-05 21:52:37	kt1	D0	CONVERGED	6	4.125531	7.115919	0.0010	317			989a18637	
mp-3307	E	2026-10-06 02:06:54	kr7es	F1	CONVERGED	6	4.126477	6.985910	0.0010	571	1	es-a	614ab5eb8	
mp-3323	M	2026-04-10 05:21:41			GOOD	8	3.048	5.498					~/bin2	CONVERGED
mp-3323	N	2026-10-03 02:38:12	kt1	D0	CONVERGED	5	3.047102	5.471296	0.0130	272			989a18637	
mp-3359	M	2026-04-24 14:29:00			GOOD	10	2.585	4.871					~/bin2	CONVERGED
mp-3359	N	2026-10-03 17:21:05	kt1	D2	CONVERGED	5	2.582231	4.734618	0.0070	857			989a18637	
mp-3376	M	2026-04-24 14:50:56			NOTCONV	10	2.713	5.217					~/bin2	MAXITER_NOTCONV
mp-3376	R	2026-10-01 08:41:57	kt1	R2	CONVERGED	5	2.712101	5.039359	0.0170	1344			989a18637	
mp-3376	N	2026-10-06 00:33:09	kt1	D3	CONVERGED	5	2.712101	5.039112	0.0170	598			989a18637	
mp-341	M	2026-04-10 06:21:49			NOTCONV	10	1.843	5.360					~/bin2	MAXITER_NOTCONV
mp-341	R	2026-10-01 04:55:46	kt1	R5	CONVERGED	6	1.843484	5.132519	0.0100	990			989a18637	
mp-341	N	2026-10-04 16:25:23	kr7	K0	CONVERGED	6	1.843484	5.132642	0.0100	481			b695fa65c	
mp-34202	M	2026-04-10 09:30:59			GOOD	9	0.500	0.868					~/bin2	CONVERGED
mp-34202	N	2026-10-03 21:48:42	kr7	K1	CONVERGED	4	0.504233	0.880298	0.0170	2627			b695fa65c	
mp-3432	M	2026-04-04 08:21:00			GOOD	8	0.270	0.496					~/bin2	CONVERGED
mp-3432	N	2026-10-03 03:24:53	kr7	K0	CONVERGED	4	0.269818	0.499477	0.0370	194			b695fa65c	
mp-3448	M	2026-04-10 07:34:20			NOTCONV	10	7.117	12.021					~/bin2	MAXITER_NOTCONV
mp-3448	R	2026-10-01 05:05:49	kt1	R1	CONVERGED	6	7.119649	12.004626	none	631			989a18637	
mp-3448	N	2026-10-04 15:38:36	kr7	K0	CONVERGED	6	7.119649	12.003992	none	325			b695fa65c	
mp-3481	M	2026-04-21 08:18:09			GOOD	8	0.342	1.021					~/bin2	CONVERGED
mp-3481	N	2026-10-04 19:01:46	kt1	D3	CONVERGED	5	0.341636	1.017265	0.0060	1078			989a18637	
mp-34857	M	2026-04-05 07:38:00			NOTCONV	10	2.371	8.626					~/bin2	MAXITER_NOTCONV
mp-34857	R	2026-10-01 03:43:43	kt1	R1	CONVERGED	6	2.372951	7.170460	0.0080	604			989a18637	
mp-34857	N	2026-10-04 14:17:12	kr7	K0	CONVERGED	6	2.372951	7.170902	0.0080	904			b695fa65c	
mp-3486	M	2026-04-21 08:35:25			GOOD	8	0.305	0.851					~/bin2	CONVERGED
mp-3486	N	2026-10-04 06:39:40	kt1	D2	CONVERGED	5	0.304132	0.857598	0.0060	1374			989a18637	
mp-34903	M	2026-04-30 17:24:17			GOOD	8	1.335	2.193					~/bin2_dev	CONVERGED
mp-34903	N	2026-10-05 16:43:59	kt1	D3	CONVERGED	5	1.334670	2.163648	0.0070	1250			989a18637	
mp-3524	M	2026-05-01 17:26:20			GOOD	10	3.618	5.514					~/bin2_dev	CONVERGED
mp-3524	N	2026-10-04 23:24:35	kt1	D0	CONVERGED	5	3.618403	5.525808	0.0030	778			989a18637	
mp-3525	M	2026-04-10 10:40:11			GOOD	8	0.093	0.355					~/bin2	CONVERGED
mp-3525	N	2026-10-04 10:16:30	kr7	K0	CONVERGED	4	0.093359	0.351293	0.0110	2124			b695fa65c	
mp-358	M	2026-04-20 23:06:31			GOOD	8	0.551	1.117					~/bin2	CONVERGED
mp-358	N	2026-10-04 18:20:52	kt1	D2	CONVERGED	4	0.551292	1.107250	0.0120	1138			989a18637	
mp-3589	M	2026-04-20 22:37:18			GOOD	9	7.372	11.012					~/bin2	CONVERGED
mp-3589	N	2026-10-03 22:07:16	kt1	D0	CONVERGED	6	7.371069	10.910860	none	1176			989a18637	
mp-35925	M	2026-04-04 08:25:07			NOTCONV	10	1.184	3.801					~/bin2	MAXITER_NOTCONV
mp-35925	R	2026-10-01 03:14:21	kt1	R2	CONVERGED	7	1.184401	3.818564	0.0200	666			989a18637	
mp-35925	N	2026-10-03 02:49:11	kr7	K1	CONVERGED	7	1.184401	3.816638	0.0190	557			b695fa65c	
mp-35925	E1	2026-10-05 05:06:37	kr7e1	E1	FAIL(1)	0	none	none	none	23	2		b695fa65c	
mp-35925	E	2026-10-05 05:06:37	kr7es	E1	FAIL(1)	0	none	none	none	23	2	es-a	b695fa65c	
mp-35925	E	2026-10-06 10:28:40	kt1es	G2	FAIL(1)	0	none	none	none	18	2	es-a	0601771b4	
mp-35925	E	2026-10-06 14:31:44	kt1es	G3	CONVERGED	7	1.184333	3.829091	0.0130	1054	2	es-c	0601771b4	
mp-3595	M	2026-05-01 18:01:26			NOTCONV	10	0.952	1.733					~/bin2_dev	MAXITER_NOTCONV
mp-3595	R	2026-10-01 13:44:56	kt1	R2	CONVERGED	4	0.951475	1.713093	0.0200	2384			989a18637	
mp-3595	N	2026-10-06 02:54:02	kt1	D3	CONVERGED	4	0.951475	1.713193	0.0200	834			989a18637	
mp-361	M	2026-04-20 22:49:21			GOOD	8	0.571	1.922					~/bin2	CONVERGED
mp-361	N	2026-10-03 06:24:10	kt1	D1	CONVERGED	6	0.570741	1.913705	0.0090	428			989a18637	
mp-3614	M	2026-04-10 10:19:44			GOOD	8	1.963	3.996					~/bin2	CONVERGED
mp-3614	N	2026-10-03 02:41:04	kt1	D3	CONVERGED	6	1.963331	3.936340	0.0020	279			989a18637	
mp-36248	M	2026-05-04 23:22:09			FAILED	1	4.232						~/bin2	PROD_NaN_lqpe
mp-36248	R	2026-09-30 04:03:36	kt1	W2	CONVERGED	5	4.230708	6.846275		247			989a18637	
mp-36248	N	2026-10-03 06:16:33	kt1	D0	CONVERGED	5	4.230708	6.846369	0.0020	201			989a18637	
mp-3637	M	2026-04-21 10:38:23			GOOD	9	4.973	7.272					~/bin2	CONVERGED
mp-3637	N	2026-10-04 22:22:12	kt1	D1	CONVERGED	5	4.973909	7.721363	0.0130	474			989a18637	
mp-3642	M	2026-05-01 17:31:16			GOOD	9	2.400	4.169					~/bin2_dev	CONVERGED
mp-3642	N	2026-10-05 08:47:44	kt1	D3	CONVERGED	6	2.400165	4.155837	0.0200	847			989a18637	
mp-3654	M	2026-04-10 11:11:58			GOOD	10	6.323	10.590					~/bin2	CONVERGED
mp-3654	N	2026-10-03 22:02:51	kr7	K0	CONVERGED	6	6.323886	10.746444	none	465			b695fa65c	
mp-3668	M	2026-05-01 18:16:28			GOOD	8	0.621	1.572					~/bin2_dev	CONVERGED
mp-3668	N	2026-10-05 15:30:24	kt1	D2	CONVERGED	5	0.620389	1.560424	0.0060	1663			989a18637	
mp-370	M	2026-04-04 02:05:02			GOOD	8		1.329					~/bin2	CONVERGED
mp-370	N	2026-10-03 00:27:44	kr7	K0	CONVERGED	5	0.482605	1.304838	0.0150	142			b695fa65c	
mp-3744	M	2026-05-01 17:36:15			GOOD	9	1.431	2.710					~/bin2_dev	CONVERGED
mp-3744	N	2026-10-03 01:18:28	kt1	D1	CONVERGED	4	1.431238	2.698676	0.0870	387			989a18637	
mp-3748	M	2026-04-05 07:17:35			GOOD	8	2.030	3.336					~/bin2	CONVERGED
mp-3748	N	2026-10-03 17:49:58	kr7	K1	CONVERGED	6	2.030461	3.705299	0.0070	416			b695fa65c	
mp-3762	M	2026-05-01 19:21:39			GOOD	8	0.998	1.959					~/bin2_dev	CONVERGED
mp-3762	N	2026-10-05 03:48:50	kt1	D0	CONVERGED	5	0.998418	2.008937	0.0140	878			989a18637	
mp-3772	M	2026-04-24 15:47:58			GOOD	8	1.225	2.575					~/bin2	CONVERGED
mp-3772	N	2026-10-03 10:52:35	kt1	D0	CONVERGED	5	1.224844	2.589282	0.0080	1552			989a18637	
mp-3785	M	2026-05-01 20:01:50			GOOD	8	0.452	1.085					~/bin2_dev	CONVERGED
mp-3785	N	2026-10-03 15:44:11	kt1	D1	CONVERGED	4	0.452545	1.083173	0.0190	1637			989a18637	
mp-380	M	2026-04-05 07:45:27			GOOD	8	1.100	2.771					~/bin2	CONVERGED
mp-380	N	2026-10-03 18:15:12	kr7	K0	CONVERGED	5	1.100239	2.780118	0.0030	599			b695fa65c	
mp-3813	M	2026-04-24 15:35:51			GOOD	9	0.509	1.866					~/bin2	CONVERGED
mp-3813	N	2026-10-04 00:41:41	kt1	D1	CONVERGED	5	0.507963	1.847116	0.0130	1272			989a18637	
mp-3829	M	2026-05-01 20:16:45			GOOD	9	0.111	0.063					~/bin2_dev	CONVERGED
mp-3829	R	2026-10-01 02:39:46	kt1	R1	CONVERGED	4	0.111058	0.051696	0.0140	2655			989a18637	
mp-3829	N	2026-10-03 04:01:32	kt1	D3	CONVERGED	5	0.111058	0.059096	0.0080	1788			989a18637	
mp-3834	M	2026-04-10 11:25:07			GOOD	10	2.984	5.330					~/bin2	CONVERGED
mp-3834	N	2026-10-04 06:12:35	kr7	K0	CONVERGED	5	2.984434	5.291183	0.0090	523			b695fa65c	
mp-3839	M	2026-05-01 20:26:55			GOOD	8	0.223	1.219					~/bin2_dev	CONVERGED
mp-3839	N	2026-10-04 21:29:26	kt1	D2	CONVERGED	5	0.223188	1.235010	0.0060	1563			989a18637	
mp-390	M	2026-04-21 10:36:47			GOOD	10	2.019	3.906					~/bin2	CONVERGED
mp-390	N	2026-10-03 11:35:58	kt1	D0	CONVERGED	7	2.019140	4.049880	0.0110	415			989a18637	
mp-3915	M	2026-04-05 08:07:35			NOTCONV	10	2.244	4.051					~/bin2	MAXITER_NOTCONV
mp-3915	R	2026-10-01 03:41:12	kt1	R2	CONVERGED	5	2.244048	4.623286	0.0110	415			989a18637	
mp-3915	N	2026-10-04 13:15:12	kr7	K1	CONVERGED	6	2.244048	4.622964	0.0060	650			b695fa65c	
mp-3924	M	2026-05-01 20:01:50			GOOD	9	1.584	2.797					~/bin2_dev	CONVERGED
mp-3924	N	2026-10-03 01:02:20	kt1	D1	CONVERGED	4	1.584150	2.744377	0.0960	431			989a18637	
mp-3980	M	2026-05-01 20:52:18			NOTCONV	10	5.111	10.206					~/bin2_dev	MAXITER_NOTCONV
mp-3980	R	2026-10-01 14:09:20	kt1	R3	CONVERGED	6	5.111021	10.161204	none	3203			989a18637	
mp-3980	N	2026-10-06 04:38:42	kt1	D1	CONVERGED	6	5.111021	10.161874	none	912			989a18637	
mp-3982	M	2026-05-01 21:17:15			NOTCONV	10	0.731	3.810					~/bin2_dev	MAXITER_NOTCONV
mp-3982	R	2026-10-01 14:24:07	kt1	R1	CONVERGED	6	0.730233	3.483811	0.0040	2616			989a18637	
mp-3982	N	2026-10-06 03:51:11	kt1	D2	CONVERGED	6	0.730233	3.483596	0.0030	1177			989a18637	
mp-4008	M	2026-05-01 21:57:32			GOOD	8	0.008	1.028					~/bin2_dev	CONVERGED
mp-4008	N	2026-10-03 09:34:37	kt1	D2	CONVERGED	5	0.007648	1.031961	0.0060	1234			989a18637	
mp-4009	M	2026-05-01 22:22:20			GOOD	10	0.227	1.450					~/bin2_dev	CONVERGED
mp-4009	N	2026-10-04 01:03:07	kt1	D2	CONVERGED	5	0.226290	1.424424	0.0130	1781			989a18637	
mp-4043	M	2026-05-01 22:07:06			GOOD	8	1.319	2.293					~/bin2_dev	CONVERGED
mp-4043	N	2026-10-05 10:26:52	kt1	D0	CONVERGED	4	1.319001	2.249095	0.0320	794			989a18637	
mp-406	M	2026-04-04 02:11:20			GOOD	8	0.404	1.664					~/bin2	CONVERGED
mp-406	N	2026-10-02 23:21:26	kr7	K1	CONVERGED	5	0.405135	1.673725	0.0210	177			b695fa65c	
mp-408	M	2026-04-04 08:26:45			GOOD	8	0.140	0.648					~/bin2	CONVERGED
mp-408	N	2026-10-03 04:33:25	kr7	K0	CONVERGED	4	0.140707	0.650422	0.0210	252			b695fa65c	
mp-4081	M	2026-05-01 22:17:17			GOOD	8	1.571	2.630					~/bin2_dev	CONVERGED
mp-4081	N	2026-10-05 15:48:45	kt1	D2	CONVERGED	5	1.571287	2.597393	0.0110	1101			989a18637	
mp-4124	M	2026-04-05 08:05:05			NOTCONV	10	3.259	5.686					~/bin2	MAXITER_NOTCONV
mp-4124	R	2026-10-01 03:42:28	kt1	R4	CONVERGED	5	3.255472	5.475552	0.0060	278			989a18637	
mp-4124	N	2026-10-03 05:49:22	kr7	K1	CONVERGED	5	3.255472	5.475793	0.0060	386			b695fa65c	
mp-4170	M	2026-04-10 11:55:32			GOOD	8	2.117	4.181					~/bin2	CONVERGED
mp-4170	N	2026-10-04 07:06:59	kr7	K1	CONVERGED	6	2.117159	4.224857	0.0190	391			b695fa65c	
mp-4175	M	2026-05-01 22:57:44			NOTCONV	10	0.657	1.579					~/bin2_dev	MAXITER_NOTCONV
mp-4175	R	2026-10-01 14:28:55	kt1	R2	CONVERGED	5	0.656902	1.577509	0.0040	2639			989a18637	
mp-4175	N	2026-10-06 03:57:38	kt1	D3	CONVERGED	5	0.656902	1.577638	0.0040	1387			989a18637	
mp-422	M	2026-04-04 02:08:43			GOOD	9	2.934	4.580					~/bin2	CONVERGED
mp-422	N	2026-10-02 23:31:25	kr7	K1	CONVERGED	5	2.934749	4.635931	0.0110	167			b695fa65c	
mp-4255	M	2026-04-10 12:45:33			GOOD	9	0.467	1.523					~/bin2	CONVERGED
mp-4255	N	2026-10-03 02:44:10	kt1	D2	CONVERGED	5	0.469910	1.518365	0.0180	434			989a18637	
mp-4266	M	2026-05-01 23:07:40			GOOD	9	5.176	10.324					~/bin2_dev	CONVERGED
mp-4266	N	2026-10-05 10:58:32	kt1	D1	CONVERGED	6	5.176392	10.590651	none	1186			989a18637	
mp-4280	M	2026-04-05 08:25:31			GOOD	10	1.008	2.083					~/bin2	CONVERGED
mp-4280	N	2026-10-03 01:20:11	kt1	D3	CONVERGED	6	1.009115	2.587652	0.0070	590			989a18637	
mp-4342	M	2026-04-10 13:06:03			GOOD	10	1.170	2.884					~/bin2	CONVERGED
mp-4342	N	2026-10-04 01:42:35	kr7	K0	CONVERGED	6	1.169756	2.873989	0.0070	670			b695fa65c	
mp-4359	M	2026-04-21 11:01:17			GOOD	10	0.062	2.610					~/bin2	CONVERGED
mp-4359	N	2026-10-03 00:33:27	kt1	D1	CONVERGED	6	0.062129	2.181426	0.0090	889			989a18637	
mp-4366	M	2026-04-10 13:37:53			GOOD	8	0.307	1.367					~/bin2	CONVERGED
mp-4366	N	2026-10-03 21:12:09	kr7	K0	CONVERGED	5	0.308309	1.357211	0.0180	520			b695fa65c	
mp-4405	M	2026-04-10 14:35:57			GOOD	8	0.070	1.847					~/bin2	CONVERGED
mp-4405	N	2026-10-04 08:33:25	kr7	K1	CONVERGED	6	0.069553	1.742489	0.0100	893			b695fa65c	
mp-441	M	2026-04-04 08:36:49			FAILED	5	1.661	3.623					~/bin2	AC_rst-rmt-mismatch@llmf_start(lmf)
mp-441	R	2026-09-30 02:52:10	kt1	W2	CONVERGED	6	1.660044	3.704224		1704			989a18637	
mp-441	N	2026-10-03 03:12:28	kr7	K0	CONVERGED	6	1.660044	3.704300	0.0170	555			b695fa65c	
mp-441	E1	2026-10-05 05:15:00	kr7e1	E1	CONVERGED	5	1.661137	3.605365	0.0320	503	1		b695fa65c	
mp-441	E	2026-10-06 19:24:25	kt1es	G0	CONVERGED	5	1.660489	3.615433	0.0170	378	1	es-c	0601771b4	
mp-4452	M	2026-04-24 16:24:37			GOOD	8	1.982	3.568					~/bin2	CONVERGED
mp-4452	N	2026-10-04 10:40:19	kt1	D1	CONVERGED	5	1.982755	3.559876	0.0090	1312			989a18637	
mp-4495	M	2026-04-21 11:13:57			GOOD	8	2.289	4.020					~/bin2	CONVERGED
mp-4495	N	2026-10-04 08:01:36	kt1	D0	CONVERGED	5	2.288100	4.023486	0.0050	892			989a18637	
mp-4524	M	2026-05-01 23:43:09			GOOD	8	1.117	1.963					~/bin2_dev	CONVERGED
mp-4524	N	2026-10-05 10:08:24	kt1	D1	CONVERGED	5	1.116935	1.951918	0.0090	1185			989a18637	
mp-4541	M	2026-04-05 08:39:56			GOOD	10	0.340	2.927					~/bin2	CONVERGED
mp-4541	N	2026-10-03 01:40:00	kt1	D1	CONVERGED	6	0.339863	2.836170	0.0090	458			989a18637	
mp-4551	M	2026-04-10 14:28:10			GOOD	8	3.563	6.141					~/bin2	CONVERGED
mp-4551	N	2026-10-04 11:26:54	kr7	K1	CONVERGED	6	3.562528	6.226816	0.0090	542			b695fa65c	
mp-4559	M	2026-04-10 15:28:26			FAILED	6	4.355						~/bin2	NOGAP_GAP_COLLAPSED(LDA gap 4.36 eV)
mp-4559	R	2026-09-30 03:28:06	kt1	W3	CONVERGED	6	4.354890	7.465043		510			989a18637	
mp-4559	N	2026-10-04 15:25:39	kr7	K0	CONVERGED	6	4.354890	7.465002	0.0060	632			b695fa65c	
mp-4573	M	2026-04-05 09:23:38			UNKNOWN	9	0.104						~/bin2	NOGAP_SMALL_GAP(LDA gap 0.10 eV; possibly semimetal)
mp-4573	R	2026-09-30 23:19:03	kt1	M2	CONVERGED	4	0.104106	0.294478	0.0100	553			989a18637	
mp-4573	N	2026-10-03 02:24:49	kt1	D3	CONVERGED	4	0.104106	0.294654	0.0080	439			989a18637	
mp-4586	M	2026-05-02 00:02:32			GOOD	8	2.306	3.485					~/bin2_dev	CONVERGED
mp-4586	N	2026-10-05 20:35:25	kt1	D2	CONVERGED	5	2.305585	3.440477	0.0030	1817			989a18637	
mp-4608	M	2026-05-01 23:42:30			GOOD	8	7.257	12.094					~/bin2_dev	CONVERGED
mp-4608	N	2026-10-03 01:12:01	kt1	D1	CONVERGED	6	7.257860	12.546737	none	581			989a18637	
mp-463	M	2026-04-04 02:12:39			GOOD	7	6.110	10.516					~/bin2	CONVERGED
mp-463	N	2026-10-02 23:28:25	kr7	K0	CONVERGED	6	6.111451	10.494949	none	165			b695fa65c	
mp-4636	M	2026-04-05 09:02:25			GOOD	10	2.262	4.115					~/bin2	CONVERGED
mp-4636	R	2026-10-01 00:46:50	kt1	R2	CONVERGED	6	2.260494	4.015221	0.0190	287			989a18637	
mp-4636	N	2026-10-03 02:23:02	kt1	D0	CONVERGED	6	2.260494	4.014484	0.0190	289			989a18637	
mp-4666	M	2026-05-01 23:57:46			GOOD	8	1.266	1.982					~/bin2_dev	CONVERGED
mp-4666	N	2026-10-04 12:24:51	kt1	D2	CONVERGED	4	1.266084	1.990887	0.0120	934			989a18637	
mp-468	M	2026-05-02 00:08:07			FAILED	8	7.890						~/bin2_dev	NOGAP_GAP_COLLAPSED(LDA gap 7.89 eV, previous QSGW iteration 12.87 eV)
mp-468	R	2026-09-30 07:45:00	kt1	W3	CONVERGED	6	7.890584	13.197701		814			989a18637	
mp-468	N	2026-10-05 22:51:41	kt1	D2	CONVERGED	6	7.890584	13.196586	none	453			989a18637	
mp-47	M	2026-04-05 09:12:50			GOOD	8	3.580	5.240					~/bin2	CONVERGED
mp-47	N	2026-10-03 10:32:48	kr7	K1	CONVERGED	5	3.577422	5.234904	0.0020	131			b695fa65c	
mp-470	M	2026-04-21 11:15:15			GOOD	8	1.571	4.246					~/bin2	CONVERGED
mp-470	N	2026-10-03 22:29:22	kt1	D0	CONVERGED	6	1.571888	4.205949	0.0030	531			989a18637	
mp-471	M	2026-04-21 11:42:46			GOOD	8	0.102	0.768					~/bin2	CONVERGED
mp-471	N	2026-10-04 19:15:27	kt1	D3	CONVERGED	5	0.103160	0.770867	0.0050	821			989a18637	
mp-4730	M	2026-04-24 16:44:48			GOOD	8	0.801	1.965					~/bin2	CONVERGED
mp-4730	N	2026-10-03 20:34:12	kt1	D3	CONVERGED	5	0.802017	1.952261	0.0080	1560			989a18637	
mp-4763	M	2026-05-02 00:48:04			GOOD	9	1.199	1.981					~/bin2_dev	CONVERGED
mp-4763	N	2026-10-05 11:53:50	kt1	D2	CONVERGED	4	1.198203	1.984079	0.0160	816			989a18637	
mp-4782	M	2026-05-02 01:37:58			NOTCONV	10	5.495	9.930					~/bin2_dev	MAXITER_NOTCONV
mp-4782	R	2026-10-01 14:34:15	kt1	R4	CONVERGED	6	5.496651	10.613974	none	2449			989a18637	
mp-4782	N	2026-10-06 03:08:40	kt1	D2	CONVERGED	6	5.496651	10.613399	none	734			989a18637	
mp-4782	E	2026-10-07 08:23:33	kt1es	G2	CONVERGED	6	5.496933	10.558470	2.1620	1723	2	es-c	0601771b4	
mp-4809	M	2026-04-24 17:14:17			GOOD	8	1.444	2.831					~/bin2	CONVERGED
mp-4809	N	2026-10-04 13:40:48	kt1	D1	CONVERGED	5	1.444720	2.791606	0.0080	1470			989a18637	
mp-4823	M	2026-04-10 15:28:47			GOOD	8	0.848	2.115					~/bin2	CONVERGED
mp-4823	N	2026-10-03 23:11:10	kr7	K1	CONVERGED	5	0.849693	2.117787	0.0190	461			b695fa65c	
mp-4824	M	2026-04-21 11:41:51			GOOD	8	0.717	1.974					~/bin2	CONVERGED
mp-4824	N	2026-10-05 10:18:11	kt1	D1	CONVERGED	5	0.717495	1.965482	0.0040	587			989a18637	
mp-4840	M	2026-05-02 01:48:51			GOOD	9	0.077	1.231					~/bin2_dev	CONVERGED
mp-4840	N	2026-10-04 20:53:41	kt1	D3	CONVERGED	5	0.076105	1.217267	0.0140	2160			989a18637	
mp-486	M	2026-04-21 12:09:17			GOOD	8	0.336	0.494					~/bin2	CONVERGED
mp-486	N	2026-10-03 00:42:30	kt1	D2	CONVERGED	4	0.336357	0.498897	0.0290	736			989a18637	
mp-4899	M	2026-05-02 02:53:17			GOOD	8	0.135	1.238					~/bin2_dev	CONVERGED
mp-4899	N	2026-10-03 16:20:52	kt1	D0	CONVERGED	5	0.134682	1.222448	0.0060	1955			989a18637	
mp-4950	M	2026-04-10 16:14:19			NOTCONV	10	5.873	14.031					~/bin2	MAXITER_NOTCONV
mp-4950	R	2026-10-01 05:04:28	kt1	R5	CONVERGED	6	5.874176	10.414511	none	522			989a18637	
mp-4950	N	2026-10-04 15:33:11	kr7	K0	CONVERGED	6	5.874176	10.414988	none	452			b695fa65c	
mp-4953	M	2026-05-02 02:27:59			GOOD	8	0.132	0.380					~/bin2_dev	CONVERGED
mp-4953	N	2026-10-03 19:39:00	kt1	D3	CONVERGED	5	0.131875	0.380231	0.0100	1548			989a18637	
mp-4961	M	2026-04-10 16:32:25			NOTCONV	10	1.650	4.957					~/bin2	MAXITER_NOTCONV
mp-4961	R	2026-10-01 05:13:52	kt1	R4	CONVERGED	6	1.650900	3.794084	0.0050	1055			989a18637	
mp-4961	N	2026-10-04 16:44:28	kr7	K0	CONVERGED	6	1.650900	3.793995	0.0060	1145			b695fa65c	
mp-4964	M	2026-04-04 08:36:06			GOOD	8	0.062	0.617					~/bin2	CONVERGED
mp-4964	N	2026-10-03 03:44:51	kr7	K0	CONVERGED	4	0.062274	0.614438	0.0270	301			b695fa65c	
mp-4979	M	2026-05-02 02:03:30			GOOD	8	1.767	3.090					~/bin2_dev	CONVERGED
mp-4979	N	2026-10-03 17:22:35	kt1	D3	CONVERGED	5	1.768182	3.091176	0.0170	870			989a18637	
mp-5020	M	2026-04-10 17:16:23			GOOD	8	2.258	4.204					~/bin2	CONVERGED
mp-5020	N	2026-10-04 04:08:10	kr7	K0	CONVERGED	6	2.257376	4.240397	0.0250	828			b695fa65c	
mp-5038	M	2026-05-02 04:28:40			GOOD	8	2.882	4.977					~/bin2_dev	CONVERGED
mp-5038	N	2026-10-05 02:18:45	kt1	D3	CONVERGED	5	2.881157	5.019613	0.0090	2771			989a18637	
mp-5038	E	2026-10-06 22:03:26	kt1es	G2	CONVERGED	5	2.881197	4.963730	0.0090	3805	2	es-c	0601771b4	
mp-504535	M	2026-05-02 04:03:14			GOOD	8	1.880	3.888					~/bin2_dev	CONVERGED
mp-504535	N	2026-10-04 16:08:39	kt1	D0	CONVERGED	6	1.879190	3.867281	0.0010	933			989a18637	
mp-5046	M	2026-04-21 11:56:50			GOOD	9	7.007	10.600					~/bin2	CONVERGED
mp-5046	N	2026-10-04 19:31:05	kt1	D2	CONVERGED	5	7.007387	10.626507	none	551			989a18637	
mp-5048	M	2026-05-02 04:44:18			GOOD	8	1.569	2.810					~/bin2_dev	CONVERGED
mp-5048	N	2026-10-04 13:43:57	kt1	D2	CONVERGED	5	1.568499	2.768496	0.0050	1588			989a18637	
mp-505297	M	2026-04-04 08:44:01			FAILED	5	0.310	0.672					~/bin2	AC_rst-rmt-mismatch@llmf_start(lmf)
mp-505297	R	2026-09-30 02:50:30	kt1	W3	CONVERGED	4	0.310956	0.675472		1512			989a18637	
mp-505297	N	2026-10-03 02:58:29	kr7	K0	CONVERGED	4	0.310956	0.675744	0.0080	180			b695fa65c	
mp-505366	M	2026-05-02 05:09:11			GOOD	9	1.457	3.096					~/bin2_dev	CONVERGED
mp-505366	N	2026-10-03 08:09:42	kt1	D1	CONVERGED	5	1.457539	3.124037	0.0180	1781			989a18637	
mp-505824	M	2026-04-10 17:53:05			GOOD	8	1.703	3.120					~/bin2	CONVERGED
mp-505824	N	2026-10-04 11:35:14	kr7	K0	CONVERGED	5	1.703134	3.161414	0.0140	734			b695fa65c	
mp-505825	M	2026-04-10 18:37:54			GOOD	8	1.196	2.434					~/bin2	CONVERGED
mp-505825	N	2026-10-03 23:04:40	kr7	K0	CONVERGED	5	1.194841	2.462894	0.0120	1044			b695fa65c	
mp-5072	M	2026-04-10 19:30:37			NOTCONV	10	1.971	3.980					~/bin2	MAXITER_NOTCONV
mp-5072	R	2026-10-01 05:13:20	kt1	R3	CONVERGED	5	1.970998	4.462417	0.0110	987			989a18637	
mp-5072	N	2026-10-04 16:25:41	kr7	K1	CONVERGED	5	1.970998	4.462540	0.0100	1107			b695fa65c	
mp-5077	M	2026-04-05 09:28:57			GOOD	8	0.624	1.424					~/bin2	CONVERGED
mp-5077	N	2026-10-03 12:46:20	kr7	K0	CONVERGED	5	0.623430	1.536731	0.0040	312			b695fa65c	
mp-510273	M	2026-05-02 05:28:37			NOTCONV	10	2.347	4.372					~/bin2_dev	MAXITER_NOTCONV
mp-510273	R	2026-10-01 14:58:34	kt1	R5	CONVERGED	5	2.346599	4.311969	0.0140	3086			989a18637	
mp-510273	N	2026-10-06 04:54:57	kt1	D3	CONVERGED	5	2.346599	4.312238	0.0140	1986			989a18637	
mp-510421	M	2026-05-02 05:08:37			NOTCONV	10	1.907	4.011					~/bin2_dev	MAXITER_NOTCONV
mp-510421	R	2026-10-01 14:52:39	kt1	R3	CONVERGED	6	1.907167	4.237647	0.0070	2599			989a18637	
mp-510421	N	2026-10-06 03:34:31	kt1	D3	CONVERGED	6	1.907167	4.237735	0.0070	1489			989a18637	
mp-510557	M	2026-05-02 05:58:15			FAILED	5	4.080						~/bin2_dev	PROD_NaN_lqpe
mp-510557	R	2026-09-30 07:50:41	kt1	W1	CONVERGED	5	4.079606	6.648357		881			989a18637	
mp-510557	N	2026-10-05 23:10:23	kt1	D0	CONVERGED	5	4.079606	6.648689	0.0040	599			989a18637	
mp-510657	M	2026-05-02 06:19:13			GOOD	8	0.219	0.717					~/bin2_dev	CONVERGED
mp-510657	N	2026-10-05 16:03:02	kt1	D2	CONVERGED	4	0.219477	0.621512	0.2610	857			989a18637	
mp-510753	M	2026-04-04 08:42:28			GOOD	8	0.852	2.416					~/bin2	CONVERGED
mp-510753	N	2026-10-03 01:19:57	kr7	K0	CONVERGED	10	0.852285	2.350566	0.0680	370			b695fa65c	
mp-5175	M	2026-04-05 09:42:08			NOTCONV	10	2.010	5.066					~/bin2	MAXITER_NOTCONV
mp-5175	R	2026-10-01 03:46:11	kt1	R3	CONVERGED	6	2.011135	4.110343	0.0020	354			989a18637	
mp-5175	N	2026-10-03 06:41:10	kr7	K1	CONVERGED	6	2.011135	4.110692	0.0020	338			b695fa65c	
mp-5213	M	2026-05-02 07:20:09			GOOD	8	0.173	1.003					~/bin2_dev	CONVERGED
mp-5213	N	2026-10-03 18:47:32	kt1	D3	CONVERGED	5	0.172855	1.006359	0.0080	1308			989a18637	
mp-5229	M	2026-04-10 19:18:19			GOOD	8	1.720	3.597					~/bin2	CONVERGED
mp-5229	N	2026-10-04 08:09:42	kr7	K1	CONVERGED	7	1.719484	3.628624	0.1250	438			b695fa65c	
mp-5238	M	2026-05-02 07:14:07			GOOD	8	0.784	1.932					~/bin2_dev	CONVERGED
mp-5238	N	2026-10-05 14:14:45	kt1	D2	CONVERGED	5	0.784120	1.954909	0.0130	1806			989a18637	
mp-5246	M	2026-04-10 20:37:45			GOOD	8	1.615	3.460					~/bin2	CONVERGED
mp-5246	N	2026-10-04 08:40:00	kr7	K0	CONVERGED	6	1.614394	3.409775	0.0120	798			b695fa65c	
mp-5256	M	2026-05-02 07:34:38			GOOD	9	1.942	3.999					~/bin2_dev	CONVERGED
mp-5256	N	2026-10-04 12:09:17	kt1	D2	CONVERGED	6	1.944196	4.028524	0.0040	1279			989a18637	
mp-5339	M	2026-04-21 13:00:21			GOOD	8	1.789	3.574					~/bin2	CONVERGED
mp-5339	N	2026-10-05 11:06:57	kt1	D3	CONVERGED	5	1.787414	3.593171	0.0140	1273			989a18637	
mp-5342	M	2026-05-02 07:54:08			GOOD	10	0.882	2.371					~/bin2_dev	CONVERGED
mp-5342	N	2026-10-05 03:57:55	kt1	D1	CONVERGED	5	0.882380	2.333169	0.0110	1210			989a18637	
mp-5347	M	2026-04-21 12:25:19			GOOD	9	6.783	11.813					~/bin2	CONVERGED
mp-5347	N	2026-10-05 09:01:07	kt1	D3	CONVERGED	6	6.782534	11.696454	none	803			989a18637	
mp-5350	M	2026-04-24 17:32:09			GOOD	8	2.158	3.824					~/bin2	CONVERGED
mp-5350	N	2026-10-03 11:15:45	kt1	D0	CONVERGED	5	2.157773	3.807342	0.0090	1390			989a18637	
mp-5380	M	2026-04-24 17:46:33			GOOD	8	1.143	2.504					~/bin2	CONVERGED
mp-5380	N	2026-10-03 12:20:57	kt1	D3	CONVERGED	5	1.142112	2.575793	0.0260	1879			989a18637	
mp-540584	M	2026-04-10 20:41:25			GOOD	10	1.303	3.782					~/bin2	CONVERGED
mp-540584	N	2026-10-04 09:52:48	kr7	K1	CONVERGED	6	1.303400	3.900299	0.0040	870			b695fa65c	
mp-540789	M	2026-04-21 13:51:34			GOOD	8	2.242	3.568					~/bin2	CONVERGED
mp-540789	N	2026-10-04 17:31:45	kt1	D1	CONVERGED	5	2.243051	3.641813	0.0050	3340			989a18637	
mp-540789	E	2026-10-06 04:16:45	kr7es	F0	CONVERGED	5	2.242867	3.639340	0.0050	8333	2	es-a	614ab5eb8	
mp-541037	M	2026-04-21 13:44:27			GOOD	8	1.058	2.861					~/bin2	CONVERGED
mp-541037	N	2026-10-03 16:47:24	kt1	D3	CONVERGED	6	1.058137	2.878930	0.0030	1685			989a18637	
mp-541226	M	2026-05-02 08:33:37			NOTCONV	10	4.040	8.199					~/bin2_dev	MAXITER_NOTCONV
mp-541226	R	2026-10-01 14:59:50	kt1	R1	CONVERGED	6	4.040081	7.192772	0.0020	2143			989a18637	
mp-541226	N	2026-10-06 02:40:04	kt1	D1	CONVERGED	6	4.040081	7.199067	0.0010	744			989a18637	
mp-5414	M	2026-05-02 09:59:53			GOOD	9	0.799	1.807					~/bin2_dev	CONVERGED
mp-5414	N	2026-10-05 21:23:21	kt1	D3	CONVERGED	5	0.798659	1.792195	0.0070	1738			989a18637	
mp-541837	M	2026-04-10 23:12:30			GOOD	8	0.318	0.715					~/bin2	CONVERGED
mp-541837	N	2026-10-03 02:52:15	kt1	D1	CONVERGED	4	0.323260	0.800341	0.0110	863			989a18637	
mp-541911	M	2026-04-21 14:18:32			GOOD	8	2.206	3.956					~/bin2	CONVERGED
mp-541911	N	2026-10-03 19:10:17	kt1	D1	CONVERGED	5	2.204956	3.999876	0.0080	1106			989a18637	
mp-541912	M	2026-04-21 14:21:37			GOOD	10	1.551	2.909					~/bin2	CONVERGED
mp-541912	N	2026-10-05 08:19:41	kt1	D1	CONVERGED	5	1.549502	2.944781	0.0130	1869			989a18637	
mp-541937	M	2026-04-24 18:51:35			GOOD	8	0.036	1.147					~/bin2	CONVERGED
mp-541937	N	2026-10-03 19:47:34	kt1	D2	CONVERGED	5	0.035496	1.159584	0.0140	3333			989a18637	
mp-541989	M	2026-04-10 22:02:46			NOTCONV	10	2.921	5.451					~/bin2	MAXITER_NOTCONV
mp-541989	R	2026-10-01 05:17:05	kt1	R5	CONVERGED	5	2.918104	5.571464	0.0050	757			989a18637	
mp-541989	N	2026-10-04 15:58:41	kr7	K0	CONVERGED	5	2.918104	5.571278	0.0050	557			b695fa65c	
mp-542112	M	2026-04-10 22:46:55			GOOD	9	3.042	5.436					~/bin2	CONVERGED
mp-542112	N	2026-10-04 07:40:37	kr7	K1	CONVERGED	6	3.041513	5.385741	0.0010	561			b695fa65c	
mp-5425	M	2026-05-02 10:09:54			GOOD	9	1.951	4.014					~/bin2_dev	CONVERGED
mp-5425	N	2026-10-05 15:14:24	kt1	D1	CONVERGED	6	1.950520	4.059614	0.0050	1943			989a18637	
mp-542772	M	2026-05-02 11:36:31			NOTCONV	10	2.095	4.552					~/bin2_dev	MAXITER_NOTCONV
mp-542772	R	2026-10-01 15:51:46	kt1	R2	CONVERGED	6	2.093722	4.734911	0.0060	4971			989a18637	
mp-542772	N	2026-10-06 07:50:50	kt1	D2	CONVERGED	6	2.093722	4.734836	0.0060	3421			989a18637	
mp-542791	M	2026-04-21 14:42:37			GOOD	9	1.820	3.251					~/bin2	CONVERGED
mp-542791	N	2026-10-04 23:11:37	kt1	D0	CONVERGED	5	1.819945	3.348308	0.0130	1699			989a18637	
mp-545359	M	2026-04-21 14:45:49			GOOD	8	1.382	3.764					~/bin2	CONVERGED
mp-545359	N	2026-10-04 03:41:46	kt1	D0	CONVERGED	6	1.381991	4.064012	0.0040	1284			989a18637	
mp-545552	M	2026-04-05 10:21:24			GOOD	8	1.392	2.375					~/bin2	CONVERGED
mp-545552	N	2026-10-03 16:48:16	kr7	K1	CONVERGED	5	1.391829	2.399589	0.0110	972			b695fa65c	
mp-545730	M	2026-05-02 07:39:39			FAILED	0	1.135						~/bin2_dev	PROD_bmix_min
mp-545730	R	2026-09-30 08:13:00	kt1	W3	CONVERGED	6	1.134596	3.436113		1680			989a18637	
mp-545730	N	2026-10-06 01:06:44	kt1	D3	CONVERGED	6	1.134596	3.436196	0.0030	1076			989a18637	
mp-545756	M	2026-04-21 14:54:54			GOOD	10	4.571	8.766					~/bin2	CONVERGED
mp-545756	N	2026-10-03 01:44:33	kt1	D0	CONVERGED	6	4.572860	8.535089	0.0020	309			989a18637	
mp-545756	E	2026-10-06 02:07:13	kr7es	F1	FAIL(1)	0	none	none	none	19	1	es-a	614ab5eb8	
mp-545756	E	2026-10-06 14:02:41	kt1es	G3	CONVERGED	6	4.573012	8.581616	0.0010	666	1	es-c	0601771b4	
mp-545788	M	2026-04-24 18:27:56			GOOD	9	0.445	1.571					~/bin2	CONVERGED
mp-545788	N	2026-10-04 02:04:41	kt1	D3	CONVERGED	5	0.445173	1.623172	0.0280	942			989a18637	
mp-546011	M	2026-04-30 23:44:13			GOOD	8	1.107	1.962					~/bin2_dev	CONVERGED
mp-546011	N	2026-10-05 09:14:34	kt1	D3	CONVERGED	4	1.106127	1.956968	0.0340	807			989a18637	
mp-546118	M	2026-04-21 14:55:47			NOTCONV	10	4.271	7.722					~/bin2	MAXITER_NOTCONV
mp-546118	R	2026-10-01 06:33:03	kt1	R1	CONVERGED	5	4.265400	7.898071	0.0020	668			989a18637	
mp-546118	N	2026-10-05 22:07:03	kt1	D2	CONVERGED	5	4.265400	7.898248	0.0020	292			989a18637	
mp-546118	E	2026-10-06 02:15:43	kr7es	F1	CONVERGED	5	4.265770	7.900169	0.0040	510	1	es-a	614ab5eb8	
mp-546279	M	2026-04-21 15:34:26			GOOD	9	3.097	6.344					~/bin2	CONVERGED
mp-546279	N	2026-10-03 03:36:55	kt1	D1	CONVERGED	6	3.097249	6.419047	0.0070	1104			989a18637	
mp-546500	M	2026-04-05 10:04:37			NOTCONV	10	4.205	8.355					~/bin2	MAXITER_NOTCONV
mp-546500	R	2026-10-01 03:46:04	kt1	R2	CONVERGED	5	4.202975	7.667180	0.0030	292			989a18637	
mp-546500	N	2026-10-03 05:55:45	kr7	K1	CONVERGED	5	4.202975	7.665817	0.0030	383			b695fa65c	
mp-546633	M	2026-04-21 15:05:54			GOOD	8	5.218	8.928					~/bin2	CONVERGED
mp-546633	N	2026-10-05 05:37:07	kt1	D1	CONVERGED	5	5.216768	8.768658	0.0030	717			989a18637	
mp-546633	E	2026-10-06 02:29:03	kr7es	F1	CONVERGED	5	5.217860	8.726376	0.0040	800	1	es-a	614ab5eb8	
mp-546711	M	2026-04-21 15:18:09			GOOD	8	5.413	0.263					~/bin2	CONVERGED
mp-546711	R	2026-09-30 21:55:43	kt1	W1	CONVERGED	5	5.412798	8.953423		1326			989a18637	
mp-546711	N	2026-10-03 03:30:23	kt1	D0	CONVERGED	5	5.412798	8.953584	0.0030	414			989a18637	
mp-546711	E	2026-10-06 02:38:53	kr7es	F1	CONVERGED	5	5.415960	8.871961	0.0030	590	1	es-a	614ab5eb8	
mp-546787	M	2026-04-05 11:02:20			NOTCONV	10	2.352	6.686					~/bin2	MAXITER_NOTCONV
mp-546787	R	2026-10-01 03:53:36	kt1	R4	CONVERGED	6	2.353343	7.054692	0.0140	668			989a18637	
mp-546787	N	2026-10-04 14:38:39	kr7	K1	CONVERGED	6	2.353343	7.054572	0.0140	777			b695fa65c	
mp-546794	M	2026-04-21 15:31:47			NOTCONV	10	5.695	9.436					~/bin2	MAXITER_NOTCONV
mp-546794	R	2026-10-01 06:44:31	kt1	R3	CONVERGED	5	5.695930	9.435870	0.0050	888			989a18637	
mp-546794	N	2026-10-05 23:08:57	kt1	D3	CONVERGED	5	5.695930	9.435711	0.0060	420			989a18637	
mp-546794	E	2026-10-06 02:55:33	kr7es	F1	CONVERGED	5	5.694674	9.244126	0.0040	1000	2	es-a	614ab5eb8	
mp-546862	M	2026-04-24 19:34:48			FAILED	6	2.228						~/bin2	NOGAP_GAP_COLLAPSED(LDA gap 2.23 eV)
mp-546862	R	2026-09-30 05:22:32	kt1	W4	CONVERGED	5	2.227586	3.636553		2214			989a18637	
mp-546862	N	2026-10-06 02:56:26	kt1	D2	CONVERGED	5	2.227586	3.636832	0.0110	1392			989a18637	
mp-546864	M	2026-04-24 19:09:37			GOOD	10	3.695	5.727					~/bin2	CONVERGED
mp-546864	N	2026-10-03 08:53:16	kt1	D2	CONVERGED	5	3.693052	5.574824	0.0050	444			989a18637	
mp-546864	E	2026-10-07 09:27:22	kt1es	G2	CONVERGED	5	3.697105	5.354765	0.0070	869	2	es-c	0601771b4	
mp-546973	M	2026-04-10 23:29:50			GOOD	9	0.708	3.091					~/bin2	CONVERGED
mp-546973	N	2026-10-04 03:49:54	kr7	K1	CONVERGED	5	0.709699	3.070589	0.0100	356			b695fa65c	
mp-5475	M	2026-04-05 10:45:29			GOOD	8	1.251	2.299					~/bin2	CONVERGED
mp-5475	N	2026-10-03 19:14:40	kr7	K1	CONVERGED	5	1.254715	2.457886	0.0080	436			b695fa65c	
mp-5479	M	2026-04-21 15:48:01			NOTCONV	10	6.890	12.073					~/bin2	MAXITER_NOTCONV
mp-5479	R	2026-10-01 06:45:09	kt1	R4	CONVERGED	6	6.889897	11.667692	none	753			989a18637	
mp-5479	N	2026-10-05 22:31:38	kt1	D2	CONVERGED	6	6.889897	11.667582	none	495			989a18637	
mp-548469	M	2026-05-02 10:50:18			GOOD	10	2.044	4.053					~/bin2_dev	CONVERGED
mp-548469	N	2026-10-03 12:17:09	kt1	D0	CONVERGED	5	2.044392	3.944299	0.0040	1616			989a18637	
mp-5488	M	2026-05-02 10:39:24			GOOD	10	1.954	3.855					~/bin2_dev	CONVERGED
mp-5488	N	2026-10-05 10:13:38	kt1	D0	CONVERGED	5	1.954138	3.755409	0.0090	826			989a18637	
mp-549308	M	2026-04-24 19:32:36			NOTCONV	10	2.584	5.664					~/bin2	MAXITER_NOTCONV
mp-549308	R	2026-10-01 08:53:06	kt1	R5	CONVERGED	6	2.586501	5.747476	0.0010	920			989a18637	
mp-549308	N	2026-10-05 23:20:21	kt1	D0	CONVERGED	6	2.586501	5.747646	0.0020	598			989a18637	
mp-549590	M	2026-05-02 11:59:07			GOOD	9	2.149	6.040					~/bin2_dev	CONVERGED
mp-549590	N	2026-10-03 13:27:25	kt1	D3	CONVERGED	6	2.148736	6.119552	0.0020	1521			989a18637	
mp-549706	M	2026-04-05 11:03:38			NOTCONV	10	3.400	6.580					~/bin2	MAXITER_NOTCONV
mp-549706	R	2026-10-01 03:49:19	kt1	R1	CONVERGED	6	3.401128	6.544901	0.0030	336			989a18637	
mp-549706	N	2026-10-03 06:07:41	kr7	K1	CONVERGED	6	3.401128	6.544556	0.0030	316			b695fa65c	
mp-549720	M	2026-05-02 15:26:15			GOOD	9	0.597	1.691					~/bin2_dev	CONVERGED
mp-549720	N	2026-10-03 18:06:28	kt1	D0	CONVERGED	5	0.596991	1.738357	0.0170	3603			989a18637	
mp-550070	M	2026-05-02 15:36:04			GOOD	9	0.700	2.379					~/bin2_dev	CONVERGED
mp-550070	N	2026-10-05 06:47:12	kt1	D1	CONVERGED	5	0.700474	2.117042	0.0150	3042			989a18637	
mp-550172	M	2026-04-21 15:59:28			GOOD	10	0.637	2.785					~/bin2	CONVERGED
mp-550172	N	2026-10-05 12:49:14	kt1	D1	CONVERGED	5	0.638369	2.717115	0.0150	600			989a18637	
mp-550506	M	2026-04-11 00:13:27			NOTCONV	10	5.055	9.259					~/bin2	MAXITER_NOTCONV
mp-550506	R	2026-10-01 05:17:36	kt1	R1	CONVERGED	6	5.054930	8.762410	0.0020	707			989a18637	
mp-550506	N	2026-10-04 15:49:24	kr7	K0	CONVERGED	6	5.054930	8.762418	0.0030	648			b695fa65c	
mp-550714	M	2026-05-02 16:00:19			GOOD	10	2.184	3.372					~/bin2_dev	CONVERGED
mp-550714	N	2026-10-05 18:36:20	kt1	D2	CONVERGED	5	2.184349	3.432811	0.0090	2591			989a18637	
mp-550751	M	2026-04-24 20:18:46			GOOD	10	4.262	7.050					~/bin2	CONVERGED
mp-550751	N	2026-10-04 08:19:08	kt1	D1	CONVERGED	6	4.264445	7.053938	0.0070	1154			989a18637	
mp-550751	E	2026-10-07 09:37:53	kt1es	G0	CONVERGED	6	4.264408	6.925235	0.0020	1081	1	es-c	0601771b4	
mp-550759	M	2026-04-21 15:58:50			GOOD	8	5.325	8.967					~/bin2	CONVERGED
mp-550759	N	2026-10-04 04:19:57	kt1	D0	CONVERGED	5	5.323082	8.896732	0.0040	514			989a18637	
mp-550759	E	2026-10-06 03:04:29	kr7es	F1	CONVERGED	5	5.324683	8.812072	0.0040	536	1	es-a	614ab5eb8	
mp-550893	M	2026-04-04 08:47:29			GOOD	8	3.563	5.679					~/bin2	CONVERGED
mp-550893	N	2026-10-03 04:29:28	kr7	K1	CONVERGED	6	3.563037	5.748269	0.0050	206			b695fa65c	
mp-5513	M	2026-05-02 15:05:49			GOOD	10	1.895	2.946					~/bin2_dev	CONVERGED
mp-5513	N	2026-10-05 10:38:46	kt1	D1	CONVERGED	5	1.895560	2.869543	0.0140	1235			989a18637	
mp-551456	M	2026-04-21 16:52:12			FAILED	5	2.254						~/bin2	AC_NaN-in-Sigma(lcombined/lqpe)
mp-551456	R	2026-09-30 04:32:00	kt1	W4	CONVERGED	6	2.255917	4.464731		1759			989a18637	
mp-551456	N	2026-10-04 22:18:54	kr7	K1	CONVERGED	6	2.255917	4.465532	0.0020	2754			b695fa65c	
mp-551456	E	2026-10-06 03:16:20	kr7es	F1	FAIL(1)	0	2.256708	none	none	711	2	es-a	614ab5eb8	
mp-551456	E	2026-10-06 13:55:24	kt1es	G2	CONVERGED	6	2.256775	4.372324	0.0020	3525	2	es-b	0601771b4	
mp-551470	M	2026-04-21 16:51:15			GOOD	8	0.629	1.135					~/bin2	CONVERGED
mp-551470	N	2026-10-03 17:55:15	kt1	D1	CONVERGED	5	0.629365	1.134473	0.0070	1434			989a18637	
mp-551629	M	2026-04-24 19:50:56			GOOD	8	4.257	6.911					~/bin2	CONVERGED
mp-551629	N	2026-10-03 22:16:12	kt1	D3	CONVERGED	5	4.255904	7.099083	0.0100	866			989a18637	
mp-551629	E	2026-10-07 09:38:34	kt1es	G2	CONVERGED	5	4.255522	7.002241	0.0130	672	1	es-c	0601771b4	
mp-551758	M	2026-05-04 23:30:53			FAILED	0	2.026						~/bin2	PROD_bmix_min
mp-551758	R	2026-09-30 04:10:00	kt1	W2	CONVERGED	6	2.023994	5.576670		384			989a18637	
mp-551758	N	2026-10-05 21:28:49	kt1	D3	CONVERGED	6	2.023994	5.577032	0.0020	328			989a18637	
mp-551758	E	2026-10-06 03:31:22	kr7es	F1	CONVERGED	6	2.024440	5.575801	0.0030	902	1	es-a	614ab5eb8	
mp-551798	M	2026-05-05 00:37:52			FAILED	2							~/bin2	PROD_NaN_lqpe
mp-551798	R	2026-09-30 04:20:02	kt1	W3	CONVERGED	7	0.002741	1.339309		900			989a18637	
mp-551798	N	2026-10-05 23:17:45	kt1	D1	CONVERGED	7	0.002741	1.338539	0.0120	550			989a18637	
mp-551798	E	2026-10-06 03:54:44	kr7es	F1	CONVERGED	7	0.002382	1.343841	0.0050	1402	1	es-a	614ab5eb8	
mp-5518	M	2026-05-02 15:37:23			GOOD	9	0.162	1.554					~/bin2_dev	CONVERGED
mp-5518	N	2026-10-03 06:05:24	kt1	D3	CONVERGED	5	0.162149	1.500893	0.0090	1429			989a18637	
mp-551816	M	2026-05-02 15:59:32			FAILED	6	1.250						~/bin2_dev	NOGAP_GAP_COLLAPSED(LDA gap 1.25 eV)
mp-551816	R	2026-09-30 08:19:00	kt1	W1	CONVERGED	5	1.248617	2.460687		1699			989a18637	
mp-551816	N	2026-10-06 01:09:20	kt1	D0	CONVERGED	5	1.248617	2.460834	0.0060	999			989a18637	
mp-551826	M	2026-04-24 22:18:32			FAILED	6	1.108						~/bin2	NOGAP_GAP_COLLAPSED(LDA gap 1.11 eV)
mp-551826	R	2026-09-30 06:06:51	kt1	W2	CONVERGED	6	1.109565	2.666349		4837			989a18637	
mp-551826	N	2026-10-06 07:51:46	kt1	D1	CONVERGED	6	1.109565	2.666397	0.0100	3761			989a18637	
mp-551873	M	2026-04-24 21:06:10			GOOD	8	0.780	1.931					~/bin2	CONVERGED
mp-551873	N	2026-10-03 14:26:27	kt1	D3	CONVERGED	5	0.779969	1.948775	0.0090	2208			989a18637	
mp-551905	M	2026-04-11 01:31:27			NOTCONV	10	3.169	8.947					~/bin2	MAXITER_NOTCONV
mp-551905	R	2026-10-01 05:35:04	kt1	R3	CONVERGED	6	3.168967	6.327797	0.0040	1304			989a18637	
mp-551905	N	2026-10-04 17:14:35	kr7	K1	CONVERGED	6	3.168967	6.327945	0.0040	981			b695fa65c	
mp-551905	E	2026-10-06 16:54:33	kt1es	G1	CONVERGED	6	3.167403	6.253642	0.0030	726	3	es-c	0601771b4	
mp-552098	M	2026-04-11 02:07:45			FAILED	6	0.377						~/bin2	NOGAP_GAP_COLLAPSED(LDA gap 0.38 eV)
mp-552098	R	2026-09-30 03:32:11	kt1	W4	CONVERGED	4	0.376638	0.965917		423			989a18637	
mp-552098	N	2026-10-04 14:57:55	kr7	K0	CONVERGED	4	0.376638	0.965969	0.0260	569			b695fa65c	
mp-552120	M	2026-04-21 17:22:03			GOOD	9	4.256	6.501					~/bin2	CONVERGED
mp-552120	N	2026-10-03 03:50:20	kt1	D2	CONVERGED	5	4.255466	6.820471	0.0100	1330			989a18637	
mp-552131	M	2026-05-02 18:36:47			GOOD	10	2.122	5.559					~/bin2_dev	CONVERGED
mp-552131	N	2026-10-05 08:33:37	kt1	D3	CONVERGED	6	2.122437	5.915205	0.0010	1780			989a18637	
mp-552169	M	2026-05-02 18:51:16			FAILED	4	0.651						~/bin2_dev	PROD_NaN_lqpe
mp-552169	R	2026-09-30 08:21:05	kt1	W4	CONVERGED	6	0.651816	3.798930		1785			989a18637	
mp-552169	N	2026-10-06 01:29:00	kt1	D0	CONVERGED	6	0.651816	3.799233	0.0040	1180			989a18637	
mp-552169	E	2026-10-06 21:45:04	kt1es	G0	CONVERGED	6	0.652218	3.758625	0.0030	2328	2	es-c	0601771b4	
mp-552537	M	2026-04-21 17:53:27			GOOD	9	2.401	4.510					~/bin2	CONVERGED
mp-552537	N	2026-10-03 09:23:25	kt1	D3	CONVERGED	6	2.401292	4.739489	0.0050	1628			989a18637	
mp-552604	M	2026-05-02 16:51:05			FAILED	2	1.309						~/bin2_dev	PROD_NaN_lqpe
mp-552604	R	2026-09-30 08:32:22	kt1	W3	CONVERGED	5	1.309736	2.628610		1162			989a18637	
mp-552604	N	2026-10-06 00:05:29	kt1	D1	CONVERGED	5	1.309736	2.628803	0.0100	780			989a18637	
mp-552729	M	2026-04-11 02:44:13			GOOD	9	2.437	4.549					~/bin2	CONVERGED
mp-552729	N	2026-10-03 02:44:50	kt1	D0	CONVERGED	6	2.436601	4.588876	0.0040	398			989a18637	
mp-552934	M	2026-05-05 01:58:45			FAILED	2	2.226						~/bin2	PROD_NaN_lqpe
mp-552934	R	2026-09-30 04:38:17	kt1	W2	CONVERGED	6	2.226497	4.393846		1697			989a18637	
mp-552934	N	2026-10-04 23:12:52	kr7	K1	CONVERGED	6	2.226497	4.394152	0.0020	3238			b695fa65c	
mp-552934	E	2026-10-06 04:09:12	kr7es	F1	FAIL(1)	0	2.227075	none	none	868	2	es-a	614ab5eb8	
mp-552934	E	2026-10-06 13:51:35	kt1es	G3	CONVERGED	6	2.226744	4.312135	0.0030	3097	2	es-b	0601771b4	
mp-5532	M	2026-04-24 21:27:16			NOTCONV	10	1.886	4.256					~/bin2	MAXITER_NOTCONV
mp-5532	R	2026-10-01 08:58:25	kt1	R4	CONVERGED	7	1.885675	4.063720	0.0550	1030			989a18637	
mp-5532	N	2026-10-05 23:31:05	kt1	D3	CONVERGED	7	1.885675	4.063591	0.0550	697			989a18637	
mp-553243	M	2026-05-02 18:48:00			GOOD	8	1.293	2.530					~/bin2_dev	CONVERGED
mp-553243	N	2026-10-04 19:16:20	kt1	D1	CONVERGED	5	1.293058	2.525220	0.0080	970			989a18637	
mp-553303	M	2026-04-22 01:12:56			GOOD	10	1.463	3.388					~/bin2	CONVERGED
mp-553303	N	2026-10-03 12:32:26	kt1	D0	CONVERGED	6	1.462488	3.284098	0.0040	917			989a18637	
mp-553310	M	2026-05-02 19:20:37			GOOD	9	0.865	3.155					~/bin2_dev	CONVERGED
mp-553310	N	2026-10-05 17:56:40	kt1	D0	CONVERGED	6	0.865484	3.465593	0.0040	1781			989a18637	
mp-553875	M	2026-04-11 02:52:06			GOOD	8	0.703	1.724					~/bin2	CONVERGED
mp-553875	N	2026-10-04 07:12:35	kr7	K0	CONVERGED	5	0.702206	1.666441	0.0130	460			b695fa65c	
mp-554134	M	2026-04-05 19:14:07			NOTCONV	10	1.510	3.779					~/bin2	MAXITER_NOTCONV
mp-554134	R	2026-10-01 05:59:56	kt1	R2	CONVERGED	6	1.510139	3.997399	0.0020	8032			989a18637	
mp-554134	E1	2026-10-05 02:28:06	kr7e1	E0	FAIL(1)	0	1.510151	none	none	706	1		b695fa65c	
mp-554134	E	2026-10-05 02:28:06	kr7es	E0	FAIL(1)	0	1.510151	none	none	706	1	es-a	b695fa65c	
mp-554134	E	2026-10-06 10:36:03	kt1es	G2	FAIL(1)	0	1.510139	none	none	443	2	es-a	0601771b4	
mp-554134	E	2026-10-06 15:57:38	kt1es	G0	CONVERGED	6	1.510139	3.996933	0.0030	5663	2	es-c	0601771b4	
mp-554134	E	2026-10-07 06:18:36	kt1es	G3	CONVERGED	6	1.510169	3.994120	0.0020	7416	4	es-c	0601771b4	
mp-554134	E	2026-10-07 16:50:16	kt1es	G1	CONVERGED	6	1.510177	3.993731	0.0020	5617	6	es-c	0601771b4	
mp-554310	M	2026-04-05 11:53:51			GOOD	9	0.350	0.810					~/bin2	CONVERGED
mp-554310	N	2026-10-03 17:50:03	kr7	K0	CONVERGED	4	0.348746	0.784774	0.0180	641			b695fa65c	
mp-554867	M	2026-04-24 21:57:36			GOOD	8	0.039	1.850					~/bin2	CONVERGED
mp-554867	N	2026-10-04 10:47:03	kt1	D2	CONVERGED	5	0.036540	1.763729	0.0170	851			989a18637	
mp-555166	M	2026-05-02 19:46:33			GOOD	8	0.333	1.626					~/bin2_dev	CONVERGED
mp-555166	N	2026-10-05 10:57:09	kt1	D0	CONVERGED	5	0.333078	1.632728	0.0140	1817			989a18637	
mp-555718	M	2026-04-30 22:58:59			FAILED	6	1.192						~/bin2_dev	NOGAP_GAP_COLLAPSED(LDA gap 1.19 eV)
mp-555718	R	2026-09-30 08:30:08	kt1	W1	CONVERGED	6	1.192299	5.221480		668			989a18637	
mp-555718	N	2026-10-05 22:13:49	kt1	D3	CONVERGED	6	1.192299	5.221710	0.0860	560			989a18637	
mp-555874	M	2026-05-02 20:11:51			GOOD	9	1.024	1.978					~/bin2_dev	CONVERGED
mp-555874	N	2026-10-03 07:56:06	kt1	D3	CONVERGED	5	1.023662	1.943046	0.0080	1915			989a18637	
mp-555911	M	2026-05-02 21:13:58			FAILED	6	4.595						~/bin2_dev	NOGAP_GAP_COLLAPSED(LDA gap 4.60 eV)
mp-555911	R	2026-09-30 08:33:03	kt1	W4	CONVERGED	6	4.593981	8.464341		718			989a18637	
mp-555911	N	2026-10-05 22:24:34	kt1	D0	CONVERGED	6	4.593981	8.464344	0.0010	557			989a18637	
mp-556742	M	2026-04-30 23:24:09			GOOD	9	1.582	3.181					~/bin2_dev	CONVERGED
mp-556742	N	2026-10-04 22:38:46	kt1	D1	CONVERGED	5	1.581865	3.154635	0.0170	994			989a18637	
mp-556916	M	2026-05-01 08:48:17			GOOD	8	0.797	2.238					~/bin2_dev	CONVERGED
mp-556916	N	2026-10-05 03:55:33	kt1	D2	CONVERGED	5	0.797588	2.237764	0.0130	2624			989a18637	
mp-557179	M	2026-05-01 00:39:18			GOOD	8	0.832	1.439					~/bin2_dev	CONVERGED
mp-557179	N	2026-10-05 14:42:01	kt1	D1	CONVERGED	4	0.831607	1.426700	0.0190	2101			989a18637	
mp-557373	M	2026-04-24 22:35:45			GOOD	9	1.476	2.703					~/bin2	CONVERGED
mp-557373	N	2026-10-04 01:08:04	kt1	D1	CONVERGED	5	1.476908	2.698083	0.0100	1583			989a18637	
mp-557510	M	2026-05-02 21:53:48			GOOD	8	0.731	1.649					~/bin2_dev	CONVERGED
mp-557510	N	2026-10-04 16:36:05	kt1	D1	CONVERGED	5	0.732011	1.671644	0.0210	1186			989a18637	
mp-557835	M	2026-04-05 12:36:48			GOOD	8	2.960	4.725					~/bin2	CONVERGED
mp-557835	N	2026-10-03 15:01:09	kr7	K1	CONVERGED	5	2.959985	4.755301	0.0150	595			b695fa65c	
mp-558071	M	2026-04-05 13:55:17			GOOD	8	1.463	4.063					~/bin2	CONVERGED
mp-558071	N	2026-10-03 09:11:56	kr7	K0	CONVERGED	5	1.460691	4.067194	0.0240	915			b695fa65c	
mp-558071	E1	2026-10-05 10:05:14	kr7e1	F0	CONVERGED	5	1.462617	3.923510	0.0150	1593	1		614ab5eb8	
mp-558071	E	2026-10-06 19:32:24	kt1es	G2	CONVERGED	5	1.460860	4.021696	0.0150	679	1	es-c	0601771b4	
mp-558189	M	2026-05-05 03:22:12			FAILED	6	0.479						~/bin2	NOGAP_GAP_COLLAPSED(LDA gap 0.48 eV)
mp-558189	R	2026-09-30 03:33:24	kt1	W1	CONVERGED	5	0.479781	1.812281		429			989a18637	
mp-558189	N	2026-10-04 15:06:08	kr7	K0	CONVERGED	5	0.479781	1.812264	0.0290	493			b695fa65c	
mp-558312	M	2026-05-02 20:46:45			GOOD	9	1.518	5.613					~/bin2_dev	CONVERGED
mp-558312	N	2026-10-03 06:06:59	kt1	D1	CONVERGED	6	1.516020	5.416295	0.0040	755			989a18637	
mp-5588	M	2026-04-30 23:05:36			GOOD	10	7.452	12.111					~/bin2_dev	CONVERGED
mp-5588	N	2026-10-05 20:54:23	kt1	D3	CONVERGED	6	7.451064	12.213251	none	820			989a18637	
mp-558836	M	2026-04-24 22:29:22			GOOD	8	4.039	7.839					~/bin2	CONVERGED
mp-558836	N	2026-10-04 03:05:25	kt1	D1	CONVERGED	7	4.039674	8.138124	0.0030	1062			989a18637	
mp-558836	E	2026-10-06 17:00:25	kt1es	G0	CONVERGED	6	4.038588	7.971852	0.0050	575	4	es-c	0601771b4	
mp-559044	M	2026-05-02 21:52:32			GOOD	9	2.035	3.556					~/bin2_dev	CONVERGED
mp-559044	N	2026-10-04 13:59:37	kt1	D2	CONVERGED	6	2.034052	3.557266	0.0020	940			989a18637	
mp-559044	E	2026-10-06 21:57:18	kt1es	G3	CONVERGED	6	2.034349	3.414269	0.0080	1368	2	es-c	0601771b4	
mp-559092	M	2026-04-05 14:40:19			NOTCONV	10	5.910	13.911					~/bin2	MAXITER_NOTCONV
mp-559092	R	2026-10-01 03:53:55	kt1	R3	CONVERGED	6	5.908148	11.882829	none	464			989a18637	
mp-559092	N	2026-10-04 13:21:54	kr7	K1	CONVERGED	6	5.908148	11.882272	none	402			b695fa65c	
mp-559092	E1	2026-10-05 10:05:26	kr7e1	F1	CONVERGED	6	5.908383	11.861225	none	959	1		614ab5eb8	
mp-559092	E	2026-10-06 19:30:50	kt1es	G0	CONVERGED	6	5.909907	11.858324	none	385	1	es-c	0601771b4	
mp-559278	M	2026-04-22 01:39:51			GOOD	8	1.778	3.838					~/bin2	CONVERGED
mp-559278	N	2026-10-04 03:47:52	kt1	D2	CONVERGED	5	1.777558	3.863602	0.0040	1167			989a18637	
mp-559470	M	2026-05-02 23:10:42			GOOD	8	0.082	1.724					~/bin2_dev	CONVERGED
mp-559470	N	2026-10-04 19:00:10	kt1	D1	CONVERGED	6	0.083261	1.733343	0.0010	1973			989a18637	
mp-559470	E	2026-10-06 22:25:33	kt1es	G1	CONVERGED	6	0.083490	1.685597	0.0010	2554	2	es-c	0601771b4	
mp-559521	M	2026-05-03 00:21:33			GOOD	8	1.412	2.274					~/bin2_dev	CONVERGED
mp-559521	N	2026-10-04 04:22:14	kt1	D2	CONVERGED	5	1.411449	2.254515	0.0070	2062			989a18637	
mp-559676	M	2026-04-05 16:06:04			GOOD	8	0.365	0.847					~/bin2	CONVERGED
mp-559676	N	2026-10-03 13:22:20	kr7	K1	CONVERGED	4	0.364609	0.827810	0.0170	730			b695fa65c	
mp-560008	M	2026-05-03 00:28:21			NOTCONV	10	5.630	9.210					~/bin2_dev	MAXITER_NOTCONV
mp-560008	R	2026-10-01 15:06:02	kt1	R4	CONVERGED	6	5.630316	9.133497	0.0010	1907			989a18637	
mp-560008	N	2026-10-06 01:51:36	kt1	D2	CONVERGED	6	5.630316	9.133422	0.0010	1076			989a18637	
mp-560399	M	2026-04-11 03:32:58			NOTCONV	10	5.697	11.125					~/bin2	MAXITER_NOTCONV
mp-560399	R	2026-10-01 05:22:12	kt1	R4	CONVERGED	6	5.696566	10.718812	none	500			989a18637	
mp-560399	N	2026-10-04 15:19:21	kr7	K1	CONVERGED	6	5.696566	10.718951	none	324			b695fa65c	
mp-560588	M	2026-04-05 16:55:46			GOOD	8	1.986	3.777					~/bin2	CONVERGED
mp-560588	N	2026-10-03 08:47:26	kr7	K0	CONVERGED	5	1.985976	3.738626	0.0080	442			b695fa65c	
mp-5606	M	2026-05-05 00:53:26			FAILED	2	4.105						~/bin2	PROD_NaN_lqpe
mp-5606	R	2026-09-30 04:29:43	kt1	W1	CONVERGED	6	4.104807	7.227966		951			989a18637	
mp-5606	N	2026-10-05 23:23:29	kt1	D2	CONVERGED	6	4.104807	7.228024	0.0050	459			989a18637	
mp-561075	M	2026-05-03 02:28:44			GOOD	8	1.658	3.474					~/bin2_dev	CONVERGED
mp-561075	N	2026-10-05 18:33:02	kt1	D1	CONVERGED	5	1.658608	3.448976	0.0090	3316			989a18637	
mp-561203	M	2026-04-05 17:51:16			NOTCONV	10	2.432	9.855					~/bin2	MAXITER_NOTCONV
mp-561203	R	2026-10-01 03:57:40	kt1	R1	CONVERGED	6	2.428449	9.928535	0.0020	501			989a18637	
mp-561203	N	2026-10-04 13:30:00	kr7	K1	CONVERGED	6	2.428449	9.928440	0.0020	486			b695fa65c	
mp-561320	M	2026-04-06 07:57:15			GOOD	9	1.739	4.120					~/bin2	CONVERGED
mp-561320	N	2026-10-04 19:44:08	kr7	K1	TIMEOUT	3	1.737533	4.126844	0.1330	5402			b695fa65c	
mp-561320	E1	2026-10-05 13:05:18	kr7e1	F0	TIMEOUT	2	1.737533	4.002243	1.7410	10804	1		614ab5eb8	
mp-561320	E	2026-10-06 21:34:30	kt1es	G3	CONVERGED	6	1.737532	4.162310	0.0020	7774	1	es-c	0601771b4	
mp-561320	E	2026-10-07 06:36:48	kt1es	G0	CONVERGED	6	1.737607	4.150827	0.0020	8839	4	es-c	0601771b4	
mp-561320	E	2026-10-07 18:16:43	kt1es	G0	TIMEOUT	4	1.737602	4.135938	0.0500	10804	5	es-c	0601771b4	
mp-561703	M	2026-05-03 01:48:07			GOOD	8	2.996	5.596					~/bin2_dev	CONVERGED
mp-561703	N	2026-10-05 13:48:03	kt1	D0	CONVERGED	6	2.995196	5.804722	0.0040	1921			989a18637	
mp-561703	E	2026-10-06 22:38:13	kt1es	G0	CONVERGED	6	2.994686	5.782344	0.0050	3189	4	es-c	0601771b4	
mp-561947	M	2026-04-11 04:26:57			GOOD	9	0.507	3.431					~/bin2	CONVERGED
mp-561947	N	2026-10-03 02:46:39	kt1	D3	CONVERGED	6	0.506245	3.478879	0.0130	335			989a18637	
mp-562090	M	2026-05-03 02:18:55			GOOD	8	2.312	5.445					~/bin2_dev	CONVERGED
mp-562090	N	2026-10-03 20:31:43	kt1	D2	CONVERGED	6	2.311561	5.508217	0.0020	2103			989a18637	
mp-5621	M	2026-05-03 02:38:13			GOOD	8	1.608	2.684					~/bin2_dev	CONVERGED
mp-5621	N	2026-10-04 16:17:48	kt1	D3	CONVERGED	5	1.608064	2.689724	0.0110	765			989a18637	
mp-562561	M	2026-05-03 04:15:00			GOOD	9	1.749	3.639					~/bin2_dev	CONVERGED
mp-562561	N	2026-10-05 20:53:51	kt1	D2	CONVERGED	6	1.749040	3.691875	0.0100	1106			989a18637	
mp-567259	M	2026-04-04 08:58:07			GOOD	8	2.184	3.986					~/bin2	CONVERGED
mp-567259	N	2026-10-03 04:54:20	kr7	K0	CONVERGED	5	2.184538	3.969774	0.0080	445			b695fa65c	
mp-567259	E1	2026-10-05 05:17:42	kr7e1	E0	CONVERGED	5	2.184700	3.960340	0.0080	478	1		b695fa65c	
mp-567259	E	2026-10-06 19:37:19	kt1es	G1	CONVERGED	5	2.184475	3.963552	0.0070	676	1	es-c	0601771b4	
mp-567279	M	2026-04-22 02:24:00			GOOD	9	3.579	6.799					~/bin2	CONVERGED
mp-567279	N	2026-10-04 17:14:50	kt1	D2	CONVERGED	6	3.579782	6.778354	0.0010	1158			989a18637	
mp-567299	M	2026-05-05 01:06:33			FAILED	1	4.402						~/bin2	PROD_NaN_lqpe
mp-567299	R	2026-09-30 04:39:37	kt1	W3	CONVERGED	5	4.402887	7.592745		1175			989a18637	
mp-567299	N	2026-10-05 00:59:19	kr7	K1	FAIL(1)	1	4.402887	7.170858	none	551			b695fa65c	
mp-567299	N	2026-10-05 01:12:07	kr7	K0	SKIP								b695fa65c	
mp-567299	E	2026-10-06 05:01:02	kr7es	F1	CONVERGED	5	4.402380	7.528629	0.0140	3110	2	es-a	614ab5eb8	
mp-567441	M	2026-04-22 03:18:36			FAILED	6	0.861						~/bin2	NOGAP_GAP_COLLAPSED(LDA gap 0.86 eV)
mp-567441	R	2026-09-30 05:01:44	kt1	W1	CONVERGED	5	0.866233	2.304422		1921			989a18637	
mp-567441	N	2026-10-04 23:11:22	kr7	K0	CONVERGED	5	0.866233	2.304614	0.0070	4326			b695fa65c	
mp-567484	M	2026-04-22 03:12:30			GOOD	8	0.657	3.226					~/bin2	CONVERGED
mp-567484	N	2026-10-03 03:54:50	kt1	D1	CONVERGED	6	0.657904	3.236251	0.0110	1075			989a18637	
mp-567503	M	2026-04-22 04:19:00			GOOD	8	2.204	3.582					~/bin2	CONVERGED
mp-567503	N	2026-10-05 09:00:49	kt1	D2	CONVERGED	5	2.203653	3.575702	0.0060	1594			989a18637	
mp-567503	E	2026-10-06 05:08:17	kr7es	F0	CONVERGED	5	2.203531	3.572869	0.0060	3092	2	es-a	614ab5eb8	
mp-567558	M	2026-05-03 04:56:59			GOOD	10	2.018	4.663					~/bin2_dev	CONVERGED
mp-567558	N	2026-10-04 05:08:43	kt1	D2	CONVERGED	6	2.016971	4.672430	0.0060	2455			989a18637	
mp-567558	E	2026-10-06 23:33:08	kt1es	G3	CONVERGED	6	2.017033	4.650948	0.0060	5750	2	es-c	0601771b4	
mp-567636	M	2026-04-04 08:56:01			GOOD	8	0.279	0.568					~/bin2	CONVERGED
mp-567636	N	2026-10-03 05:34:03	kr7	K1	CONVERGED	4	0.279271	0.574363	0.0350	188			b695fa65c	
mp-567655	M	2026-04-24 23:17:28			GOOD	10	4.010	6.286					~/bin2	CONVERGED
mp-567655	N	2026-10-03 05:06:51	kt1	D0	CONVERGED	5	4.010613	6.251641	0.0090	1441			989a18637	
mp-567677	M	2026-04-04 09:13:21			GOOD	8	2.016	3.115					~/bin2	CONVERGED
mp-567677	N	2026-10-03 02:34:42	kr7	K0	CONVERGED	4	2.015296	3.092359	0.0500	401			b695fa65c	
mp-567677	E1	2026-10-05 05:21:35	kr7e1	E1	CONVERGED	4	2.015083	3.091213	0.0690	395	1		b695fa65c	
mp-567677	E	2026-10-06 19:38:09	kt1es	G0	CONVERGED	4	2.015245	3.093879	0.0690	439	1	es-c	0601771b4	
mp-567809	M	2026-04-05 20:39:15			GOOD	9	1.289	2.930					~/bin2	CONVERGED
mp-567809	N	2026-10-03 09:07:33	kr7	K1	CONVERGED	5	1.289168	2.926665	0.0180	839			b695fa65c	
mp-568018	M	2026-04-22 05:10:38			GOOD	8	0.196	1.042					~/bin2	CONVERGED
mp-568018	N	2026-10-05 07:41:44	kt1	D3	CONVERGED	5	0.196294	1.076681	0.0140	3275			989a18637	
mp-568032	M	2026-04-24 23:34:26			GOOD	8	0.719	1.967					~/bin2	CONVERGED
mp-568032	N	2026-10-04 00:57:39	kt1	D0	CONVERGED	5	0.720077	1.955523	0.0100	1507			989a18637	
mp-568100	M	2026-04-22 04:55:55			GOOD	8	0.964	2.903					~/bin2	CONVERGED
mp-568100	N	2026-10-03 19:56:04	kt1	D0	CONVERGED	7	0.964602	2.856016	0.1980	1388			989a18637	
mp-568177	M	2026-04-05 21:44:03			GOOD	8	0.264	1.031					~/bin2	CONVERGED
mp-568177	N	2026-10-03 08:22:26	kr7	K1	CONVERGED	5	0.260564	1.030762	0.0040	423			b695fa65c	
mp-568264	M	2026-04-22 05:30:16			GOOD	8	1.796	3.692					~/bin2	CONVERGED
mp-568264	N	2026-10-05 01:03:55	kt1	D1	CONVERGED	5	1.798144	3.694911	0.0120	1366			989a18637	
mp-568273	M	2026-04-05 22:23:15			GOOD	8	4.286	6.230					~/bin2	CONVERGED
mp-568273	N	2026-10-03 12:25:42	kr7	K1	CONVERGED	5	4.283661	6.324844	0.0020	372			b695fa65c	
mp-568301	M	2026-05-03 08:27:22			GOOD	10	2.628	4.208					~/bin2_dev	CONVERGED
mp-568301	N	2026-10-05 20:40:43	kt1	D3	CONVERGED	5	2.629060	4.205228	0.0110	3992			989a18637	
mp-568301	E	2026-10-06 23:27:53	kt1es	G2	CONVERGED	5	2.629852	4.200077	0.0110	5067	1	es-c	0601771b4	
mp-568346	M	2026-04-22 06:02:55			GOOD	8	1.936	3.830					~/bin2	CONVERGED
mp-568346	N	2026-10-04 23:16:21	kt1	D2	CONVERGED	5	1.936659	3.797124	0.0120	1111			989a18637	
mp-568388	M	2026-05-10 15:19:59			FAILED	1	0.640	1.304					~/bin2	PROD_KILLED
mp-568388	R	2026-09-30 11:45:21	kt1	W1	CONVERGED	5	0.640065	1.441402		11713			989a18637	
mp-568388	N	2026-10-06 13:18:17	kt1	D0	TIMEOUT	4	0.640065	1.441442	0.0260	7202			989a18637	
mp-568388	E	2026-10-07 00:37:26	kt1es	G1	CONVERGED	5	0.639993	1.444394	0.0060	7913	1	es-c	0601771b4	
mp-568516	M	2026-04-05 23:16:08			GOOD	8	0.095	0.948					~/bin2	CONVERGED
mp-568516	N	2026-10-03 08:11:30	kr7	K0	CONVERGED	6	0.094016	0.962007	0.0050	575			b695fa65c	
mp-568544	M	2026-04-11 05:32:09			GOOD	8	1.458	4.212					~/bin2	CONVERGED
mp-568544	N	2026-10-04 07:18:34	kr7	K1	CONVERGED	6	1.457912	4.203063	0.0080	695			b695fa65c	
mp-568560	M	2026-04-04 02:17:47			GOOD	8	2.060	3.726					~/bin2	CONVERGED
mp-568560	N	2026-10-02 23:44:53	kr7	K0	CONVERGED	5	2.060271	3.562551	0.0050	157			b695fa65c	
mp-568598	M	2026-04-25 00:23:13			GOOD	9	0.273	1.554					~/bin2	CONVERGED
mp-568598	N	2026-10-04 03:55:45	kt1	D3	CONVERGED	6	0.272988	1.529331	0.0030	2048			989a18637	
mp-568661	M	2026-04-25 00:26:43			GOOD	8	0.605	1.795					~/bin2	CONVERGED
mp-568661	N	2026-10-04 01:56:25	kt1	D2	CONVERGED	5	0.605701	1.822874	0.0080	1491			989a18637	
mp-568662	M	2026-04-04 09:05:54			FAILED	5	5.223	7.913					~/bin2	AC_rst-rmt-mismatch@llmf_start(lmf)
mp-568662	R	2026-09-30 02:52:54	kt1	W4	CONVERGED	5	5.203188	8.002961		390			989a18637	
mp-568662	N	2026-10-03 01:50:13	kr7	K1	CONVERGED	5	5.203188	8.002918	0.0050	264			b695fa65c	
mp-568662	E1	2026-10-05 05:23:15	kr7e1	E0	CONVERGED	5	5.213401	7.995866	0.0060	333	1		b695fa65c	
mp-568662	E	2026-10-06 19:42:05	kt1es	G2	CONVERGED	5	5.213550	7.998336	0.0050	581	1	es-c	0601771b4	
mp-568690	M	2026-04-04 09:17:42			NOTCONV	10	2.602	4.433					~/bin2	MAXITER_NOTCONV
mp-568690	R	2026-10-01 03:15:00	kt1	R1	CONVERGED	6	2.601499	4.863640	0.0030	489			989a18637	
mp-568690	N	2026-10-03 02:09:37	kr7	K1	CONVERGED	6	2.601499	4.863714	0.0030	518			b695fa65c	
mp-568890	M	2026-05-03 08:16:45			GOOD	8	0.267	0.934					~/bin2_dev	CONVERGED
mp-568890	N	2026-10-04 18:25:36	kt1	D3	CONVERGED	5	0.267665	0.934407	0.0050	2474			989a18637	
mp-568927	M	2026-04-06 01:37:30			GOOD	8	0.644	2.157					~/bin2	CONVERGED
mp-568927	N	2026-10-03 16:52:46	kr7	K0	CONVERGED	5	0.643638	2.153141	0.0130	944			b695fa65c	
mp-568949	M	2026-04-06 03:37:31			GOOD	8	2.053	3.510					~/bin2	CONVERGED
mp-568949	N	2026-10-03 10:01:27	kr7	K1	CONVERGED	5	2.051838	3.441757	0.0030	1038			b695fa65c	
mp-568949	E	2026-10-06 16:34:29	kt1es	G0	CONVERGED	5	2.051680	3.443737	0.0030	995	2	es-c	0601771b4	
mp-568968	M	2026-05-03 08:50:57			GOOD	8	1.267	2.616					~/bin2_dev	CONVERGED
mp-568968	N	2026-10-04 03:28:25	kt1	D2	CONVERGED	5	1.267983	2.599109	0.0100	1741			989a18637	
mp-569008	M	2026-04-22 06:13:57			GOOD	9	0.531	3.211					~/bin2	CONVERGED
mp-569008	N	2026-10-03 02:10:07	kt1	D2	CONVERGED	6	0.531317	3.131638	0.0130	1343			989a18637	
mp-569017	M	2026-04-22 07:16:26			GOOD	9	0.616	1.892					~/bin2	CONVERGED
mp-569017	N	2026-10-03 04:19:27	kt1	D0	CONVERGED	6	0.616721	1.859283	0.0170	1916			989a18637	
mp-569017	E	2026-10-06 06:26:40	kr7es	F1	CONVERGED	6	0.617084	1.837237	0.0190	5138	2	es-a	614ab5eb8	
mp-569114	M	2026-05-03 10:53:59			GOOD	8		1.003					~/bin2_dev	CONVERGED
mp-569114	N	2026-10-05 20:41:09	kt1	D1	CONVERGED	5	none	1.016513	0.0130	3071			989a18637	
mp-569157	M	2026-05-03 11:26:32			GOOD	8	2.170	3.333					~/bin2_dev	CONVERGED
mp-569157	N	2026-10-04 20:51:43	kt1	D2	CONVERGED	5	2.169561	3.363170	0.0110	3157			989a18637	
mp-569157	E	2026-10-06 23:57:32	kt1es	G0	CONVERGED	5	2.169451	3.353874	0.0110	4759	4	es-c	0601771b4	
mp-569246	M	2026-05-03 13:44:50			GOOD	8	0.015	0.573					~/bin2_dev	CONVERGED
mp-569246	N	2026-10-05 09:45:33	kt1	D0	CONVERGED	4	0.016365	0.573401	0.0190	1824			989a18637	
mp-569272	M	2026-04-22 08:32:19			NOTCONV	10	1.501	3.813					~/bin2	MAXITER_NOTCONV
mp-569272	R	2026-10-01 08:12:31	kt1	R1	CONVERGED	5	1.502293	3.494830	0.0180	5968			989a18637	
mp-569272	N	2026-10-04 01:18:26	kr7	K0	TIMEOUT	4	1.502293	3.490200	0.0390	5404			b695fa65c	
mp-569272	N	2026-10-04 22:18:54	kr7	K1	SKIP								b695fa65c	
mp-569304	M	2026-04-06 04:53:22			NOTCONV	10	1.848	3.868					~/bin2	MAXITER_NOTCONV
mp-569304	R	2026-10-01 04:08:42	kt1	R4	CONVERGED	5	1.848254	3.677225	0.0030	906			989a18637	
mp-569304	E1	2026-10-05 03:12:19	kr7e1	E0	FAIL(1)	0	none	none	none	2653	1		b695fa65c	
mp-569304	E	2026-10-05 03:12:19	kr7es	E0	FAIL(1)	0	none	none	none	2653	1	es-a	b695fa65c	
mp-569304	E	2026-10-06 10:37:44	kt1es	G2	FAIL(1)	0	none	none	none	101	1	es-a	0601771b4	
mp-569304	E	2026-10-06 14:33:24	kt1es	G1	CONVERGED	5	1.848277	3.677099	0.0060	816	1	es-c	0601771b4	
mp-569346	M	2026-04-06 06:13:51			GOOD	8	1.148	2.828					~/bin2	CONVERGED
mp-569346	N	2026-10-03 11:43:03	kr7	K0	CONVERGED	5	1.146854	2.826134	0.0170	607			b695fa65c	
mp-569360	M	2026-04-04 09:33:35			UNKNOWN	6							~/bin2	NOGAP_METAL_IN_LDA_TOO
mp-569360	R	2026-09-30 23:19:58	kt1	M1	CONVERGED_METAL	5	none	none	none	608			989a18637	
mp-569360	N	2026-10-02 23:12:52	kt1	D0	CONVERGED_METAL	5	none	none	none	385			989a18637	
mp-569416	M	2026-05-03 14:12:37			GOOD	8	1.797	4.968					~/bin2_dev	CONVERGED
mp-569416	N	2026-10-06 14:44:09	kt1	D2	TIMEOUT	3	1.790268	4.151589	0.3450	7201			989a18637	
mp-569416	E	2026-10-07 01:32:09	kt1es	G2	CONVERGED	5	1.790515	4.148649	0.0060	7456	1	es-c	0601771b4	
mp-569595	M	2026-04-22 08:41:28			GOOD	8	2.250	3.645					~/bin2	CONVERGED
mp-569595	N	2026-10-05 12:54:41	kt1	D3	CONVERGED	5	2.250034	3.663947	0.0060	3487			989a18637	
mp-569595	E	2026-10-06 07:24:18	kr7es	F0	CONVERGED	5	2.249946	3.662170	0.0070	8161	2	es-a	614ab5eb8	
mp-569639	M	2026-04-04 02:19:00			NOTCONV	10	2.261	1.253					~/bin2	MAXITER_NOTCONV
mp-569639	R	2026-10-01 02:56:20	kt1	R1	CONVERGED	5	2.261022	3.942578	0.0040	303			989a18637	
mp-569639	N	2026-10-03 06:37:30	kt1	D2	CONVERGED	5	2.261022	3.941819	0.0040	184			989a18637	
mp-569677	M	2026-04-06 07:31:07			GOOD	8	1.764	2.796					~/bin2	CONVERGED
mp-569677	N	2026-10-03 11:40:04	kr7	K1	CONVERGED	5	1.764349	2.984973	0.0090	738			b695fa65c	
mp-569766	M	2026-05-03 15:53:58			GOOD	8	0.648	1.523					~/bin2_dev	CONVERGED
mp-569766	N	2026-10-03 15:10:14	kt1	D0	CONVERGED	5	0.646904	1.540154	0.0090	4774			989a18637	
mp-569766	E	2026-10-07 01:12:40	kt1es	G3	CONVERGED	5	0.646910	1.527192	0.0080	5972	2	es-c	0601771b4	
mp-569779	M	2026-04-04 09:26:19			GOOD	8	0.277	0.394					~/bin2	CONVERGED
mp-569779	N	2026-10-03 03:28:31	kr7	K0	CONVERGED	4	0.277044	0.397442	0.0750	218			b695fa65c	
mp-569790	M	2026-05-03 15:49:18			GOOD	8		1.050					~/bin2_dev	CONVERGED
mp-569790	N	2026-10-03 18:51:51	kt1	D1	CONVERGED	5	none	1.032529	0.0110	2195			989a18637	
mp-569940	M	2026-05-03 16:37:49			GOOD	8	0.001	0.784					~/bin2_dev	CONVERGED
mp-569940	N	2026-10-04 07:47:46	kt1	D2	CONVERGED	5	0.000523	0.795343	0.0070	2824			989a18637	
mp-569960	M	2026-04-04 09:38:34			NOTCONV	10	3.049	5.744					~/bin2	MAXITER_NOTCONV
mp-569960	R	2026-10-01 03:16:30	kt1	R4	CONVERGED	6	3.048474	5.545472	0.0020	401			989a18637	
mp-569960	N	2026-10-03 01:58:03	kr7	K0	CONVERGED	6	3.048474	5.544880	0.0030	652			b695fa65c	
mp-569960	E1	2026-10-05 05:34:26	kr7e1	E1	CONVERGED	6	3.047393	5.540742	0.0020	771	1		b695fa65c	
mp-569960	E	2026-10-06 19:47:31	kt1es	G1	CONVERGED	6	3.048443	5.548787	0.0010	612	1	es-c	0601771b4	
mp-570002	M	2026-05-03 14:32:25			GOOD	8	3.064	4.587					~/bin2_dev	CONVERGED
mp-570002	N	2026-10-05 15:02:41	kt1	D2	CONVERGED	5	3.061419	4.638289	0.0010	589			989a18637	
mp-570008	M	2026-04-11 06:39:03			GOOD	8	0.263	1.014					~/bin2	CONVERGED
mp-570008	N	2026-10-03 19:57:44	kr7	K1	CONVERGED	5	0.262237	1.023706	0.0140	752			b695fa65c	
mp-570051	M	2026-05-10 15:19:59			FAILED	2	0.076	0.630					~/bin2	PROD_KILLED
mp-570051	R	2026-09-30 09:34:47	kt1	W3	CONVERGED	4	0.076166	0.645070		3745			989a18637	
mp-570051	N	2026-10-06 05:48:39	kt1	D0	CONVERGED	4	0.076166	0.645042	0.0170	1919			989a18637	
mp-570076	M	2026-05-10 14:53:37			FAILED	2	0.283	0.921					~/bin2	PROD_TIMEOUT_8h
mp-570076	R	2026-09-30 10:00:13	kt1	W4	CONVERGED	5	0.284114	0.946430		5230			989a18637	
mp-570076	N	2026-10-06 07:45:48	kt1	D3	CONVERGED	5	0.284114	0.946498	0.0030	2789			989a18637	
mp-570097	M	2026-04-25 00:44:26			NOTCONV	10	0.866	2.273					~/bin2	MAXITER_NOTCONV
mp-570097	R	2026-10-01 08:53:24	kt1	R2	CONVERGED	5	0.868214	1.883971	0.0090	687			989a18637	
mp-570097	N	2026-10-05 22:16:35	kt1	D2	CONVERGED	5	0.868214	1.883874	0.0090	572			989a18637	
mp-570140	M	2026-05-03 22:53:33			FAILED	0	1.882						~/bin2	PROD_NaN_lsc
mp-570140	R	2026-09-30 11:05:24	kt1	W3	CONVERGED	5	1.881793	3.474921		5437			989a18637	
mp-570140	N	2026-10-06 08:21:54	kt1	D0	CONVERGED	5	1.881793	3.475005	0.0180	2206			989a18637	
mp-570157	M	2026-04-22 09:10:05			GOOD	8	1.733	3.414					~/bin2	CONVERGED
mp-570157	N	2026-10-05 00:10:25	kt1	D2	CONVERGED	5	1.732789	3.371789	0.0170	1067			989a18637	
mp-570172	M	2026-04-22 10:10:28			GOOD	8	2.054	4.109					~/bin2	CONVERGED
mp-570172	N	2026-10-03 10:26:43	kt1	D0	CONVERGED	5	2.052944	4.098612	0.0200	1884			989a18637	
mp-570172	E	2026-10-06 07:52:29	kr7es	F1	CONVERGED	5	2.053094	4.033493	0.0190	5149	4	es-a	614ab5eb8	
mp-570213	M	2026-04-04 09:42:11			GOOD	8	0.430	1.362					~/bin2	CONVERGED
mp-570213	N	2026-10-03 02:12:20	kr7	K0	CONVERGED	5	0.429103	1.388197	0.0030	272			b695fa65c	
mp-570213	E1	2026-10-05 05:28:08	kr7e1	E0	CONVERGED	5	0.428207	1.394223	0.0020	293	1		b695fa65c	
mp-570213	E	2026-10-06 19:41:42	kt1es	G0	CONVERGED	5	0.429564	1.392340	0.0030	213	1	es-c	0601771b4	
mp-570219	M	2026-05-09 23:57:32			FAILED	3	2.335	4.577					~/bin2	PROD_TIMEOUT_8h
mp-570219	R	2026-09-30 11:32:10	kt1	W4	CONVERGED	5	2.334327	4.612794		5517			989a18637	
mp-570219	N	2026-10-06 08:37:41	kt1	D3	CONVERGED	5	2.334327	4.612907	0.0080	3113			989a18637	
mp-570223	M	2026-04-11 07:58:38			GOOD	8	0.563	1.445					~/bin2	CONVERGED
mp-570223	N	2026-10-03 21:55:06	kr7	K0	CONVERGED	5	0.562424	1.443514	0.0090	730			b695fa65c	
mp-570231	M	2026-04-11 09:23:16			GOOD	8	0.506	2.782					~/bin2	CONVERGED
mp-570231	N	2026-10-03 02:53:14	kt1	D2	CONVERGED	6	0.503916	2.773779	0.0030	544			989a18637	
mp-570256	M	2026-04-25 01:54:17			GOOD	10	0.948	2.540					~/bin2	CONVERGED
mp-570256	N	2026-10-04 11:20:27	kt1	D2	CONVERGED	5	0.949106	2.498597	0.0200	2004			989a18637	
mp-570259	M	2026-04-04 09:46:26			GOOD	8	5.256	8.381					~/bin2	CONVERGED
mp-570259	N	2026-10-02 23:12:36	kt1	D3	CONVERGED	5	5.256306	8.484224	0.0120	193			989a18637	
mp-570301	M	2026-04-06 10:04:51			GOOD	8	0.501	2.439					~/bin2	CONVERGED
mp-570301	N	2026-10-03 10:08:17	kr7	K0	CONVERGED	6	0.500793	2.418810	0.0030	1134			b695fa65c	
mp-570354	M	2026-04-04 02:22:11			GOOD	8	0.156	1.925					~/bin2	CONVERGED
mp-570354	N	2026-10-03 00:15:39	kr7	K1	CONVERGED	6	0.154960	1.933364	0.0050	166			b695fa65c	
mp-570485	M	2026-04-06 09:12:44			GOOD	8	0.532	1.236					~/bin2	CONVERGED
mp-570485	N	2026-10-03 09:19:46	kr7	K0	CONVERGED	5	0.530096	1.232675	0.0040	470			b695fa65c	
mp-570538	M	2026-04-06 10:24:34			GOOD	8	3.826	7.222					~/bin2	CONVERGED
mp-570538	N	2026-10-03 15:49:13	kr7	K0	CONVERGED	5	3.825375	7.285034	0.0070	587			b695fa65c	
mp-570572	M	2026-04-25 00:57:54			NOTCONV	10	1.297	3.917					~/bin2	MAXITER_NOTCONV
mp-570572	R	2026-10-01 09:06:41	kt1	R3	CONVERGED	5	1.300089	3.748565	0.0050	1272			989a18637	
mp-570572	N	2026-10-06 00:20:42	kt1	D1	CONVERGED	5	1.300089	3.748819	0.0050	405			989a18637	
mp-570572	E	2026-10-07 05:18:44	kt1es	G2	CONVERGED	5	1.302710	3.675984	0.0060	2399	3	es-c	0601771b4	
mp-570589	M	2026-05-03 23:29:31			FAILED	0	1.394						~/bin2	PROD_NaN_lsc
mp-570589	R	2026-09-30 13:46:10	kt1	W2	CONVERGED	6	1.394233	3.172827		10402			989a18637	
mp-570589	N	2026-10-06 11:27:37	kt1	D1	CONVERGED	6	1.394233	3.172893	0.0080	5163			989a18637	
mp-570589	E	2026-10-06 18:37:54	kt1es	G3	CONVERGED	6	1.393975	3.113135	0.0070	4297	6	es-c	0601771b4	
mp-570687	M	2026-04-06 12:41:05			GOOD	8	0.670	2.770					~/bin2	CONVERGED
mp-570687	N	2026-10-03 10:26:26	kr7	K0	CONVERGED	6	0.670531	2.816524	0.0060	1089			b695fa65c	
mp-570747	M	2026-04-06 11:26:07			GOOD	9	6.774	13.238					~/bin2	CONVERGED
mp-570747	N	2026-10-03 08:50:33	kr7	K1	CONVERGED	6	6.772396	13.253090	none	369			b695fa65c	
mp-570747	E1	2026-10-05 11:19:25	kr7e1	F1	CONVERGED	7	6.768853	12.707439	none	4439	2		614ab5eb8	
mp-570747	E	2026-10-06 19:48:18	kt1es	G0	CONVERGED	7	6.772648	12.595450	none	396	2	es-c	0601771b4	
mp-570858	M	2026-04-06 13:24:42			GOOD	10	0.296	2.279					~/bin2	CONVERGED
mp-570858	N	2026-10-03 02:27:51	kt1	D1	CONVERGED	6	0.296360	2.235451	0.0030	543			989a18637	
mp-570875	M	2026-04-22 09:37:09			GOOD	8	0.652	1.061					~/bin2	CONVERGED
mp-570875	N	2026-10-05 09:23:41	kt1	D3	CONVERGED	4	0.652060	1.061489	0.0080	547			989a18637	
mp-570886	M	2026-04-22 10:19:47			GOOD	9	3.872	6.137					~/bin2	CONVERGED
mp-570886	N	2026-10-03 23:36:06	kt1	D3	CONVERGED	5	3.874274	6.094229	0.0030	935			989a18637	
mp-570891	M	2026-04-04 02:25:24			FAILED	5	3.745	6.511					~/bin2	AC_rst-rmt-mismatch@llmf_start(lmf)
mp-570891	R	2026-09-30 02:02:27	kt1	W4	CONVERGED	5	3.742652	6.517218		391			989a18637	
mp-570891	N	2026-10-05 21:28:35	kt1	D1	CONVERGED	5	3.742652	6.517470	0.0040	210			989a18637	
mp-570935	M	2026-04-06 14:20:25			GOOD	9	4.188	6.605					~/bin2	CONVERGED
mp-570935	N	2026-10-03 10:40:00	kr7	K1	CONVERGED	5	4.186509	6.623326	0.0020	432			b695fa65c	
mp-570935	E1	2026-10-05 12:20:32	kr7e1	F1	CONVERGED	5	4.184292	6.561305	0.0020	3667	2		614ab5eb8	
mp-570935	E	2026-10-06 19:49:16	kt1es	G2	CONVERGED	5	4.184947	6.568184	0.0020	431	2	es-c	0601771b4	
mp-571079	M	2026-04-06 15:55:33			GOOD	8	2.345	3.889					~/bin2	CONVERGED
mp-571079	N	2026-10-03 18:04:34	kr7	K1	CONVERGED	5	2.345304	3.928294	0.0030	876			b695fa65c	
mp-571093	M	2026-04-06 15:50:56			GOOD	8	0.685	1.339					~/bin2	CONVERGED
mp-571093	N	2026-10-03 13:55:50	kr7	K1	CONVERGED	5	0.685577	1.332704	0.0040	529			b695fa65c	
mp-571100	M	2026-05-10 03:14:18			FAILED	4	1.582	4.140					~/bin2	PROD_TIMEOUT_8h
mp-571100	R	2026-09-30 13:00:10	kt1	W3	CONVERGED	6	1.581668	3.945622		6886			989a18637	
mp-571100	N	2026-10-06 10:01:34	kt1	D1	CONVERGED	6	1.581668	3.945734	0.0050	3253			989a18637	
mp-571100	E	2026-10-07 01:19:08	kt1es	G0	CONVERGED	6	1.580805	3.924451	0.0060	4896	2	es-c	0601771b4	
mp-571102	M	2026-04-04 02:29:03			GOOD	8	1.973	3.252					~/bin2	CONVERGED
mp-571102	N	2026-10-03 00:25:43	kr7	K1	CONVERGED	5	1.972613	3.262945	0.0020	189			b695fa65c	
mp-571166	M	2026-04-22 10:53:47			NOTCONV	10	4.212	6.983					~/bin2	MAXITER_NOTCONV
mp-571166	R	2026-10-01 07:12:46	kt1	R5	CONVERGED	6	4.211722	7.075557	0.0020	2199			989a18637	
mp-571166	N	2026-10-04 00:35:58	kr7	K1	CONVERGED	6	4.211722	7.075783	0.0020	3197			b695fa65c	
mp-571195	M	2026-04-22 11:14:07			GOOD	8	0.836	2.175					~/bin2	CONVERGED
mp-571195	N	2026-10-05 02:06:52	kt1	D0	CONVERGED	5	0.835637	2.184270	0.0040	1415			989a18637	
mp-571222	M	2026-04-04 02:32:38			FAILED	5	4.107	6.807					~/bin2	AC_rst-rmt-mismatch@llmf_start(lmf)
mp-571222	R	2026-09-30 02:03:26	kt1	W2	CONVERGED	5	4.104366	7.049812		414			989a18637	
mp-571222	N	2026-10-05 21:35:59	kt1	D0	CONVERGED	5	4.104366	7.049659	0.0100	215			989a18637	
mp-571266	M	2026-05-09 10:55:15			FAILED	2	3.919	7.448					~/bin2	PROD_TIMEOUT_8h
mp-571266	R	2026-09-30 14:41:38	kt1	W4	CONVERGED	6	3.919182	7.681157		11368			989a18637	
mp-571266	N	2026-10-06 12:44:08	kt1	D2	TIMEOUT	5	3.919182	7.681860	0.0070	7202			989a18637	
mp-571266	E	2026-10-07 02:40:58	kt1es	G1	CONVERGED	6	3.919277	7.488171	0.0010	7412	5	es-c	0601771b4	
mp-571297	M	2026-05-03 23:54:45			FAILED	0	1.469						~/bin2	PROD_NaN_lsc
mp-571297	R	2026-09-30 12:47:53	kt1	W1	CONVERGED	6	1.470049	3.330038		3752			989a18637	
mp-571297	N	2026-10-06 05:42:17	kt1	D1	CONVERGED	6	1.470049	3.330091	0.0030	1169			989a18637	
mp-571386	M	2026-04-04 02:33:03			GOOD	9	0.358	2.324					~/bin2	CONVERGED
mp-571386	N	2026-10-02 23:14:50	kr7	K0	CONVERGED	6	0.356614	2.304638	0.0040	215			b695fa65c	
mp-571436	M	2026-04-11 11:28:24			GOOD	9	1.096	3.359					~/bin2	CONVERGED
mp-571436	N	2026-10-04 06:49:28	kr7	K0	CONVERGED	5	1.094692	3.328421	0.0060	1020			b695fa65c	
mp-571436	E	2026-10-05 18:40:47	kr7es	F1	CONVERGED	5	1.097510	3.235038	0.0070	2135	7	es-a	614ab5eb8	
mp-571442	M	2026-05-10 09:44:02			FAILED	3	2.799	4.708					~/bin2	PROD_TIMEOUT_8h
mp-571442	R	2026-09-30 15:09:28	kt1	W1	CONVERGED	5	2.798008	4.836823		8495			989a18637	
mp-571442	N	2026-10-06 10:44:06	kt1	D2	CONVERGED	5	2.798008	4.837497	0.0100	4943			989a18637	
mp-571442	E	2026-10-07 02:25:45	kt1es	G3	CONVERGED	5	2.799147	4.833669	0.0080	4385	4	es-c	0601771b4	
mp-571454	M	2026-04-06 17:00:15			GOOD	8	1.457	3.287					~/bin2	CONVERGED
mp-571454	N	2026-10-03 02:23:30	kt1	D2	CONVERGED	6	1.457540	3.326213	0.0030	273			989a18637	
mp-571458	M	2026-04-11 13:10:00			GOOD	8	0.500	1.112					~/bin2	CONVERGED
mp-571458	N	2026-10-03 20:52:43	kr7	K1	CONVERGED	5	0.499909	1.100014	0.0130	914			b695fa65c	
mp-571461	M	2026-04-25 01:59:54			FAILED	7	0.594						~/bin2	NOGAP_GAP_COLLAPSED(LDA gap 0.59 eV, previous QSGW iteration 2.99 eV)
mp-571461	R	2026-09-30 05:41:12	kt1	W3	CONVERGED	5	0.591703	1.781024		3063			989a18637	
mp-571461	N	2026-10-06 04:50:37	kt1	D2	CONVERGED	5	0.591703	1.780864	0.0090	1917			989a18637	
mp-571461	E	2026-10-07 09:59:51	kt1es	G1	CONVERGED	5	0.591716	1.777807	0.0100	1932	1	es-c	0601771b4	
mp-571518	M	2026-04-25 02:31:37			NOTCONV	10	1.586	3.955					~/bin2	MAXITER_NOTCONV
mp-571518	R	2026-10-01 09:21:25	kt1	R5	CONVERGED	6	1.586120	3.495973	0.0030	1699			989a18637	
mp-571518	N	2026-10-06 01:07:49	kt1	D2	CONVERGED	6	1.586120	3.508521	0.0000	1015			989a18637	
mp-571518	E	2026-10-07 09:53:24	kt1es	G3	CONVERGED	5	1.585911	3.464159	0.1130	1291	3	es-c	0601771b4	
mp-571550	M	2026-04-11 15:53:12			GOOD	8	0.501	0.810					~/bin2	CONVERGED
mp-571550	N	2026-10-04 03:54:22	kr7	K0	CONVERGED	4	0.498689	0.894911	0.0080	2100			b695fa65c	
mp-571555	M	2026-04-06 18:27:48			GOOD	10	1.148	2.183					~/bin2	CONVERGED
mp-571555	N	2026-10-03 18:49:41	kr7	K0	CONVERGED	5	1.147248	2.127081	0.0180	943			b695fa65c	
mp-571555	E	2026-10-06 16:35:43	kt1es	G1	CONVERGED	5	1.147351	2.127001	0.0180	902	2	es-c	0601771b4	
mp-571636	M	2026-04-06 20:53:05			GOOD	9	1.382	2.467					~/bin2	CONVERGED
mp-571636	N	2026-10-03 02:33:40	kt1	D0	CONVERGED	5	1.381434	2.519895	0.0070	638			989a18637	
mp-571636	E	2026-10-06 16:44:32	kt1es	G3	CONVERGED	5	1.379665	2.519980	0.0070	910	2	es-c	0601771b4	
mp-571653	M	2026-04-25 02:06:36			GOOD	10	2.363	4.485					~/bin2	CONVERGED_BY_SURVEY(10 iterations existed; gwscconv did not test)
mp-571653	N	2026-10-04 04:27:48	kt1	D2	CONVERGED	5	2.362435	4.303002	0.0090	334			989a18637	
mp-573321	M	2026-05-10 11:16:16			FAILED	2	0.466	1.132					~/bin2	PROD_TIMEOUT_8h
mp-573321	R	2026-09-30 15:28:39	kt1	W3	CONVERGED	5	0.465572	1.137733		8909			989a18637	
mp-573321	N	2026-10-06 11:18:15	kt1	D0	CONVERGED	5	0.465572	1.137795	0.0130	5481			989a18637	
mp-573697	M	2026-04-04 02:39:11			FAILED	5	4.632	7.740					~/bin2	AC_rst-rmt-mismatch@llmf_start(lmf)
mp-573697	R	2026-09-30 02:05:14	kt1	W3	CONVERGED	5	4.630841	7.812620		485			989a18637	
mp-573697	N	2026-10-05 21:42:30	kt1	D1	CONVERGED	5	4.630841	7.812525	0.0110	191			989a18637	
mp-573755	M	2026-04-22 12:36:18			GOOD	8	1.038	2.344					~/bin2	CONVERGED
mp-573755	N	2026-10-04 04:57:35	kt1	D1	CONVERGED	5	1.037722	2.303136	0.0100	2161			989a18637	
mp-574599	M	2026-04-22 12:18:01			GOOD	8	1.561	3.263					~/bin2	CONVERGED
mp-574599	N	2026-10-04 13:38:51	kt1	D0	CONVERGED	5	1.559645	3.297898	0.0150	1607			989a18637	
mp-5770	M	2026-04-06 22:27:10			NOTCONV	10	1.702	1.063					~/bin2	MAXITER_NOTCONV
mp-5770	R	2026-10-01 04:02:41	kt1	R3	CONVERGED	6	1.701558	4.969543	0.0130	526			989a18637	
mp-5770	N	2026-10-04 13:41:18	kr7	K1	CONVERGED	6	1.701558	4.969563	0.0140	678			b695fa65c	
mp-5777	M	2026-04-11 17:37:04			GOOD	9	2.052	3.973					~/bin2	CONVERGED
mp-5777	N	2026-10-03 06:42:59	kt1	D3	CONVERGED	6	2.051440	3.998487	0.0440	526			989a18637	
mp-5782	M	2026-05-05 14:28:41			GOOD	8	1.799	3.494					~/bin2	CONVERGED
mp-5782	N	2026-10-05 10:23:49	kt1	D3	CONVERGED	5	1.799320	3.425811	0.0190	1013			989a18637	
mp-5795	M	2026-04-11 18:26:22			GOOD	8	2.181	3.593					~/bin2	CONVERGED
mp-5795	N	2026-10-03 19:43:52	kr7	K0	CONVERGED	5	2.181770	3.604291	0.0050	452			b695fa65c	
mp-580886	M	2026-04-22 12:52:02			GOOD	8	0.806	2.004					~/bin2	CONVERGED
mp-580886	N	2026-10-05 06:47:09	kt1	D3	CONVERGED	4	0.807507	2.122575	0.0200	1036			989a18637	
mp-580941	M	2026-05-05 16:30:55			GOOD	8	1.381	3.091					~/bin2	CONVERGED
mp-580941	N	2026-10-04 23:52:38	kt1	D2	CONVERGED	5	1.381013	3.083004	0.0120	2177			989a18637	
mp-580941	E	2026-10-07 02:16:09	kt1es	G0	CONVERGED	5	1.380855	3.098090	0.0110	3421	2	es-c	0601771b4	
mp-581024	M	2026-04-06 23:05:06			GOOD	8	0.821	2.023					~/bin2	CONVERGED
mp-581024	N	2026-10-03 18:31:17	kr7	K1	CONVERGED	5	0.819663	2.027960	0.0130	488			b695fa65c	
mp-5811	M	2026-04-11 19:38:36			GOOD	8	2.693	5.077					~/bin2	CONVERGED
mp-5811	N	2026-10-03 23:37:17	kr7	K1	CONVERGED	6	2.693562	5.086096	0.0020	561			b695fa65c	
mp-581833	M	2026-05-05 14:00:58			FAILED	3	3.599						~/bin2	PROD_NaN_lqpe
mp-581833	R	2026-09-30 03:07:47	kt1	W1	CONVERGED	5	3.597908	6.417903		268			989a18637	
mp-581833	N	2026-10-03 05:44:26	kr7	K0	CONVERGED	5	3.597908	6.417977	0.0030	296			b695fa65c	
mp-5827	M	2026-04-11 20:21:00			GOOD	8	1.718	3.820					~/bin2	CONVERGED
mp-5827	N	2026-10-04 08:18:32	kr7	K1	CONVERGED	8	1.717811	3.751451	0.1190	530			b695fa65c	
mp-5840	M	2026-05-05 15:19:54			NOTCONV	10	3.789	13.062					~/bin2	MAXITER_NOTCONV
mp-5840	R	2026-10-01 15:11:25	kt1	R3	CONVERGED	6	3.789047	6.817251	0.0100	1126			989a18637	
mp-5840	N	2026-10-05 23:52:29	kt1	D1	CONVERGED	6	3.789047	6.817092	0.0100	445			989a18637	
mp-5841	M	2026-04-07 01:09:29			GOOD	8	1.873	3.877					~/bin2	CONVERGED
mp-5841	N	2026-10-03 19:07:24	kr7	K1	CONVERGED	6	1.870191	3.940855	0.0070	624			b695fa65c	
mp-5858	M	2026-05-05 15:48:17			GOOD	10	2.113	5.733					~/bin2	CONVERGED
mp-5858	N	2026-10-04 00:33:26	kt1	D2	CONVERGED	6	2.112671	6.144340	0.0050	693			989a18637	
mp-5860	M	2026-04-11 21:46:14			NOTCONV	10	2.049	3.967					~/bin2	MAXITER_NOTCONV
mp-5860	R	2026-10-01 05:32:13	kt1	R5	CONVERGED	5	2.048907	4.494736	0.0240	908			989a18637	
mp-5860	N	2026-10-04 16:17:22	kr7	K0	CONVERGED	5	2.048907	4.494650	0.0240	1121			b695fa65c	
mp-5878	M	2026-04-11 22:29:30			GOOD	10	3.706	8.192					~/bin2	CONVERGED
mp-5878	N	2026-10-03 19:22:16	kr7	K1	CONVERGED	6	3.706286	8.409210	0.0020	456			b695fa65c	
mp-588	M	2026-05-05 17:47:31			NOTCONV	10	4.979	7.843					~/bin2	MAXITER_NOTCONV
mp-588	R	2026-10-01 15:18:46	kt1	R5	CONVERGED	6	4.981541	9.774229	0.0010	1212			989a18637	
mp-588	N	2026-10-06 00:13:57	kt1	D1	CONVERGED	6	4.981541	9.774688	0.0020	508			989a18637	
mp-5893	M	2026-04-11 23:05:41			GOOD	10	3.356	6.187					~/bin2	CONVERGED
mp-5893	N	2026-10-03 20:38:49	kr7	K0	CONVERGED	6	3.357005	6.291670	0.0060	286			b695fa65c	
mp-5920	M	2026-04-04 09:48:18			GOOD	8		0.475					~/bin2	CONVERGED
mp-5920	N	2026-10-03 04:17:29	kr7	K0	CONVERGED	5	0.279964	0.471098	0.0020	207			b695fa65c	
mp-5928	M	2026-04-25 02:48:22			GOOD	9	2.572	4.468					~/bin2	CONVERGED
mp-5928	N	2026-10-04 12:30:21	kt1	D0	CONVERGED	5	2.571669	4.458289	0.0120	1079			989a18637	
mp-5955	M	2026-05-05 18:00:07			NOTCONV	10	5.055	8.169					~/bin2	MAXITER_NOTCONV
mp-5955	R	2026-10-01 15:12:23	kt1	R1	CONVERGED	6	5.054327	10.623816	none	753			989a18637	
mp-5955	N	2026-10-05 22:31:49	kt1	D0	CONVERGED	6	5.054327	10.623784	none	435			989a18637	
mp-5955	E	2026-10-07 01:58:57	kt1es	G2	CONVERGED	6	5.055887	10.668480	2.4710	1608	2	es-c	0601771b4	
mp-5962	M	2026-04-22 13:05:49			GOOD	8	0.927	2.192					~/bin2	CONVERGED
mp-5962	N	2026-10-04 09:01:14	kt1	D3	CONVERGED	5	0.927576	2.202455	0.0070	1121			989a18637	
mp-5967	M	2026-04-04 09:54:05			GOOD	8	1.072	1.310					~/bin2	CONVERGED
mp-5967	N	2026-10-03 04:58:31	kr7	K0	CONVERGED	4	1.072540	1.301955	0.0760	251			b695fa65c	
mp-5986	M	2026-04-12 00:23:41			GOOD	8	1.677	3.387					~/bin2	CONVERGED
mp-5986	N	2026-10-04 04:45:40	kr7	K0	CONVERGED	6	1.676946	3.522331	0.0450	665			b695fa65c	
mp-600089	M	2026-04-12 02:20:41			GOOD	8	1.574	3.103					~/bin2	CONVERGED
mp-600089	N	2026-10-04 05:30:01	kr7	K0	CONVERGED	5	1.573374	3.106569	0.0160	821			b695fa65c	
mp-602	M	2026-04-22 13:15:22			GOOD	8	0.948	1.431					~/bin2	CONVERGED
mp-602	N	2026-10-04 00:32:32	kt1	D0	CONVERGED	4	0.948023	1.422511	0.0090	445			989a18637	
mp-6070	M	2026-05-05 20:03:30			NOTCONV	10	2.237	4.719					~/bin2	MAXITER_NOTCONV
mp-6070	R	2026-10-01 15:40:39	kt1	R4	CONVERGED	6	2.236520	4.640277	0.0030	2077			989a18637	
mp-6070	N	2026-10-06 02:27:40	kt1	D1	CONVERGED	6	2.236520	4.640329	0.0030	1066			989a18637	
mp-6070	E	2026-10-07 02:36:23	kt1es	G2	CONVERGED	6	2.237088	4.585873	0.0030	2246	2	es-c	0601771b4	
mp-613652	M	2026-04-22 13:41:48			GOOD	8	3.562	5.840					~/bin2	CONVERGED
mp-613652	N	2026-10-03 04:12:42	kt1	D2	CONVERGED	6	3.561201	5.741816	0.0050	1342			989a18637	
mp-613910	M	2026-05-05 19:20:29			GOOD	9	1.283	5.373					~/bin2	CONVERGED
mp-613910	N	2026-10-05 04:12:03	kt1	D1	CONVERGED	7	1.282376	5.427422	0.0530	848			989a18637	
mp-614013	M	2026-04-12 04:44:42			GOOD	8	0.475	1.240					~/bin2	CONVERGED
mp-614013	N	2026-10-03 23:03:29	kr7	K1	CONVERGED	5	0.474152	1.215647	0.0160	1053			b695fa65c	
mp-614013	E	2026-10-05 18:59:56	kr7es	F0	CONVERGED	5	0.474001	1.178793	0.0190	1670	3	es-a	614ab5eb8	
mp-614603	M	2026-04-04 02:40:58			FAILED	5	3.597	6.210					~/bin2	AC_rst-rmt-mismatch@llmf_start(lmf)
mp-614603	R	2026-09-30 02:10:24	kt1	W4	CONVERGED	5	3.595345	6.307015		477			989a18637	
mp-614603	E1	2026-10-05 03:45:40	kr7e1	E0	CONVERGED	5	3.594361	6.084848	0.0110	293	2		b695fa65c	
mp-614603	N	2026-10-05 21:39:19	kt1	D1	CONVERGED	5	3.595345	6.306501	0.0110	218			989a18637	
mp-614603	E	2026-10-06 19:53:09	kt1es	G1	CONVERGED	5	3.594398	6.085324	0.0100	338	2	es-c	0601771b4	
mp-617	M	2026-04-04 09:54:18			GOOD	8	1.286	2.986					~/bin2	CONVERGED
mp-617	N	2026-10-03 02:56:28	kr7	K1	CONVERGED	5	1.286078	2.995084	0.0160	196			b695fa65c	
mp-623024	M	2026-05-05 19:48:01			NOTCONV	10	4.394	7.681					~/bin2	MAXITER_NOTCONV
mp-623024	R	2026-10-01 15:40:19	kt1	R3	CONVERGED	7	4.394530	8.826431	0.0170	1734			989a18637	
mp-623024	N	2026-10-06 01:18:31	kt1	D3	CONVERGED	7	4.394530	8.827049	0.0170	707			989a18637	
mp-624688	M	2026-04-25 03:07:24			GOOD	10	2.316	4.468					~/bin2	CONVERGED
mp-624688	N	2026-10-03 00:56:26	kt1	D2	CONVERGED	5	2.315912	4.028031	0.0070	836			989a18637	
mp-625548	M	2026-05-05 17:35:22			FAILED	1	1.512						~/bin2	PROD_NaN_lqpe
mp-625548	R	2026-09-30 03:34:12	kt1	W2	CONVERGED	6	1.513245	4.164273		408			989a18637	
mp-625548	N	2026-10-04 14:51:24	kr7	K1	CONVERGED	6	1.513245	4.164431	0.0010	344			b695fa65c	
mp-626151	M	2026-05-05 18:28:17			FAILED	0	4.053						~/bin2	PROD_bmix_min
mp-626151	R	2026-09-30 14:54:14	kt1	W2	CONVERGED	6	4.052821	6.107897		4084			989a18637	
mp-626151	N	2026-10-06 06:07:33	kt1	D1	CONVERGED	6	4.052821	6.107964	0.0020	1516			989a18637	
mp-626620	M	2026-04-22 13:40:47			NOTCONV	10	3.408	6.374					~/bin2	MAXITER_NOTCONV
mp-626620	R	2026-10-01 07:03:19	kt1	R2	CONVERGED	6	3.409712	6.663139	0.0020	1627			989a18637	
mp-626620	N	2026-10-04 23:47:20	kr7	K0	CONVERGED	6	3.409712	6.663171	0.0020	1445			b695fa65c	
mp-630528	M	2026-05-06 01:13:29			GOOD	8	0.214	0.865					~/bin2	CONVERGED
mp-630528	N	2026-10-04 21:51:07	kt1	D1	CONVERGED	4	0.213574	0.862561	0.0170	1937			989a18637	
mp-632229	M	2026-04-07 02:08:16			GOOD	9	4.334	7.694					~/bin2	CONVERGED
mp-632229	N	2026-10-03 08:33:54	kr7	K1	CONVERGED	6	4.334020	7.782724	0.0010	688			b695fa65c	
mp-632229	E1	2026-10-05 13:22:40	kr7e1	F1	CONVERGED	6	4.335069	7.509368	0.0010	3728	2		614ab5eb8	
mp-632229	E	2026-10-06 19:59:43	kt1es	G0	CONVERGED	6	4.334221	7.713307	0.0010	685	2	es-c	0601771b4	
mp-632291	M	2026-04-04 02:41:58			GOOD	8	8.312	14.632					~/bin2	CONVERGED
mp-632291	N	2026-10-02 23:09:16	kr7	K1	CONVERGED	6	8.310628	14.675692	none	102			b695fa65c	
mp-632291	E	2026-10-06 12:37:56	kt1es	G2	CONVERGED	6	8.309926	14.478511	none	6466	2	es-a	0601771b4	
mp-632296	M	2026-04-07 02:24:17			NOTCONV	10	6.392	12.353					~/bin2	MAXITER_NOTCONV
mp-632296	R	2026-10-01 04:03:28	kt1	R1	CONVERGED	6	6.392350	12.253660	none	348			989a18637	
mp-632296	N	2026-10-03 06:35:32	kr7	K1	CONVERGED	6	6.392350	12.253668	none	389			b695fa65c	
mp-632296	E	2026-10-06 16:39:58	kt1es	G0	CONVERGED	6	6.394738	11.882007	none	329	2	es-c	0601771b4	
mp-632319	M	2026-04-04 02:46:19			FAILED	5	2.303	4.592					~/bin2	AC_rst-rmt-mismatch@llmf_start(lmf)
mp-632319	R	2026-09-30 02:11:10	kt1	W1	CONVERGED	6	2.302430	4.701782		483			989a18637	
mp-632319	N	2026-10-05 21:42:31	kt1	D2	CONVERGED	6	2.302430	4.701658	0.0020	327			989a18637	
mp-632326	M	2026-04-07 04:06:02			GOOD	8	5.365	9.265					~/bin2	CONVERGED
mp-632326	N	2026-10-03 11:48:48	kr7	K1	CONVERGED	6	5.364138	9.298831	0.0010	524			b695fa65c	
mp-632326	E1	2026-10-05 13:34:40	kr7e1	F0	CONVERGED	6	5.365742	9.010737	0.0010	1762	2		614ab5eb8	
mp-632326	E	2026-10-06 20:00:25	kt1es	G2	CONVERGED	6	5.364329	9.258765	0.0010	669	2	es-c	0601771b4	
mp-632711	M	2026-05-05 22:46:51			GOOD	10	1.940	4.064					~/bin2	CONVERGED
mp-632711	N	2026-10-03 22:20:31	kt1	D0	CONVERGED	6	1.939689	3.973830	0.0010	795			989a18637	
mp-632808	M	2026-04-12 05:59:42			GOOD	9	1.071	3.459					~/bin2	CONVERGED
mp-632808	N	2026-10-04 10:50:09	kr7	K1	CONVERGED	6	1.073556	3.531029	0.0210	506			b695fa65c	
mp-634	M	2026-04-22 14:08:00			UNKNOWN	6							~/bin2	NOGAP_METAL_IN_LDA_TOO
mp-634	R	2026-10-01 00:21:21	kt1	M1	CONVERGED_METAL	5	none	none	none	1136			989a18637	
mp-634	N	2026-10-03 04:06:59	kt1	D1	CONVERGED_METAL	5	none	none	none	729			989a18637	
mp-634657	M	2026-04-22 14:12:47			GOOD	8	2.971	5.720					~/bin2	CONVERGED
mp-634657	N	2026-10-04 09:43:30	kt1	D2	CONVERGED	6	2.969842	5.638558	0.0010	1102			989a18637	
mp-634676	M	2026-04-22 14:47:20			GOOD	9	2.950	5.672					~/bin2	CONVERGED
mp-634676	N	2026-10-04 11:16:20	kt1	D1	CONVERGED	6	2.948611	5.811915	0.0020	1279			989a18637	
mp-634859	M	2026-04-04 10:01:17			GOOD	6	2.717	6.255					~/bin2	CONVERGED
mp-634859	N	2026-10-03 03:16:25	kr7	K0	CONVERGED	6	2.716884	6.389331	0.0010	237			b695fa65c	
mp-635413	M	2026-04-07 04:25:52			GOOD	8	0.110	1.067					~/bin2	CONVERGED
mp-635413	N	2026-10-03 14:57:03	kr7	K0	CONVERGED	5	0.109688	1.112776	0.0140	609			b695fa65c	
mp-6408	M	2026-05-06 00:15:48			GOOD	8	0.403	1.471					~/bin2	CONVERGED
mp-6408	N	2026-10-05 11:33:02	kt1	D0	CONVERGED	5	0.403343	1.493815	0.0150	1329			989a18637	
mp-642725	M	2026-05-06 00:32:10			GOOD	8	5.239	8.270					~/bin2	CONVERGED
mp-642725	N	2026-10-04 17:44:22	kt1	D3	CONVERGED	6	5.237139	8.257981	0.0010	737			989a18637	
mp-643033	M	2026-05-06 01:45:53			GOOD	8	4.174	7.140					~/bin2	CONVERGED
mp-643033	N	2026-10-04 13:06:53	kt1	D3	CONVERGED	5	4.173402	7.155259	0.0020	1368			989a18637	
mp-643043	M	2026-04-22 14:49:48			FAILED	6	2.998						~/bin2	NOGAP_GAP_COLLAPSED(LDA gap 3.00 eV)
mp-643043	R	2026-09-30 04:45:38	kt1	W4	CONVERGED	6	2.998063	6.427641		818			989a18637	
mp-643043	N	2026-10-05 22:56:00	kt1	D1	CONVERGED	6	2.998063	6.427703	0.0020	697			989a18637	
mp-643257	M	2026-04-25 03:05:37			GOOD	10	2.504	5.475					~/bin2	CONVERGED
mp-643257	N	2026-10-04 13:17:29	kt1	D2	CONVERGED	6	2.503145	5.336478	0.0030	862			989a18637	
mp-643257	E	2026-10-07 09:50:58	kt1es	G0	CONVERGED	6	2.504133	5.245503	0.0020	785	1	es-c	0601771b4	
mp-643260	M	2026-04-25 03:18:59			GOOD	9	2.094	4.531					~/bin2	CONVERGED
mp-643260	N	2026-10-03 11:49:38	kt1	D3	CONVERGED	6	2.093602	4.654404	0.0030	931			989a18637	
mp-643364	M	2026-05-06 02:21:46			GOOD	8	2.786	4.365					~/bin2	CONVERGED
mp-643364	N	2026-10-05 16:34:26	kt1	D0	CONVERGED	5	2.785143	4.479723	0.0030	1296			989a18637	
mp-644203	M	2026-04-12 06:45:14			GOOD	9	2.814	5.928					~/bin2	CONVERGED
mp-644203	N	2026-10-03 23:11:43	kr7	K0	CONVERGED	6	2.812953	5.953775	0.0020	423			b695fa65c	
mp-644222	M	2026-05-06 05:33:39			GOOD	8	2.195	4.749					~/bin2	CONVERGED
mp-644222	N	2026-10-05 16:58:22	kt1	D0	CONVERGED	6	2.194072	4.813295	0.0010	1436			989a18637	
mp-644272	M	2026-04-04 10:02:11			GOOD	8	6.458	11.108					~/bin2	CONVERGED
mp-644272	N	2026-10-03 04:50:26	kr7	K1	CONVERGED	5	6.455068	11.053879	none	290			b695fa65c	
mp-644272	E1	2026-10-05 05:36:41	kr7e1	E0	CONVERGED	5	6.443886	10.715398	none	513	1		b695fa65c	
mp-644272	E	2026-10-06 20:03:17	kt1es	G1	CONVERGED	5	6.446227	10.699451	none	608	1	es-c	0601771b4	
mp-644385	M	2026-04-04 10:07:09			GOOD	8	6.682	11.304					~/bin2	CONVERGED
mp-644385	N	2026-10-03 01:36:38	kr7	K0	CONVERGED	5	6.679461	11.376192	none	208			b695fa65c	
mp-644385	E1	2026-10-05 05:39:53	kr7e1	E1	CONVERGED	5	6.664773	10.955062	none	327	1		b695fa65c	
mp-644385	E	2026-10-06 20:05:20	kt1es	G0	CONVERGED	5	6.678028	11.297915	none	337	2	es-c	0601771b4	
mp-644497	M	2026-04-12 09:04:47			NOTCONV	10	0.324	2.658					~/bin2	MAXITER_NOTCONV
mp-644497	R	2026-10-01 05:41:11	kt1	R1	CONVERGED	6	0.322921	2.705998	0.0030	1415			989a18637	
mp-644497	N	2026-10-04 17:44:25	kr7	K1	CONVERGED	6	0.322921	2.706208	0.0030	1478			b695fa65c	
mp-644607	M	2026-04-22 14:59:22			NOTCONV	10	6.226	10.259					~/bin2	MAXITER_NOTCONV
mp-644607	R	2026-10-01 07:03:41	kt1	R3	CONVERGED	5	6.223344	10.276498	none	1150			989a18637	
mp-644607	N	2026-10-05 00:50:35	kr7	K0	CONVERGED	5	6.223344	10.276377	none	655			b695fa65c	
mp-644607	E	2026-10-06 16:53:31	kt1es	G2	CONVERGED	5	6.220711	10.177117	1.8130	353	4	es-c	0601771b4	
mp-648	M	2026-04-04 10:08:40			GOOD	8	2.364	4.688					~/bin2	CONVERGED
mp-648	N	2026-10-03 03:28:07	kr7	K1	CONVERGED	6	2.364510	4.680019	0.0030	258			b695fa65c	
mp-655275	M	2026-04-25 03:54:13			GOOD	10	1.914	4.251					~/bin2	CONVERGED
mp-655275	N	2026-10-04 04:19:52	kt1	D3	CONVERGED	6	1.913163	4.246081	0.0020	1447			989a18637	
mp-655275	E	2026-10-07 10:03:13	kt1es	G2	CONVERGED	6	1.912755	4.092712	0.0010	1479	3	es-c	0601771b4	
mp-66	M	2026-04-04 02:44:45			GOOD	8	4.172	5.808					~/bin2	CONVERGED
mp-66	N	2026-10-03 00:51:13	kr7	K0	CONVERGED	5	4.172615	5.798442	0.0010	98			b695fa65c	
mp-661	M	2026-04-07 05:03:52			GOOD	8	4.087	6.067					~/bin2	CONVERGED
mp-661	N	2026-10-03 17:43:02	kr7	K1	CONVERGED	5	4.087607	5.967117	0.0060	268			b695fa65c	
mp-665	M	2026-04-04 10:17:28			GOOD	8	0.574	1.484					~/bin2	CONVERGED
mp-665	N	2026-10-03 04:40:06	kr7	K1	CONVERGED	5	0.573927	1.498684	0.0060	287			b695fa65c	
mp-665922	M	2026-04-07 06:00:21			GOOD	10	2.176	3.470					~/bin2	CONVERGED
mp-665922	N	2026-10-03 00:22:59	kt1	D2	CONVERGED	5	2.175999	4.516116	0.0150	684			989a18637	
mp-672	M	2026-04-07 06:59:42			GOOD	8	0.895	2.424					~/bin2	CONVERGED
mp-672	N	2026-10-03 09:28:29	kr7	K1	CONVERGED	5	0.894534	2.406206	0.0150	572			b695fa65c	
mp-672233	M	2026-04-07 07:05:27			GOOD	8	6.931	13.718					~/bin2	CONVERGED
mp-672233	N	2026-10-03 13:57:57	kr7	K0	CONVERGED	5	6.928906	13.495240	none	328			b695fa65c	
mp-672233	E1	2026-10-05 13:40:35	kr7e1	F1	MAXITER	10	6.931363	13.114258	none	1075	1		614ab5eb8	
mp-672233	E	2026-10-06 20:06:19	kt1es	G2	CONVERGED	5	6.930087	13.336873	none	354	2	es-c	0601771b4	
mp-672285	M	2026-04-07 08:49:12			GOOD	8	2.069	3.291					~/bin2	CONVERGED
mp-672285	N	2026-10-03 10:48:31	kr7	K0	CONVERGED	6	2.068956	3.595625	0.0050	560			b695fa65c	
mp-672285	E1	2026-10-05 13:36:23	kr7e1	F0	FAIL(1)	0	2.076541	none	none	103	2		614ab5eb8	
mp-672285	E	2026-10-06 20:13:22	kt1es	G1	CONVERGED	6	2.072371	3.477506	0.0020	605	1	es-c	0601771b4	
mp-676250	M	2026-04-25 04:58:26			GOOD	8	0.660	1.041					~/bin2	CONVERGED
mp-676250	N	2026-10-03 11:22:41	kt1	D3	CONVERGED	4	0.656444	1.034552	0.0120	3619			989a18637	
mp-6781	M	2026-05-06 08:18:49			FAILED	4	2.975	5.725					~/bin2	PROD_TIMEOUT_8h
mp-6781	R	2026-09-30 15:59:22	kt1	W4	CONVERGED	6	2.975232	5.598843		4664			989a18637	
mp-6781	N	2026-10-06 07:10:24	kt1	D0	CONVERGED	6	2.975232	5.598979	0.0020	2168			989a18637	
mp-682	M	2026-04-04 02:48:15			NOTCONV	10	6.430	11.462					~/bin2	MAXITER_NOTCONV
mp-682	R	2026-10-01 03:01:31	kt1	R4	CONVERGED	6	6.428080	11.484239	none	505			989a18637	
mp-682	N	2026-10-05 21:44:56	kt1	D2	CONVERGED	6	6.428080	11.484418	none	145			989a18637	
mp-684	M	2026-04-22 15:46:06			GOOD	8	1.520	3.719					~/bin2	CONVERGED
mp-684	N	2026-10-05 00:43:34	kt1	D0	CONVERGED	6	1.519245	3.637391	0.0050	1685			989a18637	
mp-685022	M	2026-05-06 08:36:17			FAILED	3	0.667	1.068					~/bin2	PROD_TIMEOUT_8h
mp-685022	R	2026-09-30 16:33:04	kt1	W2	CONVERGED	4	0.666132	1.062651		5930			989a18637	
mp-685022	N	2026-10-06 09:18:20	kt1	D0	CONVERGED	4	0.666132	1.062552	0.0210	3386			989a18637	
mp-685145	M	2026-04-04 02:51:38			GOOD	8	3.594	5.871					~/bin2	CONVERGED
mp-685145	N	2026-10-03 00:47:58	kr7	K1	CONVERGED	5	3.593444	5.955495	0.0030	162			b695fa65c	
mp-685145	E	2026-10-06 14:12:28	kt1es	G4	CONVERGED	5	3.593444	5.954879	0.0030	162	0	es-c	0601771b4	
mp-6867	M	2026-04-25 04:15:21			GOOD	8	4.050	7.400					~/bin2	CONVERGED
mp-6867	N	2026-10-03 23:39:06	kt1	D2	CONVERGED	6	4.050396	7.507280	0.0020	970			989a18637	
mp-6867	E	2026-10-07 10:02:42	kt1es	G0	CONVERGED	6	4.047578	7.425384	0.0020	704	1	es-c	0601771b4	
mp-690794	M	2026-04-07 08:35:52			GOOD	8	1.719	2.797					~/bin2	CONVERGED
mp-690794	N	2026-10-03 11:03:36	kr7	K1	CONVERGED	5	1.718443	2.990095	0.0260	507			b695fa65c	
mp-691	M	2026-05-06 09:17:14			FAILED	3	0.792	1.235					~/bin2	PROD_TIMEOUT_8h
mp-691	R	2026-09-30 16:23:23	kt1	W1	CONVERGED	4	0.792248	1.243348		4435			989a18637	
mp-691	N	2026-10-06 06:59:19	kt1	D3	CONVERGED	4	0.792248	1.243451	0.0140	2454			989a18637	
mp-6920	M	2026-04-12 10:05:11			GOOD	10	2.850	7.369					~/bin2	CONVERGED
mp-6920	N	2026-10-03 02:13:42	kt1	D0	CONVERGED	6	2.852091	7.283381	0.0030	389			989a18637	
mp-6947	M	2026-04-22 15:09:47			GOOD	10	4.958	8.099					~/bin2	CONVERGED
mp-6947	N	2026-10-04 00:15:22	kt1	D3	CONVERGED	5	4.958099	8.123798	0.0030	502			989a18637	
mp-6948	M	2026-04-22 15:30:48			GOOD	8	2.317	4.957					~/bin2	CONVERGED
mp-6948	N	2026-10-03 12:50:29	kt1	D0	CONVERGED	6	2.316322	4.934998	0.0030	1083			989a18637	
mp-6949	M	2026-05-06 08:52:42			NOTCONV	10	4.027	7.064					~/bin2	MAXITER_NOTCONV
mp-6949	R	2026-10-01 15:32:54	kt1	R1	CONVERGED	6	4.027866	8.137896	0.0020	1231			989a18637	
mp-6949	N	2026-10-06 00:22:14	kt1	D0	CONVERGED	6	4.027866	8.138951	0.0030	583			989a18637	
mp-6951	M	2026-04-12 10:50:09			NOTCONV	10	2.998	7.407					~/bin2	MAXITER_NOTCONV
mp-6951	R	2026-10-01 05:45:44	kt1	R4	CONVERGED	6	2.997867	7.039320	0.0070	1412			989a18637	
mp-6951	N	2026-10-04 17:21:24	kr7	K0	CONVERGED	6	2.997867	7.039210	0.0070	361			b695fa65c	
mp-696736	M	2026-05-06 10:25:31			FAILED	3	6.976	11.600					~/bin2	PROD_TIMEOUT_8h
mp-696736	R	2026-09-30 16:36:30	kt1	W3	CONVERGED	6	6.975834	11.951191		4071			989a18637	
mp-696736	N	2026-10-06 06:18:25	kt1	D3	CONVERGED	6	6.975834	11.951256	none	2597			989a18637	
mp-696804	M	2026-04-22 16:19:03			GOOD	9	2.767	5.610					~/bin2	CONVERGED
mp-696804	N	2026-10-04 13:50:44	kt1	D3	CONVERGED	6	2.765049	5.620224	0.0020	1532			989a18637	
mp-697096	M	2026-04-25 04:30:52			GOOD	10	1.939	4.427					~/bin2	CONVERGED
mp-697096	N	2026-10-03 18:39:12	kt1	D2	CONVERGED	6	1.938177	4.407906	0.0040	975			989a18637	
mp-697133	M	2026-04-25 04:58:33			NOTCONV	10	2.667	5.126					~/bin2	MAXITER_NOTCONV
mp-697133	R	2026-10-01 09:20:56	kt1	R2	CONVERGED	6	2.665492	5.644610	0.0040	1652			989a18637	
mp-697133	N	2026-10-06 01:01:00	kt1	D1	CONVERGED	6	2.665492	5.644921	0.0040	837			989a18637	
mp-697144	M	2026-05-06 12:51:45			FAILED	6	1.805						~/bin2	NOGAP_GAP_COLLAPSED(LDA gap 1.80 eV, previous QSGW iteration 0.13 eV)
mp-697144	R	2026-09-30 17:01:24	kt1	W4	CONVERGED	6	1.805169	4.777354		3722			989a18637	
mp-697144	N	2026-10-06 05:16:40	kt1	D0	CONVERGED	6	1.805169	4.777365	0.0030	1123			989a18637	
mp-6972	M	2026-04-07 09:58:22			NOTCONV	10	2.702	3.966					~/bin2	MAXITER_NOTCONV
mp-6972	R	2026-10-01 04:08:34	kt1	R3	CONVERGED	6	2.701063	4.370518	0.0080	353			989a18637	
mp-6972	N	2026-10-03 06:38:15	kr7	K0	CONVERGED	6	2.701063	4.371494	0.0080	417			b695fa65c	
mp-6973	M	2026-04-22 16:29:34			GOOD	8	2.261	4.320					~/bin2	CONVERGED
mp-6973	N	2026-10-05 09:39:42	kt1	D2	CONVERGED	5	2.259155	4.309248	0.0110	1239			989a18637	
mp-6980	M	2026-04-07 11:00:32			GOOD	8	0.784	1.970					~/bin2	CONVERGED
mp-6980	N	2026-10-03 08:01:01	kr7	K1	CONVERGED	5	0.783932	1.972697	0.0270	594			b695fa65c	
mp-7	M	2026-04-22 16:42:06			NOTCONV	10	1.971	4.578					~/bin2	MAXITER_NOTCONV
mp-7	R	2026-10-01 07:15:43	kt1	R4	CONVERGED	6	1.971537	4.011625	0.0030	1834			989a18637	
mp-7	N	2026-10-04 21:59:16	kr7	K0	CONVERGED	6	1.971537	4.011883	0.0030	1576			b695fa65c	
mp-7	E	2026-10-06 08:09:43	kr7es	F0	CONVERGED	6	1.971715	3.926017	0.0030	2725	7	es-a	614ab5eb8	
mp-700	M	2026-05-06 16:13:09			GOOD	8	0.796	1.395					~/bin2	CONVERGED
mp-700	N	2026-10-04 15:53:06	kt1	D0	CONVERGED	4	0.794457	1.393635	0.0140	1576			989a18637	
mp-7017	M	2026-04-07 11:21:44			GOOD	9	0.880	1.755					~/bin2	CONVERGED
mp-7017	N	2026-10-03 16:32:04	kr7	K1	CONVERGED	5	0.878051	1.807835	0.0080	499			b695fa65c	
mp-7041	M	2026-04-07 12:37:04			NOTCONV	10	2.134	4.568					~/bin2	MAXITER_NOTCONV
mp-7041	R	2026-10-01 04:09:23	kt1	R1	CONVERGED	5	2.134180	4.435741	0.0210	355			989a18637	
mp-7041	N	2026-10-03 06:44:29	kr7	K0	CONVERGED	5	2.134180	4.435256	0.0210	374			b695fa65c	
mp-706	M	2026-04-07 13:01:11			NOTCONV	10	1.397	3.009					~/bin2	MAXITER_NOTCONV
mp-706	R	2026-10-01 04:14:52	kt1	R3	CONVERGED	5	1.397021	2.891362	0.0320	378			989a18637	
mp-706	N	2026-10-04 12:51:49	kr7	K1	CONVERGED	5	1.397021	2.890887	0.0310	483			b695fa65c	
mp-706	E	2026-10-06 16:42:27	kt1es	G1	CONVERGED	5	1.397663	2.887995	0.0250	404	3	es-c	0601771b4	
mp-7067	M	2026-04-12 12:10:58			GOOD	8	0.070	0.938					~/bin2	CONVERGED
mp-7067	N	2026-10-04 01:53:38	kr7	K0	CONVERGED	5	0.069833	0.954283	0.0080	663			b695fa65c	
mp-7077	M	2026-04-22 17:15:38			GOOD	9	1.948	3.669					~/bin2	CONVERGED
mp-7077	N	2026-10-05 13:16:02	kt1	D0	CONVERGED	5	1.947827	3.725245	0.0180	1189			989a18637	
mp-7089	M	2026-04-22 17:25:52			GOOD	8	1.177	2.343					~/bin2	CONVERGED
mp-7089	N	2026-10-04 18:27:17	kt1	D1	CONVERGED	5	1.176547	2.348662	0.0070	1855			989a18637	
mp-7090	M	2026-04-22 17:53:42			GOOD	8	1.073	1.945					~/bin2	CONVERGED
mp-7090	N	2026-10-03 13:22:10	kt1	D1	CONVERGED	5	1.071431	1.953637	0.0060	1096			989a18637	
mp-7104	M	2026-04-12 13:00:30			GOOD	9	6.911	11.348					~/bin2	CONVERGED
mp-7104	N	2026-10-04 08:58:54	kr7	K0	CONVERGED	6	6.910157	11.067362	none	571			b695fa65c	
mp-7140	M	2026-04-07 13:42:44			GOOD	8	2.440	3.528					~/bin2	CONVERGED
mp-7140	N	2026-10-03 17:53:39	kr7	K0	CONVERGED	4	2.437682	3.548346	0.0160	216			b695fa65c	
mp-715566	M	2026-05-06 15:15:32			GOOD	10	1.849	4.365					~/bin2	CONVERGED
mp-715566	N	2026-10-04 20:02:48	kt1	D1	CONVERGED	6	1.849530	4.204647	0.0060	1234			989a18637	
mp-7173	M	2026-04-04 10:17:46			GOOD	8	0.622	0.809					~/bin2	CONVERGED
mp-7173	N	2026-10-03 05:30:55	kr7	K1	CONVERGED	4	0.621871	0.811381	0.0490	218			b695fa65c	
mp-7188	M	2026-04-04 10:24:46			GOOD	8	0.407	1.006					~/bin2	CONVERGED
mp-7188	N	2026-10-03 05:01:56	kr7	K0	CONVERGED	4	0.405745	0.983922	0.0080	204			b695fa65c	
mp-720	M	2026-05-06 16:55:44			FAILED	4	2.903	4.700					~/bin2	PROD_TIMEOUT_8h
mp-720	R	2026-09-30 17:06:50	kt1	W1	CONVERGED	5	2.903315	4.731647		2607			989a18637	
mp-720	N	2026-10-06 03:42:38	kt1	D0	CONVERGED	5	2.903315	4.731661	0.0070	1581			989a18637	
mp-720166	M	2026-04-25 05:26:19			GOOD	10	1.180	2.419					~/bin2	CONVERGED
mp-720166	N	2026-10-04 02:13:35	kt1	D1	CONVERGED	5	1.180162	2.347661	0.0750	788			989a18637	
mp-7204	M	2026-05-06 15:34:38			GOOD	9	2.487	4.416					~/bin2	CONVERGED
mp-7204	N	2026-10-04 16:50:41	kt1	D0	CONVERGED	5	2.486909	4.448273	0.0040	873			989a18637	
mp-721469	M	2026-04-22 17:58:10			GOOD	8	1.601	3.616					~/bin2	CONVERGED
mp-721469	N	2026-10-03 11:10:22	kt1	D1	CONVERGED	5	1.601939	3.664627	0.0120	1485			989a18637	
mp-722181	M	2026-04-22 18:11:59			GOOD	8	2.631	4.813					~/bin2	CONVERGED
mp-722181	N	2026-10-05 03:58:21	kt1	D3	CONVERGED	5	2.631542	4.813929	0.0060	690			989a18637	
mp-7223	M	2026-04-12 13:58:37			GOOD	8	0.650	1.809					~/bin2	CONVERGED
mp-7223	N	2026-10-04 01:23:14	kr7	K1	CONVERGED	5	0.650557	1.798012	0.0070	608			b695fa65c	
mp-7232	M	2026-04-12 15:45:45			NOTCONV	10	1.993	4.286					~/bin2	MAXITER_NOTCONV
mp-7232	R	2026-10-01 05:50:03	kt1	R5	CONVERGED	6	1.993102	4.354080	0.0020	1070			989a18637	
mp-7232	N	2026-10-04 16:48:36	kr7	K1	CONVERGED	6	1.993102	4.354285	0.0030	1375			b695fa65c	
mp-723629	M	2026-04-07 16:45:38			GOOD	10	2.863	5.423					~/bin2	CONVERGED
mp-723629	N	2026-10-03 08:01:55	kr7	K0	CONVERGED	5	2.859624	5.408933	0.0020	1607			b695fa65c	
mp-726184	M	2026-04-07 20:52:10			GOOD	8	1.730	3.737					~/bin2	CONVERGED
mp-726184	N	2026-10-04 19:49:53	kr7	K0	TIMEOUT	3	1.728347	3.709325	0.1930	5402			b695fa65c	
mp-726184	E	2026-10-06 21:06:16	kt1es	G0	CONVERGED	6	1.728351	3.735842	0.0010	3656	2	es-c	0601771b4	
mp-726184	E	2026-10-07 04:50:26	kt1es	G1	CONVERGED	6	1.728443	3.726568	0.0020	4588	4	es-c	0601771b4	
mp-726184	E	2026-10-07 14:14:37	kt1es	G1	FAIL(1)	0	1.728413	none	none	608	8	es-c	0601771b4	
mp-726184	E	2026-10-07 15:14:01	kt1es	G3	CONVERGED	6	1.728432	3.725009	0.0020	2803	5	es-c	0601771b4	
mp-727322	M	2026-04-07 21:03:19			GOOD	8	1.394	2.691					~/bin2	CONVERGED
mp-727322	N	2026-10-04 21:10:11	kr7	K1	CONVERGED	5	1.393691	2.687807	0.0090	2268			b695fa65c	
mp-727322	E1	2026-10-05 14:05:47	kr7e1	F1	FAIL(1)	0	1.393672	none	none	1512	1		614ab5eb8	
mp-727322	E	2026-10-06 20:42:12	kt1es	G2	CONVERGED	5	1.393693	2.679010	0.0080	2153	1	es-c	0601771b4	
mp-727323	M	2026-04-07 22:37:16			GOOD	9	1.729	3.231					~/bin2	CONVERGED
mp-727323	N	2026-10-04 20:32:23	kr7	K1	CONVERGED	5	1.727905	3.216445	0.0060	2895			b695fa65c	
mp-727323	E	2026-10-06 20:53:16	kt1es	G1	CONVERGED	5	1.727889	3.188910	0.0070	2394	2	es-c	0601771b4	
mp-729933	M	2026-05-06 17:49:51			GOOD	8	5.711	11.752					~/bin2	CONVERGED
mp-729933	N	2026-10-05 09:48:39	kt1	D1	CONVERGED	6	5.712570	11.824190	none	1561			989a18637	
mp-729933	E	2026-10-07 02:39:10	kt1es	G0	CONVERGED	5	5.711923	11.386584	none	1381	4	es-c	0601771b4	
mp-730101	M	2026-05-06 20:54:53			FAILED	4	9.711	15.220					~/bin2	PROD_TIMEOUT_8h
mp-730101	R	2026-09-30 17:27:31	kt1	W2	CONVERGED	4	9.710196	15.230640		3267			989a18637	
mp-730101	E1	2026-10-05 03:32:19	kr7e1	E0	FAIL(1)	0	9.706620	none	none	1200	3		b695fa65c	
mp-730101	E	2026-10-05 03:32:19	kr7es	E0	FAIL(1)	0	9.706620	none	none	1200	3	es-a	b695fa65c	
mp-730101	E	2026-10-06 10:50:10	kt1es	G2	FAIL(1)	0	9.713063	none	none	746	4	es-a	0601771b4	
mp-730101	E	2026-10-06 15:32:21	kt1es	G3	CONVERGED	5	9.711322	15.524908	none	3637	4	es-c	0601771b4	
mp-730189	M	2026-04-22 18:22:47			GOOD	9	4.771	8.291					~/bin2	CONVERGED
mp-730189	N	2026-10-03 04:14:39	kt1	D3	CONVERGED	5	4.772851	8.411728	0.0100	787			989a18637	
mp-730189	E	2026-10-06 08:17:30	kr7es	F1	CONVERGED	5	4.771247	8.351290	0.0050	1501	2	es-a	614ab5eb8	
mp-736	M	2026-05-06 20:52:17			GOOD	8	0.775	1.822					~/bin2	CONVERGED
mp-736	N	2026-10-05 05:07:31	kt1	D3	CONVERGED	5	0.775944	1.821263	0.0060	499			989a18637	
mp-7375	M	2026-04-12 16:52:10			GOOD	9	1.879	3.669					~/bin2	CONVERGED
mp-7375	N	2026-10-03 23:27:56	kr7	K1	CONVERGED	6	1.878566	3.694048	0.0090	614			b695fa65c	
mp-7392	M	2026-05-06 23:13:56			GOOD	8	0.549	1.223					~/bin2	CONVERGED
mp-7392	N	2026-10-05 12:32:26	kt1	D2	CONVERGED	5	0.548310	1.236239	0.0060	2316			989a18637	
mp-7394	M	2026-05-06 21:55:48			GOOD	8	0.365	1.730					~/bin2	CONVERGED
mp-7394	N	2026-10-05 00:39:37	kt1	D2	CONVERGED	5	0.365323	1.739519	0.0100	1752			989a18637	
mp-7421	M	2026-04-22 18:39:36			GOOD	8	0.230	1.536					~/bin2	CONVERGED
mp-7421	N	2026-10-04 21:41:15	kt1	D0	CONVERGED	5	0.231069	1.548405	0.0060	669			989a18637	
mp-743	M	2026-05-06 22:23:09			GOOD	8	4.051	6.893					~/bin2	CONVERGED
mp-743	N	2026-10-04 19:38:00	kt1	D0	CONVERGED	5	4.050588	6.976801	0.0100	900			989a18637	
mp-7430	M	2026-04-12 18:42:32			GOOD	8	0.177	0.801					~/bin2	CONVERGED
mp-7430	N	2026-10-03 20:28:35	kr7	K1	CONVERGED	5	0.176862	0.805579	0.0080	1239			b695fa65c	
mp-7433	M	2026-04-22 18:48:05			GOOD	8	0.008	1.315					~/bin2	CONVERGED
mp-7433	N	2026-10-04 14:42:56	kt1	D1	CONVERGED	5	0.008571	1.277653	0.0150	1256			989a18637	
mp-7434	M	2026-04-22 19:12:14			GOOD	8	0.579	1.752					~/bin2	CONVERGED
mp-7434	N	2026-10-05 10:28:25	kt1	D2	CONVERGED	5	0.579054	1.748860	0.0150	679			989a18637	
mp-7435	M	2026-04-22 19:10:53			GOOD	8	0.143	1.773					~/bin2	CONVERGED
mp-7435	N	2026-10-03 07:40:01	kt1	D1	CONVERGED	5	0.142966	1.763356	0.0110	950			989a18637	
mp-7436	M	2026-04-22 19:38:40			GOOD	8	0.544	2.016					~/bin2	CONVERGED
mp-7436	N	2026-10-03 08:56:17	kt1	D3	CONVERGED	5	0.545393	1.983718	0.0080	693			989a18637	
mp-7437	M	2026-04-22 19:37:23			GOOD	8	0.757	1.975					~/bin2	CONVERGED
mp-7437	N	2026-10-05 02:31:02	kt1	D3	CONVERGED	5	0.758263	1.982777	0.0070	737			989a18637	
mp-7438	M	2026-04-22 20:14:06			GOOD	8	0.394	1.666					~/bin2	CONVERGED
mp-7438	N	2026-10-05 01:17:37	kt1	D2	CONVERGED	5	0.394486	1.672545	0.0220	1084			989a18637	
mp-7439	M	2026-05-07 00:14:22			GOOD	10	1.275	1.986					~/bin2	CONVERGED
mp-7439	N	2026-10-05 20:12:20	kt1	D0	CONVERGED	5	1.275161	2.130773	0.0180	1757			989a18637	
mp-7467	M	2026-05-07 02:43:01			FAILED	7	0.801						~/bin2	NOGAP_GAP_COLLAPSED(LDA gap 0.80 eV, previous QSGW iteration 4.91 eV)
mp-7467	R	2026-09-30 17:13:43	kt1	W3	CONVERGED	6	0.800926	3.534965		2233			989a18637	
mp-7467	N	2026-10-06 02:59:06	kt1	D0	CONVERGED	6	0.800926	3.535075	0.0060	1293			989a18637	
mp-7472	M	2026-05-07 03:07:01			NOTCONV	10	1.391	6.837					~/bin2	MAXITER_NOTCONV
mp-7472	R	2026-10-01 15:50:20	kt1	R5	CONVERGED	5	1.390762	4.076355	0.0150	1894			989a18637	
mp-7472	N	2026-10-06 01:50:55	kt1	D1	CONVERGED	5	1.390762	4.076736	0.0150	1275			989a18637	
mp-7472	E	2026-10-07 03:01:04	kt1es	G3	CONVERGED	5	1.391111	4.078190	0.0160	2119	2	es-c	0601771b4	
mp-7482	M	2026-04-12 19:34:36			GOOD	9	0.414	3.425					~/bin2	CONVERGED
mp-7482	N	2026-10-04 08:08:23	kr7	K0	CONVERGED	6	0.413698	3.556085	0.0100	427			b695fa65c	
mp-7487	M	2026-04-07 21:41:48			GOOD	8	2.628	4.246					~/bin2	CONVERGED
mp-7487	N	2026-10-03 09:18:57	kr7	K1	CONVERGED	6	2.628465	4.270220	0.0020	684			b695fa65c	
mp-7502	M	2026-04-25 05:27:21			GOOD	10	1.027	2.471					~/bin2	CONVERGED
mp-7502	N	2026-10-04 00:21:53	kt1	D2	CONVERGED	5	1.026990	2.454791	0.0180	765			989a18637	
mp-7547	M	2026-04-22 20:40:13			GOOD	9	0.635	2.413					~/bin2	CONVERGED
mp-7547	N	2026-10-04 22:10:36	kt1	D0	CONVERGED	5	0.636476	2.331803	0.0180	1761			989a18637	
mp-7548	M	2026-05-07 04:29:07			GOOD	8	0.874	2.249					~/bin2	CONVERGED
mp-7548	N	2026-10-05 19:07:00	kt1	D2	CONVERGED	5	0.874016	2.258786	0.0100	1840			989a18637	
mp-7562	M	2026-05-07 04:31:24			GOOD	8	2.376	3.538					~/bin2	CONVERGED
mp-7562	N	2026-10-04 01:20:30	kt1	D0	CONVERGED	5	2.375943	3.557920	0.0050	1371			989a18637	
mp-7569	M	2026-05-07 03:50:48			NOTCONV	10	5.127	11.056					~/bin2	MAXITER_NOTCONV
mp-7569	R	2026-10-01 15:51:50	kt1	R1	CONVERGED	6	5.127676	10.543702	none	1136			989a18637	
mp-7569	N	2026-10-05 23:55:06	kt1	D0	CONVERGED	6	5.127676	10.544010	none	502			989a18637	
mp-757	M	2026-05-07 04:40:49			GOOD	8	0.748	1.719					~/bin2	CONVERGED
mp-757	N	2026-10-05 13:24:24	kt1	D1	CONVERGED	5	0.750405	1.713573	0.0120	500			989a18637	
mp-7575	M	2026-04-04 10:22:31			GOOD	8	0.749	2.008					~/bin2	CONVERGED
mp-7575	N	2026-10-03 02:43:04	kr7	K0	CONVERGED	5	0.749288	2.024323	0.0040	143			b695fa65c	
mp-7582	M	2026-04-22 20:43:32			GOOD	8	2.448	4.166					~/bin2	CONVERGED
mp-7582	N	2026-10-04 21:40:05	kt1	D3	CONVERGED	5	2.447965	4.204478	0.0130	746			989a18637	
mp-7583	M	2026-04-22 21:01:48			GOOD	9	3.026	4.829					~/bin2	CONVERGED
mp-7583	N	2026-10-03 16:19:19	kt1	D3	CONVERGED	5	3.026240	4.788361	0.0130	1024			989a18637	
mp-7589	M	2026-05-07 06:19:46			NOTCONV	10	2.338	4.988					~/bin2	MAXITER_NOTCONV
mp-7589	R	2026-10-01 15:58:26	kt1	R3	CONVERGED	6	2.340880	4.700299	0.0010	1086			989a18637	
mp-7589	N	2026-10-05 23:40:28	kt1	D2	CONVERGED	6	2.340880	4.700094	0.0010	534			989a18637	
mp-7599	M	2026-05-07 06:23:13			GOOD	9	7.231	10.489					~/bin2	CONVERGED
mp-7599	N	2026-10-05 04:22:49	kt1	D2	CONVERGED	5	7.230996	10.388490	none	535			989a18637	
mp-760	M	2026-04-22 21:19:13			GOOD	8	0.203	0.679					~/bin2	CONVERGED
mp-760	N	2026-10-04 01:16:14	kt1	D3	CONVERGED	4	0.202677	0.667184	0.0270	984			989a18637	
mp-7604	M	2026-04-25 05:36:32			GOOD	9	3.849	7.026					~/bin2	CONVERGED
mp-7604	N	2026-10-04 11:17:48	kt1	D3	CONVERGED	6	3.851641	7.158824	0.0030	614			989a18637	
mp-7608	M	2026-04-12 20:35:04			GOOD	10	1.087	3.538					~/bin2	CONVERGED
mp-7608	N	2026-10-03 22:29:01	kr7	K0	CONVERGED	6	1.087172	3.572910	0.0030	585			b695fa65c	
mp-7610	M	2026-05-07 07:22:09			GOOD	8	5.113	7.864					~/bin2	CONVERGED
mp-7610	N	2026-10-04 04:32:48	kt1	D0	CONVERGED	6	5.112751	7.984864	0.0020	771			989a18637	
mp-7611	M	2026-05-07 08:10:56			GOOD	10	3.982	6.693					~/bin2	CONVERGED
mp-7611	N	2026-10-05 21:07:58	kt1	D1	CONVERGED	6	3.982000	6.795119	0.0020	836			989a18637	
mp-762	M	2026-04-04 10:31:02			GOOD	8	1.013	1.786					~/bin2	CONVERGED
mp-762	N	2026-10-03 04:35:19	kr7	K1	CONVERGED	5	1.012678	1.784741	0.0090	229			b695fa65c	
mp-7639	M	2026-05-07 09:30:29			GOOD	8	0.580	1.392					~/bin2	CONVERGED
mp-7639	N	2026-10-05 03:34:12	kt1	D0	CONVERGED	5	0.580819	1.374465	0.0120	1296			989a18637	
mp-7642	M	2026-05-07 12:25:51			GOOD	8	1.020	2.083					~/bin2	CONVERGED
mp-7642	N	2026-10-04 15:16:52	kt1	D1	CONVERGED	5	1.020077	2.049073	0.0150	2036			989a18637	
mp-7650	M	2026-05-07 11:01:58			GOOD	10	3.349	6.210					~/bin2	CONVERGED
mp-7650	N	2026-10-02 23:46:18	kt1	D1	CONVERGED	6	3.348396	6.055723	0.1100	933			989a18637	
mp-7650	N	2026-10-07 16:58:36	kt1	C0	CONVERGED	6	3.349363	6.057953	0.0050	501			989a18637	
mp-766	M	2026-04-22 21:33:34			GOOD	8	0.457	0.757					~/bin2	CONVERGED
mp-766	N	2026-10-05 01:41:19	kt1	D1	CONVERGED	4	0.457004	0.753227	0.0070	710			989a18637	
mp-7684	M	2026-04-25 06:33:46			GOOD	8	0.654	1.319					~/bin2	CONVERGED
mp-7684	N	2026-10-04 08:46:16	kt1	D0	CONVERGED	4	0.654145	1.298487	0.0200	1153			989a18637	
mp-7700	M	2026-05-07 07:48:56			FAILED	1	0.045						~/bin2	PROD_NaN_lqpe
mp-7700	R	2026-09-30 05:07:34	kt1	W1	CONVERGED	4	0.044190	0.265274		350			989a18637	
mp-7700	N	2026-10-05 21:18:54	kt1	D2	CONVERGED	4	0.044190	0.265321	0.0060	206			989a18637	
mp-7723	M	2026-04-22 21:34:51			NOTCONV	10	5.535	10.848					~/bin2	MAXITER_NOTCONV
mp-7723	R	2026-10-01 07:31:39	kt1	R2	CONVERGED	6	5.535568	10.604024	none	1700			989a18637	
mp-7723	N	2026-10-04 23:23:15	kr7	K0	CONVERGED	6	5.535568	10.604162	none	713			b695fa65c	
mp-7748	M	2026-04-07 22:00:51			NOTCONV	10	4.661	7.282					~/bin2	MAXITER_NOTCONV
mp-7748	R	2026-10-01 04:14:20	kt1	R4	CONVERGED	6	4.661912	7.847294	0.0010	338			989a18637	
mp-7748	N	2026-10-03 06:14:22	kr7	K1	CONVERGED	6	4.661912	7.845875	0.0010	401			b695fa65c	
mp-7752	M	2026-04-12 21:52:06			GOOD	8	0.254	1.064					~/bin2	CONVERGED
mp-7752	N	2026-10-04 04:43:17	kr7	K1	CONVERGED	5	0.253007	1.065611	0.0150	591			b695fa65c	
mp-7770	M	2026-04-12 23:21:15			GOOD	8	0.163	1.243					~/bin2	CONVERGED
mp-7770	N	2026-10-04 08:02:24	kr7	K1	CONVERGED	5	0.163442	1.241546	0.0070	892			b695fa65c	
mp-7771	M	2026-04-13 00:55:56			GOOD	8	0.000	0.875					~/bin2	CONVERGED
mp-7771	N	2026-10-04 09:38:18	kr7	K1	CONVERGED	5	0.000001	0.872253	0.0120	889			b695fa65c	
mp-7773	M	2026-05-07 14:42:02			GOOD	8	0.261	0.877					~/bin2	CONVERGED
mp-7773	N	2026-10-03 12:47:26	kt1	D1	CONVERGED	5	0.261186	0.871793	0.0070	1395			989a18637	
mp-7774	M	2026-05-07 15:13:20			GOOD	8	0.210	0.774					~/bin2	CONVERGED
mp-7774	N	2026-10-05 17:09:40	kt1	D3	CONVERGED	4	0.209708	0.769754	0.0330	1541			989a18637	
mp-7786	M	2026-04-22 22:02:03			GOOD	9	1.627	3.070					~/bin2	CONVERGED
mp-7786	N	2026-10-04 04:11:23	kt1	D0	CONVERGED	5	1.628945	2.989703	0.0150	942			989a18637	
mp-7786	E	2026-10-06 08:35:22	kr7es	F0	CONVERGED	6	1.626947	3.020510	0.0040	1539	3	es-a	614ab5eb8	
mp-7801	M	2026-05-07 14:32:46			GOOD	10	2.738	4.105					~/bin2	CONVERGED
mp-7801	N	2026-10-04 19:23:00	kt1	D0	CONVERGED	5	2.737667	4.080539	0.0030	627			989a18637	
mp-7808	M	2026-05-07 16:54:20			GOOD	8	0.507	1.409					~/bin2	CONVERGED
mp-7808	N	2026-10-03 15:17:34	kt1	D2	CONVERGED	5	0.505639	1.390646	0.0060	2178			989a18637	
mp-7811	M	2026-04-22 21:47:31			FAILED	6	3.557						~/bin2	NOGAP_GAP_COLLAPSED(LDA gap 3.56 eV)
mp-7811	R	2026-09-30 04:46:14	kt1	W2	CONVERGED	6	3.554214	6.584294		477			989a18637	
mp-7811	N	2026-10-05 21:40:57	kt1	D0	CONVERGED	6	3.554214	6.584221	0.0020	298			989a18637	
mp-7811	E	2026-10-06 08:37:01	kr7es	F1	CONVERGED	6	3.554397	6.488602	0.0020	1171	1	es-a	614ab5eb8	
mp-7826	M	2026-04-22 22:07:31			GOOD	8	1.203	2.585					~/bin2	CONVERGED
mp-7826	N	2026-10-05 02:30:06	kt1	D0	CONVERGED	5	1.202984	2.494001	0.0170	612			989a18637	
mp-7848	M	2026-04-22 22:19:39			GOOD	8	5.623	9.618					~/bin2	CONVERGED
mp-7848	N	2026-10-05 03:37:45	kt1	D1	CONVERGED	6	5.625619	9.413871	0.0010	772			989a18637	
mp-7848	E	2026-10-06 08:50:51	kr7es	F0	CONVERGED	5	5.622214	9.245628	0.0020	929	1	es-a	614ab5eb8	
mp-7849	M	2026-04-22 22:26:42			NOTCONV	10	4.436	8.015					~/bin2	MAXITER_NOTCONV
mp-7849	R	2026-10-01 07:29:13	kt1	R3	CONVERGED	6	4.437228	8.284399	0.0010	1532			989a18637	
mp-7849	N	2026-10-05 00:00:59	kr7	K1	CONVERGED	6	4.437228	8.284433	0.0010	861			b695fa65c	
mp-7849	E	2026-10-06 08:55:28	kr7es	F1	CONVERGED	6	4.436579	8.072779	0.0010	1107	2	es-a	614ab5eb8	
mp-7863	M	2026-04-25 06:12:27			NOTCONV	10	1.031	2.456					~/bin2	MAXITER_NOTCONV
mp-7863	R	2026-10-01 09:18:35	kt1	R4	CONVERGED	5	1.030971	2.405706	0.0130	1210			989a18637	
mp-7863	N	2026-10-06 00:12:31	kt1	D0	CONVERGED	5	1.030971	2.405901	0.0130	656			989a18637	
mp-7868	M	2026-04-22 22:33:29			GOOD	8	1.312	3.401					~/bin2	CONVERGED
mp-7868	N	2026-10-03 01:28:18	kt1	D2	CONVERGED	6	1.313026	3.394693	0.0050	395			989a18637	
mp-7885	M	2026-04-07 22:30:33			GOOD	8	1.521	2.866					~/bin2	CONVERGED
mp-7885	N	2026-10-03 13:12:21	kr7	K0	CONVERGED	5	1.520675	2.870249	0.0140	428			b695fa65c	
mp-7895	M	2026-04-07 22:56:04			GOOD	10	1.624	4.534					~/bin2	CONVERGED
mp-7895	N	2026-10-03 15:13:24	kr7	K0	CONVERGED	6	1.624246	4.574687	0.0090	540			b695fa65c	
mp-7896	M	2026-04-07 23:05:31			GOOD	9	1.529	3.947					~/bin2	CONVERGED
mp-7896	N	2026-10-03 09:49:23	kr7	K0	CONVERGED	6	1.528050	4.009326	0.0020	972			b695fa65c	
mp-7897	M	2026-05-07 17:40:31			GOOD	8	0.148	1.144					~/bin2	CONVERGED
mp-7897	N	2026-10-04 17:23:45	kt1	D0	CONVERGED	6	0.148540	1.132802	0.0050	1984			989a18637	
mp-7905	M	2026-04-22 22:42:51			GOOD	8	4.554	8.237					~/bin2	CONVERGED
mp-7905	N	2026-10-05 09:39:51	kt1	D3	CONVERGED	6	4.553813	8.228291	0.0020	970			989a18637	
mp-7905	E	2026-10-06 08:52:42	kr7es	F0	FAIL(1)	0	none	none	none	111	2	es-a	614ab5eb8	
mp-7905	E	2026-10-06 14:14:10	kt1es	G3	CONVERGED	6	4.554024	8.210081	0.0010	689	2	es-c	0601771b4	
mp-7906	M	2026-04-25 06:53:48			GOOD	9	1.902	3.486					~/bin2	CONVERGED
mp-7906	N	2026-10-03 23:17:33	kt1	D1	CONVERGED	5	1.902620	3.488914	0.0120	952			989a18637	
mp-7907	M	2026-04-25 07:21:44			GOOD	8	2.066	3.788					~/bin2	CONVERGED
mp-7907	N	2026-10-04 08:08:00	kt1	D2	CONVERGED	5	2.065138	3.740690	0.0090	1214			989a18637	
mp-7908	M	2026-04-25 07:53:01			GOOD	8	1.557	2.722					~/bin2	CONVERGED
mp-7908	N	2026-10-04 14:22:00	kt1	D1	CONVERGED	5	1.555635	2.684950	0.0050	1706			989a18637	
mp-7909	M	2026-04-25 08:29:31			GOOD	8	1.517	2.714					~/bin2	CONVERGED
mp-7909	N	2026-10-04 09:42:41	kt1	D0	CONVERGED	5	1.516676	2.712277	0.0070	2399			989a18637	
mp-7910	M	2026-04-25 08:56:56			GOOD	8	1.034	2.050					~/bin2	CONVERGED
mp-7910	N	2026-10-04 02:47:43	kt1	D1	CONVERGED	5	1.034613	2.013259	0.0070	2048			989a18637	
mp-7914	M	2026-04-07 23:09:54			GOOD	8	3.901	6.530					~/bin2	CONVERGED
mp-7914	N	2026-10-03 00:55:09	kt1	D1	CONVERGED	6	3.899752	7.089004	0.0070	751			989a18637	
mp-7921	M	2026-05-07 17:17:27			NOTCONV	10	1.821	5.364					~/bin2	MAXITER_NOTCONV
mp-7921	R	2026-10-01 16:02:24	kt1	R4	CONVERGED	6	1.820979	5.911959	0.0270	1305			989a18637	
mp-7921	N	2026-10-06 00:30:57	kt1	D0	CONVERGED	6	1.820979	5.913826	0.0300	523			989a18637	
mp-7922	M	2026-05-07 18:29:44			NOTCONV	10	2.023	6.114					~/bin2	MAXITER_NOTCONV
mp-7922	R	2026-10-01 16:02:52	kt1	R5	CONVERGED	6	2.023140	6.314140	0.0090	752			989a18637	
mp-7922	N	2026-10-05 22:32:45	kt1	D3	CONVERGED	6	2.023140	6.311281	0.0100	585			989a18637	
mp-7928	M	2026-04-13 03:07:31			GOOD	8	1.018	2.877					~/bin2	CONVERGED
mp-7928	N	2026-10-04 11:23:00	kr7	K0	CONVERGED	5	1.017794	2.823344	0.0120	992			b695fa65c	
mp-7929	M	2026-04-13 05:26:43			GOOD	8	1.028	2.756					~/bin2	CONVERGED
mp-7929	N	2026-10-04 10:18:54	kr7	K1	CONVERGED	5	1.028169	2.800705	0.0100	1191			b695fa65c	
mp-7936	M	2026-05-07 18:44:03			GOOD	8	0.792	1.402					~/bin2	CONVERGED
mp-7936	N	2026-10-04 10:55:01	kt1	D1	CONVERGED	4	0.791937	1.396231	0.0140	882			989a18637	
mp-7937	M	2026-05-07 19:26:05			GOOD	8	0.601	1.371					~/bin2	CONVERGED
mp-7937	N	2026-10-03 22:01:46	kt1	D3	CONVERGED	4	0.601486	1.383914	0.0210	1018			989a18637	
mp-7938	M	2026-05-07 20:57:03			GOOD	9	0.713	1.517					~/bin2	CONVERGED
mp-7938	N	2026-10-05 08:03:57	kt1	D3	CONVERGED	5	0.713824	1.539473	0.0070	1333			989a18637	
mp-7939	M	2026-05-07 21:39:52			GOOD	8	0.521	1.210					~/bin2	CONVERGED
mp-7939	N	2026-10-05 05:43:15	kt1	D2	CONVERGED	4	0.520873	1.222834	0.0240	821			989a18637	
mp-7955	M	2026-05-07 21:17:17			GOOD	8	0.625	1.449					~/bin2	CONVERGED
mp-7955	N	2026-10-04 22:59:33	kt1	D3	CONVERGED	5	0.624979	1.446502	0.0060	609			989a18637	
mp-7956	M	2026-05-07 23:32:36			GOOD	8	0.358	1.396					~/bin2	CONVERGED
mp-7956	N	2026-10-04 06:17:19	kt1	D3	CONVERGED	5	0.355200	1.408786	0.0090	1325			989a18637	
mp-796276	M	2026-05-07 23:12:16			GOOD	10	1.139	1.069					~/bin2	CONVERGED
mp-796276	R	2026-10-01 02:49:39	kt1	R2	CONVERGED	7	1.137048	0.981008	0.0200	1831			989a18637	
mp-796276	N	2026-10-03 03:47:31	kt1	D0	CONVERGED	8	1.137048	0.980755	0.0070	1028			989a18637	
mp-7983	M	2026-04-25 08:42:22			FAILED	6	3.414						~/bin2	AC_NaN-in-Sigma(lcombined/lqpe)
mp-7983	R	2026-09-30 05:27:21	kt1	W1	CONVERGED	6	3.410704	6.349910		1187			989a18637	
mp-7983	N	2026-10-06 00:04:41	kt1	D3	CONVERGED	6	3.410704	6.350496	0.0010	457			989a18637	
mp-7986	M	2026-04-13 06:11:34			GOOD	9	1.128	3.923					~/bin2	CONVERGED
mp-7986	N	2026-10-03 01:12:17	kt1	D2	CONVERGED	6	1.126810	3.589732	0.0050	476			989a18637	
mp-7988	M	2026-04-04 10:37:06			FAILED	5	0.832	2.034					~/bin2	AC_rst-rmt-mismatch@llmf_start(lmf)
mp-7988	R	2026-09-30 03:00:52	kt1	W2	CONVERGED	6	0.831782	2.279375		470			989a18637	
mp-7988	N	2026-10-03 02:07:48	kr7	K0	CONVERGED	6	0.831782	2.279068	0.0080	585			b695fa65c	
mp-7991	M	2026-04-07 23:13:42			GOOD	8	3.803	6.543					~/bin2	CONVERGED
mp-7991	N	2026-10-03 15:12:30	kr7	K1	CONVERGED	5	3.802734	6.532236	0.0050	218			b695fa65c	
mp-7991	E	2026-10-06 14:18:56	kt1es	G4	CONVERGED	5	3.802513	6.173913	0.0040	388	2	es-c	0601771b4	
mp-8001	M	2026-04-07 23:22:23			NOTCONV	10	6.634	8.369					~/bin2	MAXITER_NOTCONV
mp-8001	R	2026-10-01 04:13:06	kt1	R1	CONVERGED	5	6.632788	9.837572	0.0030	223			989a18637	
mp-8001	N	2026-10-03 05:39:30	kr7	K0	CONVERGED	5	6.632788	9.838741	0.0020	216			b695fa65c	
mp-8002	M	2026-04-07 23:29:07			GOOD	10	3.711	4.747					~/bin2	CONVERGED
mp-8002	N	2026-10-02 23:34:47	kt1	D3	CONVERGED	5	3.712021	6.181381	0.0030	516			989a18637	
mp-8016	M	2026-05-07 23:53:57			GOOD	9	0.932	2.320					~/bin2	CONVERGED
mp-8016	N	2026-10-05 19:34:11	kt1	D3	CONVERGED	5	0.930803	2.289490	0.0110	1715			989a18637	
mp-8017	M	2026-05-08 01:40:15			GOOD	8	1.050	2.242					~/bin2	CONVERGED
mp-8017	N	2026-10-04 17:00:04	kt1	D3	CONVERGED	5	1.049984	2.211469	0.0070	1585			989a18637	
mp-8039	M	2026-04-07 23:34:29			NOTCONV	10	7.532	13.058					~/bin2	MAXITER_NOTCONV
mp-8039	R	2026-10-01 04:19:22	kt1	R1	CONVERGED	6	7.533142	12.837351	none	376			989a18637	
mp-8039	N	2026-10-04 12:43:46	kr7	K1	CONVERGED	6	7.533142	12.836893	none	203			b695fa65c	
mp-8039	E	2026-10-05 14:52:47	kr7es	F1	CONVERGED	6	7.527592	12.864288	none	516	1	es-a	614ab5eb8	
mp-804	M	2026-04-07 23:48:14			GOOD	8	1.914	3.291					~/bin2	CONVERGED
mp-804	N	2026-10-03 15:17:13	kr7	K1	CONVERGED	5	1.915137	3.296255	0.0070	283			b695fa65c	
mp-8041	M	2026-04-04 10:40:24			FAILED	5	1.750	3.840					~/bin2	AC_rst-rmt-mismatch@llmf_start(lmf)
mp-8041	R	2026-09-30 02:57:37	kt1	W4	CONVERGED	5	1.751015	3.922739		275			989a18637	
mp-8041	N	2026-10-03 01:29:37	kr7	K0	CONVERGED	5	1.751015	3.922758	0.0290	286			b695fa65c	
mp-8041	E1	2026-10-05 05:42:40	kr7e1	E0	CONVERGED	6	1.751618	3.875789	0.0050	359	1		b695fa65c	
mp-8041	E	2026-10-06 21:00:01	kt1es	G2	CONVERGED	6	1.751710	3.889460	0.0050	1069	1	es-c	0601771b4	
mp-8062	M	2026-04-04 02:51:28			GOOD	8	1.324	2.342					~/bin2	CONVERGED
mp-8062	N	2026-10-03 00:22:34	kr7	K1	CONVERGED	4	1.321636	2.353068	0.0120	89			b695fa65c	
mp-8145	M	2026-04-07 23:54:54			GOOD	8	3.192	5.414					~/bin2	CONVERGED
mp-8145	N	2026-10-03 17:27:15	kr7	K1	CONVERGED	6	3.191475	5.812781	0.0090	574			b695fa65c	
mp-8175	M	2026-04-08 00:11:28			NOTCONV	10	0.894	2.319					~/bin2	MAXITER_NOTCONV
mp-8175	R	2026-10-01 04:19:56	kt1	R4	CONVERGED	5	0.893942	2.228306	0.0330	336			989a18637	
mp-8175	N	2026-10-03 06:13:14	kr7	K0	CONVERGED	5	0.893942	2.227841	0.0330	360			b695fa65c	
mp-8176	M	2026-04-08 00:22:10			GOOD	9	0.870	1.796					~/bin2	CONVERGED
mp-8176	N	2026-10-03 12:33:33	kr7	K1	CONVERGED	5	0.870704	2.171461	0.0220	471			b695fa65c	
mp-8177	M	2026-04-04 10:42:03			GOOD	10	0.794	3.676					~/bin2	CONVERGED
mp-8177	N	2026-10-02 23:14:29	kt1	D2	CONVERGED	6	0.793562	3.595735	0.0090	202			989a18637	
mp-8179	M	2026-05-08 01:03:41			GOOD	9	0.374	1.391					~/bin2	CONVERGED
mp-8179	N	2026-10-05 18:25:44	kt1	D3	CONVERGED	5	0.373964	1.191991	0.0250	942			989a18637	
mp-8188	M	2026-04-08 00:30:58			GOOD	10	3.517	6.217					~/bin2	CONVERGED
mp-8188	N	2026-10-03 17:08:31	kr7	K1	CONVERGED	6	3.515014	6.539233	0.0050	676			b695fa65c	
mp-8196	M	2026-05-07 22:30:26			FAILED	0	1.525						~/bin2	PROD_bmix_min
mp-8196	R	2026-09-30 01:28:39	kt1	W1	CONVERGED	6	1.525729	5.055941		1226			989a18637	
mp-8196	N	2026-10-04 16:58:14	kr7	K1	CONVERGED	6	1.525729	5.056350	0.0040	578			b695fa65c	
mp-8211	M	2026-04-22 23:21:20			GOOD	9	0.108	1.061					~/bin2	CONVERGED
mp-8211	N	2026-10-04 21:27:39	kt1	D3	CONVERGED	5	0.108911	1.106995	0.0050	2038			989a18637	
mp-8211	E	2026-10-06 10:05:15	kr7es	F0	CONVERGED	5	0.108980	1.121112	0.0040	4353	1	es-a	614ab5eb8	
mp-8224	M	2026-05-08 02:26:55			NOTCONV	10	5.459	10.688					~/bin2	MAXITER_NOTCONV
mp-8224	R	2026-10-01 16:06:35	kt1	R2	CONVERGED	6	5.460173	10.662416	none	889			989a18637	
mp-8224	N	2026-10-05 23:15:50	kt1	D2	CONVERGED	6	5.460173	10.662827	none	500			989a18637	
mp-8224	E	2026-10-07 02:48:24	kt1es	G2	CONVERGED	6	5.462030	10.694671	2.2640	721	2	es-c	0601771b4	
mp-8231	M	2026-04-22 23:02:51			GOOD	8	0.681	1.737					~/bin2	CONVERGED
mp-8231	N	2026-10-04 17:30:58	kt1	D0	CONVERGED	5	0.680122	1.723362	0.0080	433			989a18637	
mp-8234	M	2026-05-08 06:26:10			GOOD	8	0.810	1.652					~/bin2	CONVERGED
mp-8234	N	2026-10-05 14:47:59	kt1	D3	CONVERGED	5	0.809284	1.634633	0.0080	3334			989a18637	
mp-8255	M	2026-05-08 03:29:48			GOOD	9	2.482	6.611					~/bin2	CONVERGED
mp-8255	N	2026-10-03 01:50:40	kt1	D1	CONVERGED	6	2.482282	7.089696	0.0050	640			989a18637	
mp-8256	M	2026-05-08 03:40:59			NOTCONV	10	2.007	5.572					~/bin2	MAXITER_NOTCONV
mp-8256	R	2026-10-01 16:03:10	kt1	R1	CONVERGED	6	2.007324	6.002285	0.0050	680			989a18637	
mp-8256	N	2026-10-05 22:15:17	kt1	D0	CONVERGED	6	2.007324	6.002340	0.0050	504			989a18637	
mp-827	M	2026-05-08 04:50:19			GOOD	9	4.031	7.315					~/bin2	CONVERGED
mp-827	N	2026-10-05 18:43:21	kt1	D0	CONVERGED	5	4.031628	7.241154	0.0040	707			989a18637	
mp-8276	M	2026-04-13 07:50:22			GOOD	8	0.680	1.558					~/bin2	CONVERGED
mp-8276	N	2026-10-04 03:11:28	kr7	K1	CONVERGED	5	0.680129	1.566480	0.0040	904			b695fa65c	
mp-8277	M	2026-04-13 09:19:31			GOOD	8	0.550	1.402					~/bin2	CONVERGED
mp-8277	N	2026-10-04 01:34:44	kr7	K1	CONVERGED	5	0.549342	1.398938	0.0050	690			b695fa65c	
mp-8278	M	2026-04-13 10:34:28			GOOD	8	1.052	2.095					~/bin2	CONVERGED
mp-8278	N	2026-10-04 11:02:40	kr7	K1	CONVERGED	5	1.052934	2.098523	0.0060	751			b695fa65c	
mp-8279	M	2026-04-13 12:01:48			GOOD	8	0.531	1.307					~/bin2	CONVERGED
mp-8279	N	2026-10-04 06:32:28	kr7	K0	CONVERGED	5	0.529775	1.315348	0.0100	1193			b695fa65c	
mp-8280	M	2026-04-13 13:27:58			GOOD	8	1.012	2.005					~/bin2	CONVERGED
mp-8280	N	2026-10-04 07:00:28	kr7	K1	CONVERGED	5	1.013289	1.982042	0.0060	624			b695fa65c	
mp-8281	M	2026-04-13 15:10:47			GOOD	8	0.037	0.849					~/bin2	CONVERGED
mp-8281	N	2026-10-04 07:24:29	kr7	K0	CONVERGED	5	0.037162	0.842700	0.0070	714			b695fa65c	
mp-8289	M	2026-05-08 05:02:29			GOOD	9	2.786	5.880					~/bin2	CONVERGED
mp-8289	N	2026-10-05 09:22:38	kt1	D1	CONVERGED	6	2.787172	5.927005	0.0020	732			989a18637	
mp-8289	E	2026-10-07 02:49:22	kt1es	G0	CONVERGED	6	2.786163	5.860012	0.0050	612	2	es-c	0601771b4	
mp-8290	M	2026-05-08 05:58:50			NOTCONV	10	5.181	9.619					~/bin2	MAXITER_NOTCONV
mp-8290	R	2026-10-01 16:11:35	kt1	R3	CONVERGED	6	5.180288	9.693062	0.0030	789			989a18637	
mp-8290	N	2026-10-05 22:44:23	kt1	D1	CONVERGED	6	5.180288	9.692963	0.0030	655			989a18637	
mp-8291	M	2026-05-08 08:27:01			NOTCONV	10	4.358	8.599					~/bin2	MAXITER_NOTCONV
mp-8291	R	2026-10-01 16:15:23	kt1	R4	CONVERGED	7	4.357562	8.728307	0.1350	779			989a18637	
mp-8291	N	2026-10-05 22:44:08	kt1	D2	CONVERGED	7	4.357562	8.728714	0.1360	750			989a18637	
mp-8298	M	2026-04-25 09:24:02			GOOD	8	1.107	2.316					~/bin2	CONVERGED
mp-8298	N	2026-10-03 08:44:44	kt1	D3	CONVERGED	5	1.105720	2.253308	0.0130	1228			989a18637	
mp-8299	M	2026-04-25 09:38:18			GOOD	10	1.099	2.254					~/bin2	CONVERGED
mp-8299	N	2026-10-03 23:38:26	kt1	D0	CONVERGED	5	1.096980	2.166490	0.0090	1365			989a18637	
mp-8300	M	2026-04-25 10:22:48			GOOD	8	0.628	1.628					~/bin2	CONVERGED
mp-8300	N	2026-10-04 05:27:32	kt1	D0	CONVERGED	5	0.625523	1.675507	0.0180	2189			989a18637	
mp-8311	M	2026-05-08 10:13:57			GOOD	8	0.273	0.708					~/bin2	CONVERGED
mp-8311	N	2026-10-04 02:11:24	kt1	D2	CONVERGED	4	0.272212	0.717492	0.0090	899			989a18637	
mp-8335	M	2026-04-25 10:00:09			NOTCONV	10	2.941	5.353					~/bin2	MAXITER_NOTCONV
mp-8335	R	2026-10-01 09:26:58	kt1	R3	CONVERGED	6	2.941367	5.395929	0.0030	1217			989a18637	
mp-8335	N	2026-10-06 00:19:35	kt1	D2	CONVERGED	6	2.941367	5.396239	0.0030	702			989a18637	
mp-8348	M	2026-05-08 12:52:06			FAILED	4	4.144	1.612					~/bin2	PROD_TIMEOUT_8h
mp-8348	R	2026-09-30 17:46:41	kt1	W4	CONVERGED	6	4.143709	7.804920		2717			989a18637	
mp-8348	N	2026-10-06 04:01:27	kt1	D1	CONVERGED	6	4.143709	7.804743	0.0020	977			989a18637	
mp-8352	M	2026-04-22 23:11:54			GOOD	10	5.299	8.911					~/bin2	CONVERGED
mp-8352	N	2026-10-04 23:46:49	kt1	D0	CONVERGED	6	5.300553	8.965588	0.0010	1334			989a18637	
mp-8352	E	2026-10-06 09:03:52	kr7es	F1	CONVERGED	6	5.301758	8.857841	0.0010	504	2	es-a	614ab5eb8	
mp-8360	M	2026-05-08 13:03:18			FAILED	2	0.743	2.120					~/bin2	PROD_TIMEOUT_8h
mp-8360	R	2026-09-30 20:20:24	kt1	W1	CONVERGED	5	0.742770	2.270933		11614			989a18637	
mp-8360	N	2026-10-06 12:41:41	kt1	D3	CONVERGED	5	0.742770	2.271008	0.0200	6238			989a18637	
mp-8361	M	2026-05-08 14:00:16			FAILED	2	0.930	2.442					~/bin2	PROD_TIMEOUT_8h
mp-8361	R	2026-09-30 20:53:32	kt1	W3	CONVERGED	5	0.930500	2.528535		13189			989a18637	
mp-8361	N	2026-10-06 13:27:41	kt1	D1	TIMEOUT	4	0.930500	2.524740	0.0550	7204			989a18637	
mp-8374	M	2026-04-22 23:32:08			GOOD	9	1.464	3.526					~/bin2	CONVERGED
mp-8374	N	2026-10-03 16:02:15	kt1	D3	CONVERGED	6	1.463633	3.511583	0.0040	1132			989a18637	
mp-8393	M	2026-04-25 11:03:39			GOOD	8	1.377	2.134					~/bin2	CONVERGED
mp-8393	N	2026-10-03 09:26:57	kt1	D0	CONVERGED	5	1.377132	2.144069	0.0060	1705			989a18637	
mp-8397	M	2026-04-13 16:12:01			GOOD	10	6.140	10.306					~/bin2	CONVERGED
mp-8397	N	2026-10-04 11:11:11	kr7	K1	CONVERGED	6	6.140248	10.277382	none	511			b695fa65c	
mp-8399	M	2026-04-13 17:09:11			GOOD	9	3.155	6.983					~/bin2	CONVERGED
mp-8399	N	2026-10-03 22:47:16	kr7	K0	CONVERGED	6	3.155241	7.005009	0.0030	431			b695fa65c	
mp-8401	M	2026-04-13 17:57:33			GOOD	9	6.473	10.821					~/bin2	CONVERGED
mp-8401	N	2026-10-04 09:59:03	kr7	K1	CONVERGED	5	6.473385	10.778581	none	375			b695fa65c	
mp-8402	M	2026-04-13 18:41:12			GOOD	10	7.112	12.007					~/bin2	CONVERGED
mp-8402	N	2026-10-03 06:17:02	kt1	D1	CONVERGED	6	7.113179	11.851195	none	289			989a18637	
mp-8409	M	2026-04-08 00:43:44			GOOD	10	3.897	6.051					~/bin2	CONVERGED
mp-8409	N	2026-10-03 11:17:47	kr7	K0	CONVERGED	5	3.894781	6.478624	0.0100	528			b695fa65c	
mp-841	M	2026-05-08 14:12:17			GOOD	8	1.982	5.843					~/bin2	CONVERGED
mp-841	N	2026-10-05 13:16:04	kt1	D1	CONVERGED	6	1.981451	5.802601	0.0030	474			989a18637	
mp-8426	M	2026-04-04 10:49:15			FAILED	5	1.954	3.854					~/bin2	AC_rst-rmt-mismatch@llmf_start(lmf)
mp-8426	R	2026-09-30 02:58:05	kt1	W1	CONVERGED	5	1.952488	4.112822		303			989a18637	
mp-8426	N	2026-10-03 01:34:24	kr7	K1	CONVERGED	5	1.952488	4.113029	0.0140	233			b695fa65c	
mp-8426	E1	2026-10-05 05:45:32	kr7e1	E1	CONVERGED	5	1.952079	4.085576	0.0060	339	1		b695fa65c	
mp-8426	E	2026-10-06 20:59:32	kt1es	G1	CONVERGED	5	1.952110	4.100308	0.0060	376	1	es-c	0601771b4	
mp-8430	M	2026-04-22 23:44:53			GOOD	8	2.907	5.079					~/bin2	CONVERGED
mp-8430	N	2026-10-04 21:30:06	kt1	D0	CONVERGED	5	2.906319	5.050428	0.0040	766			989a18637	
mp-8446	M	2026-05-08 16:31:16			FAILED	4	1.074	2.143					~/bin2	PROD_TIMEOUT_8h
mp-8446	R	2026-09-30 19:07:10	kt1	W2	CONVERGED	5	1.073362	2.160216		5979			989a18637	
mp-8446	N	2026-10-06 09:19:33	kt1	D3	CONVERGED	5	1.073362	2.160407	0.0150	2512			989a18637	
mp-8452	M	2026-04-22 23:52:36			GOOD	9	2.999	5.165					~/bin2	CONVERGED
mp-8452	N	2026-10-03 13:02:04	kt1	D3	CONVERGED	5	2.998614	5.144427	0.0040	527			989a18637	
mp-8453	M	2026-04-23 00:07:27			GOOD	8	2.145	4.741					~/bin2	CONVERGED
mp-8453	N	2026-10-03 04:19:48	kt1	D1	CONVERGED	6	2.145278	4.624491	0.0040	769			989a18637	
mp-8454	M	2026-04-04 02:56:04			GOOD	6	6.313	10.544					~/bin2	CONVERGED
mp-8454	N	2026-10-02 23:38:26	kr7	K0	CONVERGED	5	6.312882	10.578649	none	160			b695fa65c	
mp-8455	M	2026-04-04 02:57:16			FAILED	5	6.008	9.641					~/bin2	AC_rst-rmt-mismatch@llmf_start(lmf)
mp-8455	R	2026-09-30 02:12:56	kt1	W2	CONVERGED	6	6.006345	9.636459		570			989a18637	
mp-8455	N	2026-10-05 21:53:29	kt1	D2	CONVERGED	6	6.006345	9.635251	0.0050	191			989a18637	
mp-856	M	2026-04-23 00:09:08			GOOD	8	0.846	3.152					~/bin2	CONVERGED
mp-856	N	2026-10-05 11:33:10	kt1	D3	CONVERGED	5	0.845435	3.132156	0.0130	694			989a18637	
mp-8560	M	2026-04-25 10:31:53			GOOD	10	6.096	12.546					~/bin2	CONVERGED
mp-8560	N	2026-10-03 00:30:14	kt1	D2	CONVERGED	6	6.095539	12.136066	none	435			989a18637	
mp-8560	E	2026-10-06 16:56:18	kt1es	G3	CONVERGED	6	6.095364	11.893599	none	307	4	es-c	0601771b4	
mp-8579	M	2026-04-13 20:09:16			GOOD	8	0.732	1.976					~/bin2	CONVERGED
mp-8579	N	2026-10-04 04:21:29	kr7	K0	CONVERGED	5	0.731056	1.971894	0.0110	799			b695fa65c	
mp-8612	M	2026-04-13 23:50:04			GOOD	8	0.434	0.733					~/bin2	CONVERGED
mp-8612	N	2026-10-04 09:41:06	kr7	K0	CONVERGED	4	0.435028	0.728061	0.0080	2532			b695fa65c	
mp-8621	M	2026-04-14 01:53:28			GOOD	9	0.740	2.414					~/bin2	CONVERGED
mp-8621	N	2026-10-04 03:10:41	kr7	K0	CONVERGED	5	0.738775	2.345271	0.0130	1012			b695fa65c	
mp-8622	M	2026-04-14 04:02:29			GOOD	8	0.794	2.405					~/bin2	CONVERGED
mp-8622	N	2026-10-04 12:28:08	kr7	K1	CONVERGED	5	0.793403	2.412852	0.0080	1322			b695fa65c	
mp-8623	M	2026-04-14 06:30:08			GOOD	8	0.603	1.855					~/bin2	CONVERGED
mp-8623	N	2026-10-04 10:41:43	kr7	K1	CONVERGED	5	0.603002	1.842683	0.0080	1369			b695fa65c	
mp-863260	M	2026-04-14 07:36:21			GOOD	8	1.260	2.229					~/bin2	CONVERGED
mp-863260	N	2026-10-04 12:40:23	kr7	K1	CONVERGED	5	1.262022	2.230233	0.0070	735			b695fa65c	
mp-863745	M	2026-04-25 10:55:37			GOOD	10	3.851	5.332					~/bin2	CONVERGED
mp-863745	N	2026-10-02 23:37:05	kt1	D2	CONVERGED	6	3.851289	7.255003	0.0060	553			989a18637	
mp-863745	E	2026-10-07 10:07:42	kt1es	G3	CONVERGED	6	3.848673	7.147886	0.0020	858	1	es-c	0601771b4	
mp-863757	M	2026-05-08 18:14:11			FAILED	4	0.872	1.788					~/bin2	PROD_TIMEOUT_8h
mp-863757	R	2026-09-30 19:56:40	kt1	W4	CONVERGED	5	0.871825	1.779096		7799			989a18637	
mp-863757	N	2026-10-06 10:57:43	kt1	D3	CONVERGED	5	0.871825	1.779144	0.0090	5890			989a18637	
mp-8644	M	2026-04-23 00:22:05			GOOD	10	5.774	9.773					~/bin2	CONVERGED
mp-8644	N	2026-10-04 08:42:33	kt1	D3	CONVERGED	6	5.773904	9.635882	0.0010	1158			989a18637	
mp-864954	M	2026-05-08 16:48:55			GOOD	8	0.947	1.578					~/bin2	CONVERGED
mp-864954	N	2026-10-04 05:37:11	kt1	D3	CONVERGED	4	0.947312	1.581741	0.0080	254			989a18637	
mp-865185	M	2026-04-14 08:16:10			GOOD	8	0.572	1.376					~/bin2	CONVERGED
mp-865185	N	2026-10-04 10:38:47	kr7	K0	CONVERGED	4	0.570633	1.376826	0.0080	463			b695fa65c	
mp-865427	M	2026-04-25 11:17:52			GOOD	9	3.831	7.086					~/bin2	CONVERGED
mp-865427	N	2026-10-04 12:12:22	kt1	D0	CONVERGED	6	3.831483	7.224472	0.0040	696			989a18637	
mp-865427	E	2026-10-07 10:10:09	kt1es	G1	CONVERGED	6	3.827931	7.167582	0.0020	618	1	es-c	0601771b4	
mp-8658	M	2026-04-23 00:58:31			GOOD	8	1.882	3.851					~/bin2	CONVERGED
mp-8658	N	2026-10-04 00:59:50	kt1	D3	CONVERGED	5	1.880338	3.861815	0.0120	1228			989a18637	
mp-867515	M	2026-05-08 17:44:59			NOTCONV	10	0.723	3.647					~/bin2	MAXITER_NOTCONV
mp-867515	R	2026-10-01 16:43:18	kt1	R5	MAXITER	10	0.723683	1.819165	0.1140	2426			989a18637	
mp-867515	N	2026-10-06 09:46:54	kt1	D0	MAXITER	10	0.723683	3.574649	0.2130	1714			989a18637	
mp-8682	M	2026-04-25 11:19:24			NOTCONV	10	4.217	7.360					~/bin2	MAXITER_NOTCONV
mp-8682	R	2026-10-01 09:25:40	kt1	R1	CONVERGED	6	4.220324	7.190660	0.0020	1122			989a18637	
mp-8682	N	2026-10-05 23:47:48	kt1	D2	CONVERGED	6	4.220324	7.190475	0.0020	440			989a18637	
mp-870	M	2026-05-08 16:06:32			FAILED	1	1.480						~/bin2	PROD_NaN_lqpe
mp-870	R	2026-09-30 20:50:17	kt1	W2	CONVERGED	5	1.479471	2.958804		6187			989a18637	
mp-870	N	2026-10-06 09:21:43	kt1	D2	CONVERGED	5	1.479471	2.958753	0.0060	1770			989a18637	
mp-8703	M	2026-05-08 18:59:17			GOOD	8	0.919	2.538					~/bin2	CONVERGED
mp-8703	N	2026-10-05 04:05:32	kt1	D0	CONVERGED	5	0.919201	2.556466	0.0080	1002			989a18637	
mp-871	M	2026-05-08 19:13:16			GOOD	8	0.124	0.282					~/bin2	CONVERGED
mp-871	N	2026-10-05 09:51:57	kt1	D2	CONVERGED	4	0.124302	0.281332	0.0080	735			989a18637	
mp-8751	M	2026-04-23 00:48:11			GOOD	9	2.565	4.671					~/bin2	CONVERGED
mp-8751	N	2026-10-05 10:17:06	kt1	D2	CONVERGED	5	2.564921	4.655048	0.0110	636			989a18637	
mp-8752	M	2026-04-25 12:03:40			GOOD	8	0.673	1.845					~/bin2	CONVERGED
mp-8752	N	2026-10-04 10:06:45	kt1	D2	CONVERGED	5	0.672909	1.790107	0.0100	1395			989a18637	
mp-8753	M	2026-04-25 12:19:20			GOOD	10	0.804	1.641					~/bin2	CONVERGED
mp-8753	R	2026-10-01 01:37:06	kt1	R2	CONVERGED	5	0.802632	1.931914	0.0200	3016			989a18637	
mp-8753	N	2026-10-03 05:16:44	kt1	D1	CONVERGED	5	0.802632	1.931993	0.0210	1808			989a18637	
mp-8753	E	2026-10-07 10:34:14	kt1es	G0	CONVERGED	5	0.802616	1.922073	0.0160	1892	1	es-c	0601771b4	
mp-8756	M	2026-04-23 01:15:10			GOOD	8	2.411	4.422					~/bin2	CONVERGED
mp-8756	N	2026-10-03 08:11:57	kt1	D3	CONVERGED	5	2.410811	4.432686	0.0060	951			989a18637	
mp-8781	M	2026-04-08 02:12:18			GOOD	9	1.491	3.030					~/bin2	CONVERGED
mp-8781	N	2026-10-04 21:05:09	kr7	K0	FAIL(1)	3	1.490802	3.010590	0.1890	1615			b695fa65c	
mp-8781	E	2026-10-05 15:24:08	kr7es	F0	CONVERGED	5	1.490861	3.012334	0.0070	2397	2	es-a	614ab5eb8	
mp-8789	M	2026-04-25 12:37:06			GOOD	10	1.111	2.500					~/bin2	CONVERGED
mp-8789	N	2026-10-03 13:03:54	kt1	D1	CONVERGED	5	1.110198	2.448360	0.0180	988			989a18637	
mp-8799	M	2026-04-23 01:36:45			GOOD	8	2.131	4.252					~/bin2	CONVERGED
mp-8799	N	2026-10-05 13:08:10	kt1	D1	CONVERGED	5	2.129579	4.296300	0.0110	1136			989a18637	
mp-8818	M	2026-04-14 09:13:36			NOTCONV	10	0.703	2.016					~/bin2	MAXITER_NOTCONV
mp-8818	R	2026-10-01 05:48:46	kt1	R3	CONVERGED	5	0.704174	1.971196	0.0110	822			989a18637	
mp-8818	N	2026-10-04 16:02:00	kr7	K1	CONVERGED	5	0.704174	1.971537	0.0110	692			b695fa65c	
mp-8830	M	2026-04-08 01:00:23			NOTCONV	10	1.194	0.130					~/bin2	MAXITER_NOTCONV
mp-8830	R	2026-10-01 04:24:33	kt1	R3	CONVERGED	6	1.193512	3.321614	0.0140	581			989a18637	
mp-8830	N	2026-10-04 13:59:34	kr7	K1	CONVERGED	6	1.193512	3.322857	0.0150	430			b695fa65c	
mp-8860	M	2026-04-08 01:16:26			GOOD	8	0.122	1.150					~/bin2	CONVERGED
mp-8860	N	2026-10-03 13:05:13	kr7	K0	CONVERGED	5	0.121468	1.213225	0.0080	536			b695fa65c	
mp-8861	M	2026-04-25 12:39:52			GOOD	10	6.249	10.584					~/bin2	CONVERGED
mp-8861	N	2026-10-03 05:00:27	kt1	D3	CONVERGED	6	6.249193	10.694409	none	818			989a18637	
mp-8873	M	2026-04-25 12:55:32			NOTCONV	10	4.345	7.870					~/bin2	MAXITER_NOTCONV
mp-8873	R	2026-10-01 09:38:46	kt1	R4	CONVERGED	6	4.346138	7.632831	0.0020	1211			989a18637	
mp-8873	N	2026-10-06 00:13:21	kt1	D3	CONVERGED	6	4.346138	7.632588	0.0020	520			989a18637	
mp-8874	M	2026-04-25 12:55:03			GOOD	8	6.223	9.483					~/bin2	CONVERGED
mp-8874	N	2026-10-03 18:52:01	kt1	D2	CONVERGED	6	6.224582	9.586027	0.0010	769			989a18637	
mp-8911	M	2026-04-23 01:47:51			GOOD	8	0.339	1.001					~/bin2	CONVERGED
mp-8911	N	2026-10-03 17:31:21	kt1	D1	CONVERGED	5	0.339378	0.993020	0.0160	800			989a18637	
mp-8927	M	2026-04-08 01:41:35			GOOD	10	0.464	1.203					~/bin2	CONVERGED
mp-8927	N	2026-10-03 11:50:08	kr7	K0	CONVERGED	5	0.464289	1.231468	0.0260	425			b695fa65c	
mp-8936	M	2026-04-08 03:01:58			GOOD	8	0.975	1.952					~/bin2	CONVERGED
mp-8936	N	2026-10-04 21:22:56	kr7	K0	CONVERGED	5	0.974243	1.938172	0.0060	1067			b695fa65c	
mp-8936	E	2026-10-05 15:32:54	kr7es	F1	CONVERGED	5	0.974302	1.932626	0.0140	2407	2	es-a	614ab5eb8	
mp-8962	M	2026-04-25 13:22:13			NOTCONV	10	1.723	4.407					~/bin2	MAXITER_NOTCONV
mp-8962	R	2026-10-01 09:52:15	kt1	R2	CONVERGED	6	1.723822	5.085645	0.0080	1879			989a18637	
mp-8962	N	2026-10-06 01:29:40	kt1	D1	CONVERGED	6	1.723822	5.085473	0.0070	1022			989a18637	
mp-8963	M	2026-04-25 13:27:45			NOTCONV	10	1.904	4.308					~/bin2	MAXITER_NOTCONV
mp-8963	R	2026-10-01 09:58:45	kt1	R5	CONVERGED	6	1.903564	5.109075	0.0060	2240			989a18637	
mp-8963	N	2026-10-06 03:00:26	kt1	D1	CONVERGED	6	1.903564	5.109766	0.0060	1222			989a18637	
mp-8976	M	2026-04-25 14:04:42			GOOD	8	1.393	2.615					~/bin2	CONVERGED
mp-8976	N	2026-10-03 10:22:22	kt1	D3	CONVERGED	5	1.393224	2.618435	0.0120	1218			989a18637	
mp-8978	M	2026-05-08 19:38:52			GOOD	8	1.415	2.498					~/bin2	CONVERGED
mp-8978	N	2026-10-04 22:28:19	kt1	D3	CONVERGED	5	1.414300	2.541574	0.0110	595			989a18637	
mp-9008	M	2026-04-23 03:00:30			GOOD	8	0.814	1.947					~/bin2	CONVERGED
mp-9008	N	2026-10-04 05:29:40	kt1	D1	CONVERGED	5	0.814270	1.957082	0.0080	1925			989a18637	
mp-9010	M	2026-04-23 02:39:08			GOOD	8	1.816	3.637					~/bin2	CONVERGED
mp-9010	N	2026-10-04 16:02:12	kt1	D1	CONVERGED	5	1.816509	3.612294	0.0100	1301			989a18637	
mp-9122	M	2026-05-09 02:50:46			GOOD	8	0.076	0.437					~/bin2	CONVERGED
mp-9122	N	2026-10-05 15:29:19	kt1	D3	CONVERGED	6	0.075528	0.431786	0.0040	2480			989a18637	
mp-9124	M	2026-04-04 10:48:07			GOOD	8	0.509	1.685					~/bin2	CONVERGED
mp-9124	N	2026-10-03 05:08:12	kr7	K0	CONVERGED	5	0.508696	1.695201	0.0030	180			b695fa65c	
mp-9143	M	2026-05-08 19:45:40			NOTCONV	10	8.048	16.996					~/bin2	MAXITER_NOTCONV
mp-9143	R	2026-10-01 16:15:39	kt1	R1	CONVERGED	6	8.046911	13.516106	none	749			989a18637	
mp-9143	N	2026-10-05 22:23:23	kt1	D2	CONVERGED	6	8.046911	13.516225	none	408			989a18637	
mp-9144	M	2026-05-08 20:41:25			GOOD	10	5.552	10.811					~/bin2	CONVERGED
mp-9144	N	2026-10-05 21:15:45	kt1	D0	CONVERGED	6	5.551923	11.043619	none	762			989a18637	
mp-9146	M	2026-04-08 02:55:57			GOOD	9	0.315	2.023					~/bin2	CONVERGED
mp-9146	N	2026-10-03 18:14:25	kr7	K1	CONVERGED	5	0.315073	1.950665	0.0200	591			b695fa65c	
mp-9158	M	2026-04-08 03:22:15			GOOD	10	0.317	2.319					~/bin2	CONVERGED
mp-9158	N	2026-10-03 14:44:55	kr7	K1	CONVERGED	6	0.317491	2.332794	0.0130	499			b695fa65c	
mp-9166	M	2026-04-08 03:16:40			NOTCONV	10	3.603	6.635					~/bin2	MAXITER_NOTCONV
mp-9166	R	2026-10-01 04:23:42	kt1	R5	CONVERGED	5	3.600962	6.284258	0.0060	398			989a18637	
mp-9166	N	2026-10-04 13:04:22	kr7	K1	CONVERGED	5	3.600962	6.284670	0.0070	267			b695fa65c	
mp-917	M	2026-04-23 03:01:54			GOOD	8	2.152	4.531					~/bin2	CONVERGED
mp-917	N	2026-10-05 09:59:52	kt1	D0	CONVERGED	6	2.150454	4.594159	0.0010	859			989a18637	
mp-9195	M	2026-05-09 18:50:42			GOOD	8	1.313	2.754					~/bin2	CONVERGED
mp-9195	N	2026-10-03 10:24:23	kt1	D1	CONVERGED	5	1.313083	2.761771	0.0170	1257			989a18637	
mp-9200	M	2026-04-14 10:16:51			GOOD	8	0.445	2.167					~/bin2	CONVERGED
mp-9200	N	2026-10-03 22:00:23	kr7	K1	CONVERGED	6	0.444687	2.168780	0.0110	701			b695fa65c	
mp-924130	M	2026-04-04 10:55:53			GOOD	8	0.458	0.589					~/bin2	CONVERGED
mp-924130	N	2026-10-03 04:13:00	kr7	K1	CONVERGED	4	0.457563	0.589271	0.0710	197			b695fa65c	
mp-9244	M	2026-04-23 03:07:42			GOOD	8	0.967	1.980					~/bin2	CONVERGED
mp-9244	N	2026-10-05 03:12:36	kt1	D0	CONVERGED	4	0.964499	1.983845	0.0170	389			989a18637	
mp-9250	M	2026-04-23 03:32:53			GOOD	8	2.139	4.138					~/bin2	CONVERGED
mp-9250	N	2026-10-04 16:55:32	kt1	D2	CONVERGED	5	2.139173	4.117681	0.0080	727			989a18637	
mp-9252	M	2026-04-23 03:42:32			GOOD	8	1.533	2.803					~/bin2	CONVERGED
mp-9252	N	2026-10-05 04:45:25	kt1	D1	CONVERGED	5	1.533240	2.799962	0.0120	1144			989a18637	
mp-9254	M	2026-04-25 14:50:35			GOOD	8	0.911	1.742					~/bin2	CONVERGED
mp-9254	N	2026-10-03 20:24:42	kt1	D0	CONVERGED	4	0.911990	1.744717	0.0120	1718			989a18637	
mp-9273	M	2026-05-10 09:20:40			FAILED	3	0.986	1.478					~/bin2	PROD_TIMEOUT_8h
mp-9273	R	2026-09-30 21:24:42	kt1	W4	CONVERGED	4	0.985786	1.624304		5282			989a18637	
mp-9273	N	2026-10-06 07:45:08	kt1	D0	CONVERGED	4	0.985786	1.624126	0.0290	2084			989a18637	
mp-9274	M	2026-05-10 11:15:18			FAILED	2	1.119	2.101					~/bin2	PROD_TIMEOUT_8h
mp-9274	R	2026-09-30 21:33:37	kt1	W1	CONVERGED	5	1.118788	1.827489		4393			989a18637	
mp-9274	N	2026-10-06 06:53:49	kt1	D2	CONVERGED	5	1.118788	1.827805	0.0070	2833			989a18637	
mp-9295	M	2026-05-10 07:30:56			GOOD	8	1.115	1.807					~/bin2	CONVERGED
mp-9295	N	2026-10-05 13:44:39	kt1	D2	CONVERGED	4	1.115647	1.829611	0.0260	1281			989a18637	
mp-9306	M	2026-04-14 11:19:27			GOOD	10	0.714	1.634					~/bin2	CONVERGED
mp-9306	N	2026-10-04 01:31:25	kr7	K0	CONVERGED	5	0.713894	1.808114	0.0160	779			b695fa65c	
mp-9307	M	2026-04-14 12:30:51			NOTCONV	10	0.462	1.761					~/bin2	MAXITER_NOTCONV
mp-9307	R	2026-10-01 06:00:28	kt1	R1	CONVERGED	5	0.462578	1.535281	0.0160	1157			989a18637	
mp-9307	N	2026-10-04 17:00:16	kr7	K0	CONVERGED	5	0.462578	1.535127	0.0160	948			b695fa65c	
mp-9321	M	2026-04-25 14:50:02			GOOD	10	0.710	2.213					~/bin2	CONVERGED
mp-9321	N	2026-10-03 06:57:03	kt1	D0	CONVERGED	5	0.708688	2.197820	0.0080	1205			989a18637	
mp-9339	M	2026-04-08 03:52:53			UNKNOWN	6							~/bin2	NOGAP_METAL_IN_LDA_TOO
mp-9339	R	2026-09-30 23:25:43	kt1	M2	CONVERGED_METAL	5	0.004431	none	none	400			989a18637	
mp-9339	N	2026-10-03 02:31:45	kt1	D2	CONVERGED_METAL	5	0.004431	none	none	495			989a18637	
mp-935811	M	2026-04-14 13:04:36			GOOD	8	1.228	2.662					~/bin2	CONVERGED
mp-935811	N	2026-10-04 06:40:01	kr7	K1	CONVERGED	5	1.227795	2.699828	0.0150	506			b695fa65c	
mp-9379	M	2026-04-14 14:55:38			UNKNOWN	7	0.139						~/bin2	NOGAP_SMALL_GAP(LDA gap 0.14 eV; possibly semimetal)
mp-9379	R	2026-09-30 23:39:10	kt1	M2	CONVERGED	4	0.139015	0.040954	0.0130	807			989a18637	
mp-9379	N	2026-10-03 02:56:42	kt1	D0	CONVERGED	4	0.139015	0.060801	0.0070	712			989a18637	
mp-938	M	2026-04-04 03:06:20			GOOD	8	0.545	0.662					~/bin2	CONVERGED
mp-938	N	2026-10-03 00:06:09	kr7	K0	CONVERGED	4	0.544329	0.673238	0.0100	277			b695fa65c	
mp-9382	M	2026-04-08 03:45:20			GOOD	8	0.215	1.149					~/bin2	CONVERGED
mp-9382	N	2026-10-03 10:39:11	kr7	K0	CONVERGED	5	0.214634	1.167269	0.0090	439			b695fa65c	
mp-9383	M	2026-04-08 04:14:28			FAILED	7	0.171						~/bin2	NOGAP_GAP_COLLAPSED(LDA gap 0.17 eV, previous QSGW iteration 1.20 eV)
mp-9383	R	2026-09-30 03:12:28	kt1	W3	CONVERGED	5	0.170895	1.198651		385			989a18637	
mp-9383	N	2026-10-04 12:55:29	kr7	K0	CONVERGED	5	0.170895	1.198540	0.0100	468			b695fa65c	
mp-9384	M	2026-04-23 04:06:37			GOOD	8	2.030	3.441					~/bin2	CONVERGED
mp-9384	N	2026-10-05 04:27:44	kt1	D3	CONVERGED	5	2.029152	3.431483	0.0140	805			989a18637	
mp-9385	M	2026-04-23 04:16:56			GOOD	8	1.476	2.675					~/bin2	CONVERGED
mp-9385	N	2026-10-03 07:38:53	kt1	D2	CONVERGED	5	1.475564	2.672374	0.0090	882			989a18637	
mp-9386	M	2026-04-23 04:41:51			GOOD	9	1.940	3.318					~/bin2	CONVERGED
mp-9386	N	2026-10-04 11:43:07	kt1	D1	CONVERGED	5	1.938536	3.240260	0.0140	1607			989a18637	
mp-9437	M	2026-04-04 10:57:56			GOOD	8	0.511	0.803					~/bin2	CONVERGED
mp-9437	N	2026-10-03 05:32:04	kr7	K0	CONVERGED	4	0.510608	0.803201	0.0330	201			b695fa65c	
mp-947	M	2026-04-23 04:37:20			GOOD	8	2.001	3.200					~/bin2	CONVERGED
mp-947	N	2026-10-05 02:50:27	kt1	D2	CONVERGED	5	2.000805	3.247376	0.0110	872			989a18637	
mp-9479	M	2026-04-25 15:42:39			GOOD	8	0.865	2.765					~/bin2	CONVERGED
mp-9479	N	2026-10-04 15:26:50	kt1	D0	CONVERGED	5	0.867372	2.764859	0.0140	2703			989a18637	
mp-9479	E	2026-10-07 10:55:03	kt1es	G2	CONVERGED	5	0.867634	2.699923	0.0130	3110	1	es-c	0601771b4	
mp-9486	M	2026-05-08 22:56:50			GOOD	10	6.419	11.087					~/bin2	CONVERGED
mp-9486	N	2026-10-05 20:54:02	kt1	D1	CONVERGED	6	6.419893	11.192548	none	773			989a18637	
mp-9486	E	2026-10-07 03:02:02	kt1es	G1	CONVERGED	6	6.419683	11.120964	none	1264	1	es-c	0601771b4	
mp-9490	M	2026-05-09 18:28:01			GOOD	9	0.382	1.822					~/bin2	CONVERGED
mp-9490	N	2026-10-05 01:16:14	kt1	D0	CONVERGED	6	0.382353	1.808427	0.0030	1960			989a18637	
mp-9514	M	2026-04-14 15:32:36			GOOD	8	1.767	2.573					~/bin2	CONVERGED
mp-9514	N	2026-10-04 07:47:32	kr7	K1	CONVERGED	4	1.764675	2.584871	0.0140	415			b695fa65c	
mp-9517	M	2026-05-09 03:43:48			GOOD	8	0.695	2.045					~/bin2	CONVERGED
mp-9517	N	2026-10-04 21:03:23	kt1	D2	CONVERGED	5	0.695150	2.056657	0.0130	700			989a18637	
mp-9519	M	2026-04-04 11:06:48			GOOD	8	3.592	6.775					~/bin2	CONVERGED
mp-9519	N	2026-10-03 04:19:58	kr7	K1	CONVERGED	6	3.592324	6.815649	0.0020	418			b695fa65c	
mp-9562	M	2026-04-23 04:52:20			GOOD	8	0.949	1.770					~/bin2	CONVERGED
mp-9562	N	2026-10-05 11:40:10	kt1	D0	CONVERGED	4	0.950190	1.779863	0.0130	428			989a18637	
mp-9564	M	2026-04-14 16:34:11			GOOD	8	1.162	2.251					~/bin2	CONVERGED
mp-9564	N	2026-10-04 02:49:42	kr7	K1	CONVERGED	5	1.162416	2.240124	0.0080	648			b695fa65c	
mp-9565	M	2026-04-14 17:58:23			GOOD	8	0.758	1.625					~/bin2	CONVERGED
mp-9565	N	2026-10-03 20:54:05	kr7	K0	CONVERGED	5	0.757925	1.637587	0.0170	916			b695fa65c	
mp-9565	E	2026-10-05 19:06:21	kr7es	F1	CONVERGED	5	0.758028	1.661693	0.0050	1534	1	es-a	614ab5eb8	
mp-9566	M	2026-04-14 19:29:06			GOOD	8	0.933	1.773					~/bin2	CONVERGED
mp-9566	N	2026-10-04 03:43:58	kr7	K1	CONVERGED	5	0.933032	1.762031	0.0120	957			b695fa65c	
mp-9566	E	2026-10-05 19:22:33	kr7es	F0	CONVERGED	5	0.932719	1.787257	0.0070	1357	1	es-a	614ab5eb8	
mp-9567	M	2026-04-14 21:06:50			GOOD	8	0.831	1.672					~/bin2	CONVERGED
mp-9567	N	2026-10-04 07:37:20	kr7	K0	CONVERGED	5	0.833202	1.667867	0.0080	771			b695fa65c	
mp-9567	E	2026-10-05 19:27:49	kr7es	F1	CONVERGED	5	0.833195	1.692621	0.0050	1288	1	es-a	614ab5eb8	
mp-9569	M	2026-04-14 22:10:34			GOOD	8	0.707	1.693					~/bin2	CONVERGED
mp-9569	N	2026-10-04 01:52:25	kr7	K1	CONVERGED	5	0.706135	1.693591	0.0020	647			b695fa65c	
mp-9570	M	2026-04-14 23:18:21			GOOD	8	0.664	1.504					~/bin2	CONVERGED
mp-9570	N	2026-10-03 22:40:04	kr7	K0	CONVERGED	5	0.663366	1.505858	0.0100	663			b695fa65c	
mp-9571	M	2026-04-15 00:26:41			GOOD	8	0.292	1.396					~/bin2	CONVERGED
mp-9571	N	2026-10-04 09:23:29	kr7	K1	CONVERGED	5	0.291808	1.391369	0.0060	761			b695fa65c	
mp-9573	M	2026-04-23 04:56:25			GOOD	8	1.243	2.288					~/bin2	CONVERGED
mp-9573	N	2026-10-04 19:42:14	kt1	D1	CONVERGED	5	1.242736	2.296969	0.0110	477			989a18637	
mp-9574	M	2026-04-23 05:14:30			GOOD	8	0.907	1.753					~/bin2	CONVERGED
mp-9574	N	2026-10-05 08:34:15	kt1	D2	CONVERGED	5	0.903962	1.755349	0.0070	1246			989a18637	
mp-9575	M	2026-04-23 05:13:36			GOOD	8	0.951	1.417					~/bin2	CONVERGED
mp-9575	N	2026-10-04 11:52:53	kt1	D1	CONVERGED	4	0.951443	1.417069	0.0110	586			989a18637	
mp-9579	M	2026-05-10 01:15:59			GOOD	8	0.430	1.404					~/bin2	CONVERGED
mp-9579	N	2026-10-05 15:53:46	kt1	D0	CONVERGED	5	0.429462	1.400410	0.0070	1157			989a18637	
mp-9580	M	2026-05-10 03:14:42			GOOD	8	0.433	1.356					~/bin2	CONVERGED
mp-9580	N	2026-10-05 17:44:59	kt1	D3	CONVERGED	5	0.432877	1.357429	0.0050	2119			989a18637	
mp-9583	M	2026-04-25 15:15:33			FAILED	7	4.234						~/bin2	NOGAP_GAP_COLLAPSED(LDA gap 4.23 eV, previous QSGW iteration 8.84 eV)
mp-9583	R	2026-09-30 05:44:04	kt1	W4	CONVERGED	6	4.233235	8.862448		1292			989a18637	
mp-9583	N	2026-10-06 00:30:03	kt1	D2	CONVERGED	6	4.233235	8.862926	0.0020	628			989a18637	
mp-9610	M	2026-04-15 00:58:28			GOOD	9	3.376	5.858					~/bin2	CONVERGED
mp-9610	N	2026-10-03 02:50:49	kt1	D3	CONVERGED	5	3.372506	5.761124	0.0070	250			989a18637	
mp-9610	E	2026-10-05 19:34:57	kr7es	F0	CONVERGED	5	3.372506	5.760794	0.0070	744	0	es-a	614ab5eb8	
mp-9631	M	2026-05-09 03:57:58			GOOD	8	1.549	3.216					~/bin2	CONVERGED
mp-9631	N	2026-10-05 19:05:36	kt1	D3	CONVERGED	5	1.548513	3.321051	0.0170	1229			989a18637	
mp-9636	M	2026-05-09 08:42:28			GOOD	10	5.229	9.522					~/bin2	CONVERGED
mp-9636	R	2026-10-01 02:53:06	kt1	R4	CONVERGED	6	5.227938	10.198779	none	1250			989a18637	
mp-9636	N	2026-10-03 06:09:58	kt1	D0	CONVERGED	6	5.227938	10.198662	none	912			989a18637	
mp-9687	M	2026-05-09 20:05:48			FAILED	4	0.807	1.815					~/bin2	PROD_TIMEOUT_8h
mp-9687	R	2026-09-30 21:55:33	kt1	W2	CONVERGED	5	0.806899	1.812703		3916			989a18637	
mp-9687	N	2026-10-06 06:06:36	kt1	D2	CONVERGED	5	0.806899	1.812693	0.0140	2152			989a18637	
mp-971	M	2026-04-04 11:04:00			GOOD	4	1.737	3.836					~/bin2	CONVERGED
mp-971	N	2026-10-03 05:20:04	kr7	K1	CONVERGED	6	1.737155	3.983928	0.0070	255			b695fa65c	
mp-972937	M	2026-05-08 23:26:18			GOOD	8	0.280	1.538					~/bin2	CONVERGED
mp-972937	N	2026-10-05 09:06:10	kt1	D0	CONVERGED	5	0.279900	1.575069	0.0250	1360			989a18637	
mp-9731	M	2026-04-23 06:10:55			GOOD	8	1.607	3.327					~/bin2	CONVERGED
mp-9731	N	2026-10-04 07:46:44	kt1	D0	CONVERGED	5	1.608157	3.311907	0.0090	1564			989a18637	
mp-973185	M	2026-04-08 04:17:28			GOOD	10	2.129	3.516					~/bin2	CONVERGED
mp-973185	N	2026-10-03 01:04:21	kt1	D2	CONVERGED	6	2.128104	4.040191	0.0070	475			989a18637	
mp-975140	M	2026-05-09 16:16:00			GOOD	8	0.013	1.180					~/bin2	CONVERGED
mp-975140	N	2026-10-05 02:46:41	kt1	D1	CONVERGED	5	0.013139	1.180257	0.0070	1275			989a18637	
mp-976876	M	2026-04-15 02:01:28			GOOD	8	0.893	2.120					~/bin2	CONVERGED
mp-976876	N	2026-10-03 19:45:12	kr7	K1	CONVERGED	5	0.891914	2.144596	0.0170	502			b695fa65c	
mp-9774	M	2026-04-25 16:28:09			GOOD	10	0.617	1.708					~/bin2	CONVERGED
mp-9774	N	2026-10-04 12:23:31	kt1	D3	CONVERGED	5	0.617518	1.622611	0.0070	2189			989a18637	
mp-9778	M	2026-05-09 12:01:42			FAILED	4	1.100	2.205					~/bin2	PROD_TIMEOUT_8h
mp-9778	R	2026-09-30 22:06:59	kt1	W3	CONVERGED	5	1.100432	2.187619		4407			989a18637	
mp-9778	N	2026-10-06 06:49:05	kt1	D1	CONVERGED	5	1.100432	2.187745	0.0120	2492			989a18637	
mp-978847	M	2026-04-08 04:52:05			GOOD	8	0.290	1.128					~/bin2	CONVERGED
mp-978847	N	2026-10-03 11:27:46	kr7	K1	CONVERGED	5	0.290191	1.130108	0.0040	627			b695fa65c	
mp-9791	M	2026-04-25 16:40:26			GOOD	8	0.959	1.792					~/bin2	CONVERGED
mp-9791	N	2026-10-03 16:11:01	kt1	D1	CONVERGED	5	0.958518	1.787865	0.0060	1610			989a18637	
mp-980057	M	2026-04-08 04:53:06			GOOD	8	0.640	1.440					~/bin2	CONVERGED
mp-980057	N	2026-10-03 12:35:31	kr7	K0	CONVERGED	5	0.639330	1.391180	0.0050	430			b695fa65c	
mp-981	M	2026-04-04 11:09:09			GOOD	9	6.727	10.638					~/bin2	CONVERGED
mp-981	N	2026-10-03 05:05:12	kr7	K0	CONVERGED	6	6.727005	10.817269	none	196			b695fa65c	
mp-9813	M	2026-04-04 11:18:54			NOTCONV	10	1.314	1.322					~/bin2	MAXITER_NOTCONV
mp-9813	R	2026-10-01 03:18:28	kt1	R2	CONVERGED	4	1.314100	1.999899	0.0090	247			989a18637	
mp-9813	N	2026-10-03 01:25:51	kr7	K1	CONVERGED	4	1.314100	1.999928	0.0090	376			b695fa65c	
mp-9816	M	2026-04-15 02:39:53			NOTCONV	10	5.104	10.639					~/bin2	MAXITER_NOTCONV
mp-9816	R	2026-10-01 06:01:03	kt1	R4	CONVERGED	6	5.105805	10.539022	none	919			989a18637	
mp-9816	N	2026-10-04 16:07:14	kr7	K1	CONVERGED	6	5.105805	10.539598	none	314			b695fa65c	
mp-9816	E	2026-10-06 16:51:11	kt1es	G3	CONVERGED	6	5.106296	10.433157	2.3080	399	3	es-c	0601771b4	
mp-9819	M	2026-05-09 00:01:24			GOOD	9	5.423	10.532					~/bin2	CONVERGED
mp-9819	N	2026-10-04 22:23:27	kt1	D2	CONVERGED	6	5.423983	10.798534	none	664			989a18637	
mp-9820	M	2026-05-09 02:04:38			GOOD	10	5.544	10.661					~/bin2	CONVERGED
mp-9820	N	2026-10-05 18:46:17	kt1	D1	CONVERGED	6	5.544082	10.874690	none	795			989a18637	
mp-9821	M	2026-05-09 03:09:09			NOTCONV	10	5.106	10.059					~/bin2	MAXITER_NOTCONV
mp-9821	R	2026-10-01 16:20:46	kt1	R2	CONVERGED	6	5.106297	10.107447	none	851			989a18637	
mp-9821	N	2026-10-05 23:07:30	kt1	D2	CONVERGED	6	5.106297	10.107653	none	730			989a18637	
mp-983565	M	2026-05-09 15:52:47			GOOD	8	1.409	2.271					~/bin2	CONVERGED
mp-983565	N	2026-10-04 04:21:34	kt1	D1	CONVERGED	5	1.408670	2.286052	0.0090	1028			989a18637	
mp-984	M	2026-04-08 05:04:51			GOOD	8	4.328	6.543					~/bin2	CONVERGED
mp-984	N	2026-10-03 15:16:34	kr7	K0	CONVERGED	5	4.325987	6.564265	0.0200	190			b695fa65c	
mp-984	E	2026-10-05 15:24:19	kr7es	F0	FAIL(1)	0	4.323357	none	none	11	2	es-a	614ab5eb8	
mp-984	E	2026-10-06 12:56:39	kt1es	G2	CONVERGED	5	4.321449	6.436482	0.0140	1123	2	es-b	0601771b4	
mp-9845	M	2026-04-23 06:05:13			GOOD	9	1.137	2.437					~/bin2	CONVERGED
mp-9845	N	2026-10-03 04:31:47	kt1	D2	CONVERGED	5	1.136493	2.424723	0.0090	1145			989a18637	
mp-9846	M	2026-04-23 07:19:12			GOOD	8	1.333	2.576					~/bin2	CONVERGED
mp-9846	N	2026-10-04 00:16:30	kt1	D0	CONVERGED	5	1.333390	2.547609	0.0300	2284			989a18637	
mp-985829	M	2026-04-04 11:20:35			GOOD	8	0.982	2.471					~/bin2	CONVERGED
mp-985829	N	2026-10-03 04:45:36	kr7	K1	CONVERGED	5	0.982832	2.454799	0.0050	330			b695fa65c	
mp-985831	M	2026-04-04 11:30:20			GOOD	8	0.390	1.604					~/bin2	CONVERGED
mp-985831	N	2026-10-03 03:58:29	kr7	K0	CONVERGED	5	0.389501	1.618211	0.0030	340			b695fa65c	
mp-9872	M	2026-04-25 17:12:55			NOTCONV	10	0.949	1.652					~/bin2	MAXITER_NOTCONV
mp-9872	R	2026-10-01 09:57:09	kt1	R1	CONVERGED	5	0.952354	2.252272	0.0120	1889			989a18637	
mp-9872	N	2026-10-06 01:48:42	kt1	D0	CONVERGED	5	0.952354	2.252059	0.0120	1182			989a18637	
mp-9872	E	2026-10-07 10:08:51	kt1es	G3	FAIL(1)	0	none	none	none	69	1	es-c	0601771b4	
mp-9872	E	2026-10-07 14:39:00	kt1es	G1	CONVERGED	5	0.952363	2.239803	0.0130	1463	1	es-c	0601771b4	
mp-9881	M	2026-04-23 07:01:17			GOOD	8	1.706	3.383					~/bin2	CONVERGED
mp-9881	N	2026-10-05 06:17:28	kt1	D0	CONVERGED	5	1.706562	3.362136	0.0160	1153			989a18637	
mp-9889	M	2026-04-08 05:30:28			NOTCONV	10	1.440	2.795					~/bin2	MAXITER_NOTCONV
mp-9889	R	2026-10-01 04:33:27	kt1	R1	CONVERGED	5	1.439901	2.980352	0.0160	845			989a18637	
mp-9889	N	2026-10-04 14:48:26	kr7	K0	CONVERGED	5	1.439901	2.980516	0.0160	864			b695fa65c	
mp-9899	M	2026-04-23 07:27:32			GOOD	8	0.057	0.804					~/bin2	CONVERGED
mp-9899	N	2026-10-04 16:16:19	kt1	D1	CONVERGED	5	0.059275	0.812081	0.0060	847			989a18637	
mp-9911	M	2026-05-09 09:05:15			GOOD	9	1.997	4.171					~/bin2	CONVERGED
mp-9911	N	2026-10-03 13:49:39	kt1	D3	CONVERGED	5	1.996442	4.171553	0.0090	1334			989a18637	
mp-9915	M	2026-04-23 07:33:37			GOOD	8	1.070	2.004					~/bin2	CONVERGED
mp-9915	N	2026-10-04 22:28:50	kt1	D2	CONVERGED	4	1.068542	2.006923	0.0180	323			989a18637	
mp-991652	M	2026-05-09 23:38:40			GOOD	8	0.526	1.135					~/bin2	CONVERGED
mp-991652	N	2026-10-05 06:48:01	kt1	D2	CONVERGED	4	0.526741	1.112143	0.0410	858			989a18637	
mp-991676	M	2026-05-10 01:39:39			GOOD	8	0.924	1.575					~/bin2	CONVERGED
mp-991676	N	2026-10-05 17:53:09	kt1	D2	CONVERGED	4	0.923244	1.573126	0.0250	1119			989a18637	
mp-9919	M	2026-04-23 07:53:29			GOOD	8	0.352	1.028					~/bin2	CONVERGED
mp-9919	N	2026-10-04 22:19:47	kt1	D0	CONVERGED	4	0.351813	1.029396	0.0150	551			989a18637	
mp-9920	M	2026-05-09 02:52:03			GOOD	8	0.108	1.145					~/bin2	CONVERGED
mp-9920	N	2026-10-05 20:05:08	kt1	D2	CONVERGED	5	0.108020	1.108717	0.0080	1958			989a18637	
mp-9921	M	2026-05-09 11:05:32			GOOD	8	1.030	2.410					~/bin2	CONVERGED
mp-9921	N	2026-10-03 06:34:13	kt1	D3	CONVERGED	5	1.029533	2.329080	0.0110	1729			989a18637	
mp-9922	M	2026-05-09 19:10:29			FAILED	4	0.875	2.259					~/bin2	PROD_TIMEOUT_8h
mp-9922	R	2026-09-30 22:23:07	kt1	W4	CONVERGED	5	0.875094	2.295576		3505			989a18637	
mp-9922	N	2026-10-06 05:30:44	kt1	D2	CONVERGED	5	0.875094	2.295749	0.0040	2407			989a18637	
mp-9984	M	2026-04-23 08:03:12			GOOD	8	1.219	2.649					~/bin2	CONVERGED
mp-9984	N	2026-10-04 20:17:41	kt1	D3	CONVERGED	5	1.219332	2.644196	0.0090	1145			989a18637	
mp-999135	M	2026-04-08 05:26:22			GOOD	9	0.409	1.020					~/bin2	CONVERGED
mp-999135	N	2026-10-03 16:16:41	kr7	K1	CONVERGED	4	0.409284	0.909400	0.2640	398			b695fa65c	
mp-999265	M	2026-04-08 06:09:05			GOOD	10	2.130	3.569					~/bin2	CONVERGED
mp-999265	N	2026-10-03 01:32:22	kt1	D1	CONVERGED	5	2.132511	3.933675	0.0110	612			989a18637	
mp-999448	M	2026-04-08 06:08:45			GOOD	9	1.706	3.107					~/bin2	CONVERGED
mp-999448	N	2026-10-03 02:31:05	kt1	D3	CONVERGED	5	1.706525	3.214541	0.0110	376			989a18637	
mp-999460	M	2026-04-08 06:42:23			NOTCONV	10	1.507	2.890					~/bin2	MAXITER_NOTCONV
mp-999460	R	2026-10-01 04:30:00	kt1	R4	CONVERGED	6	1.508017	3.412194	0.0020	604			989a18637	
mp-999460	N	2026-10-04 14:25:42	kr7	K1	CONVERGED	6	1.508017	3.412338	0.0020	698			b695fa65c	
